source,identifier,reason,detail
bse_all,710057,out_of_scope_segment,PreferenceShares
bse_all,715004,out_of_scope_segment,PreferenceShares
bse_all,715005,out_of_scope_segment,PreferenceShares
bse_all,715006,out_of_scope_segment,PreferenceShares
bse_all,715015,out_of_scope_segment,PreferenceShares
bse_all,715016,out_of_scope_segment,PreferenceShares
bse_all,715017,out_of_scope_segment,PreferenceShares
bse_all,715018,out_of_scope_segment,PreferenceShares
bse_all,715019,out_of_scope_segment,PreferenceShares
bse_all,715020,out_of_scope_segment,PreferenceShares
bse_all,715021,out_of_scope_segment,PreferenceShares
bse_all,715024,out_of_scope_segment,PreferenceShares
bse_all,718102,out_of_scope_segment,Commercial Papers
bse_all,730195,out_of_scope_segment,Commercial Papers
bse_all,730249,out_of_scope_segment,Commercial Papers
bse_all,730264,out_of_scope_segment,Commercial Papers
bse_all,730297,out_of_scope_segment,Commercial Papers
bse_all,730366,out_of_scope_segment,Commercial Papers
bse_all,730420,out_of_scope_segment,Commercial Papers
bse_all,730424,out_of_scope_segment,Commercial Papers
bse_all,730478,out_of_scope_segment,Commercial Papers
bse_all,730479,out_of_scope_segment,Commercial Papers
bse_all,730481,out_of_scope_segment,Commercial Papers
bse_all,730482,out_of_scope_segment,Commercial Papers
bse_all,730483,out_of_scope_segment,Commercial Papers
bse_all,730486,out_of_scope_segment,Commercial Papers
bse_all,730501,out_of_scope_segment,Commercial Papers
bse_all,730503,out_of_scope_segment,Commercial Papers
bse_all,730511,out_of_scope_segment,Commercial Papers
bse_all,730512,out_of_scope_segment,Commercial Papers
bse_all,730514,out_of_scope_segment,Commercial Papers
bse_all,730534,out_of_scope_segment,Commercial Papers
bse_all,730536,out_of_scope_segment,Commercial Papers
bse_all,730547,out_of_scope_segment,Commercial Papers
bse_all,730548,out_of_scope_segment,Commercial Papers
bse_all,730557,out_of_scope_segment,Commercial Papers
bse_all,730568,out_of_scope_segment,Commercial Papers
bse_all,730600,out_of_scope_segment,Commercial Papers
bse_all,730601,out_of_scope_segment,Commercial Papers
bse_all,730612,out_of_scope_segment,Commercial Papers
bse_all,730616,out_of_scope_segment,Commercial Papers
bse_all,730623,out_of_scope_segment,Commercial Papers
bse_all,730634,out_of_scope_segment,Commercial Papers
bse_all,730635,out_of_scope_segment,Commercial Papers
bse_all,730662,out_of_scope_segment,Commercial Papers
bse_all,730679,out_of_scope_segment,Commercial Papers
bse_all,730692,out_of_scope_segment,Commercial Papers
bse_all,730695,out_of_scope_segment,Commercial Papers
bse_all,730701,out_of_scope_segment,Commercial Papers
bse_all,730706,out_of_scope_segment,Commercial Papers
bse_all,730738,out_of_scope_segment,Commercial Papers
bse_all,730739,out_of_scope_segment,Commercial Papers
bse_all,730753,out_of_scope_segment,Commercial Papers
bse_all,730758,out_of_scope_segment,Commercial Papers
bse_all,730772,out_of_scope_segment,Commercial Papers
bse_all,730777,out_of_scope_segment,Commercial Papers
bse_all,730797,out_of_scope_segment,Commercial Papers
bse_all,730812,out_of_scope_segment,Commercial Papers
bse_all,730827,out_of_scope_segment,Commercial Papers
bse_all,730883,out_of_scope_segment,Commercial Papers
bse_all,730886,out_of_scope_segment,Commercial Papers
bse_all,730887,out_of_scope_segment,Commercial Papers
bse_all,730894,out_of_scope_segment,Commercial Papers
bse_all,730895,out_of_scope_segment,Commercial Papers
bse_all,730904,out_of_scope_segment,Commercial Papers
bse_all,730905,out_of_scope_segment,Commercial Papers
bse_all,730906,out_of_scope_segment,Commercial Papers
bse_all,730924,out_of_scope_segment,Commercial Papers
bse_all,730925,out_of_scope_segment,Commercial Papers
bse_all,730932,out_of_scope_segment,Commercial Papers
bse_all,730937,out_of_scope_segment,Commercial Papers
bse_all,730939,out_of_scope_segment,Commercial Papers
bse_all,730940,out_of_scope_segment,Commercial Papers
bse_all,730941,out_of_scope_segment,Commercial Papers
bse_all,730942,out_of_scope_segment,Commercial Papers
bse_all,730944,out_of_scope_segment,Commercial Papers
bse_all,730947,out_of_scope_segment,Commercial Papers
bse_all,730948,out_of_scope_segment,Commercial Papers
bse_all,730949,out_of_scope_segment,Commercial Papers
bse_all,730956,out_of_scope_segment,Commercial Papers
bse_all,730957,out_of_scope_segment,Commercial Papers
bse_all,730958,out_of_scope_segment,Commercial Papers
bse_all,730961,out_of_scope_segment,Commercial Papers
bse_all,730962,out_of_scope_segment,Commercial Papers
bse_all,730965,out_of_scope_segment,Commercial Papers
bse_all,730968,out_of_scope_segment,Commercial Papers
bse_all,730970,out_of_scope_segment,Commercial Papers
bse_all,730971,out_of_scope_segment,Commercial Papers
bse_all,730973,out_of_scope_segment,Commercial Papers
bse_all,730976,out_of_scope_segment,Commercial Papers
bse_all,730978,out_of_scope_segment,Commercial Papers
bse_all,730979,out_of_scope_segment,Commercial Papers
bse_all,730983,out_of_scope_segment,Commercial Papers
bse_all,730988,out_of_scope_segment,Commercial Papers
bse_all,730991,out_of_scope_segment,Commercial Papers
bse_all,730997,out_of_scope_segment,Commercial Papers
bse_all,731000,out_of_scope_segment,Commercial Papers
bse_all,731005,out_of_scope_segment,Commercial Papers
bse_all,731006,out_of_scope_segment,Commercial Papers
bse_all,731009,out_of_scope_segment,Commercial Papers
bse_all,731012,out_of_scope_segment,Commercial Papers
bse_all,731013,out_of_scope_segment,Commercial Papers
bse_all,731015,out_of_scope_segment,Commercial Papers
bse_all,731018,out_of_scope_segment,Commercial Papers
bse_all,731020,out_of_scope_segment,Commercial Papers
bse_all,731021,out_of_scope_segment,Commercial Papers
bse_all,731022,out_of_scope_segment,Commercial Papers
bse_all,731025,out_of_scope_segment,Commercial Papers
bse_all,731026,out_of_scope_segment,Commercial Papers
bse_all,731036,out_of_scope_segment,Commercial Papers
bse_all,731038,out_of_scope_segment,Commercial Papers
bse_all,731039,out_of_scope_segment,Commercial Papers
bse_all,731042,out_of_scope_segment,Commercial Papers
bse_all,731043,out_of_scope_segment,Commercial Papers
bse_all,731045,out_of_scope_segment,Commercial Papers
bse_all,731051,out_of_scope_segment,Commercial Papers
bse_all,731055,out_of_scope_segment,Commercial Papers
bse_all,731056,out_of_scope_segment,Commercial Papers
bse_all,731057,out_of_scope_segment,Commercial Papers
bse_all,731064,out_of_scope_segment,Commercial Papers
bse_all,731068,out_of_scope_segment,Commercial Papers
bse_all,731070,out_of_scope_segment,Commercial Papers
bse_all,731075,out_of_scope_segment,Commercial Papers
bse_all,731078,out_of_scope_segment,Commercial Papers
bse_all,731091,out_of_scope_segment,Commercial Papers
bse_all,731097,out_of_scope_segment,Commercial Papers
bse_all,731107,out_of_scope_segment,Commercial Papers
bse_all,731110,out_of_scope_segment,Commercial Papers
bse_all,731131,out_of_scope_segment,Commercial Papers
bse_all,731137,out_of_scope_segment,Commercial Papers
bse_all,731138,out_of_scope_segment,Commercial Papers
bse_all,731142,out_of_scope_segment,Commercial Papers
bse_all,731146,out_of_scope_segment,Commercial Papers
bse_all,731149,out_of_scope_segment,Commercial Papers
bse_all,731156,out_of_scope_segment,Commercial Papers
bse_all,731162,out_of_scope_segment,Commercial Papers
bse_all,731164,out_of_scope_segment,Commercial Papers
bse_all,731167,out_of_scope_segment,Commercial Papers
bse_all,731168,out_of_scope_segment,Commercial Papers
bse_all,731175,out_of_scope_segment,Commercial Papers
bse_all,731177,out_of_scope_segment,Commercial Papers
bse_all,731179,out_of_scope_segment,Commercial Papers
bse_all,731181,out_of_scope_segment,Commercial Papers
bse_all,731187,out_of_scope_segment,Commercial Papers
bse_all,731190,out_of_scope_segment,Commercial Papers
bse_all,731193,out_of_scope_segment,Commercial Papers
bse_all,731194,out_of_scope_segment,Commercial Papers
bse_all,731198,out_of_scope_segment,Commercial Papers
bse_all,731200,out_of_scope_segment,Commercial Papers
bse_all,731201,out_of_scope_segment,Commercial Papers
bse_all,731206,out_of_scope_segment,Commercial Papers
bse_all,731212,out_of_scope_segment,Commercial Papers
bse_all,731216,out_of_scope_segment,Commercial Papers
bse_all,731223,out_of_scope_segment,Commercial Papers
bse_all,731224,out_of_scope_segment,Commercial Papers
bse_all,731228,out_of_scope_segment,Commercial Papers
bse_all,731230,out_of_scope_segment,Commercial Papers
bse_all,731232,out_of_scope_segment,Commercial Papers
bse_all,731236,out_of_scope_segment,Commercial Papers
bse_all,731237,out_of_scope_segment,Commercial Papers
bse_all,731242,out_of_scope_segment,Commercial Papers
bse_all,731258,out_of_scope_segment,Commercial Papers
bse_all,731259,out_of_scope_segment,Commercial Papers
bse_all,731261,out_of_scope_segment,Commercial Papers
bse_all,731265,out_of_scope_segment,Commercial Papers
bse_all,731272,out_of_scope_segment,Commercial Papers
bse_all,731275,out_of_scope_segment,Commercial Papers
bse_all,731277,out_of_scope_segment,Commercial Papers
bse_all,731278,out_of_scope_segment,Commercial Papers
bse_all,731285,out_of_scope_segment,Commercial Papers
bse_all,731287,out_of_scope_segment,Commercial Papers
bse_all,731299,out_of_scope_segment,Commercial Papers
bse_all,731301,out_of_scope_segment,Commercial Papers
bse_all,731305,out_of_scope_segment,Commercial Papers
bse_all,731306,out_of_scope_segment,Commercial Papers
bse_all,731310,out_of_scope_segment,Commercial Papers
bse_all,731312,out_of_scope_segment,Commercial Papers
bse_all,731313,out_of_scope_segment,Commercial Papers
bse_all,731320,out_of_scope_segment,Commercial Papers
bse_all,731322,out_of_scope_segment,Commercial Papers
bse_all,731325,out_of_scope_segment,Commercial Papers
bse_all,731327,out_of_scope_segment,Commercial Papers
bse_all,731332,out_of_scope_segment,Commercial Papers
bse_all,731343,out_of_scope_segment,Commercial Papers
bse_all,731347,out_of_scope_segment,Commercial Papers
bse_all,731351,out_of_scope_segment,Commercial Papers
bse_all,731353,out_of_scope_segment,Commercial Papers
bse_all,731354,out_of_scope_segment,Commercial Papers
bse_all,731356,out_of_scope_segment,Commercial Papers
bse_all,731361,out_of_scope_segment,Commercial Papers
bse_all,731362,out_of_scope_segment,Commercial Papers
bse_all,731363,out_of_scope_segment,Commercial Papers
bse_all,731371,out_of_scope_segment,Commercial Papers
bse_all,731377,out_of_scope_segment,Commercial Papers
bse_all,731379,out_of_scope_segment,Commercial Papers
bse_all,731386,out_of_scope_segment,Commercial Papers
bse_all,731390,out_of_scope_segment,Commercial Papers
bse_all,731391,out_of_scope_segment,Commercial Papers
bse_all,731402,out_of_scope_segment,Commercial Papers
bse_all,731406,out_of_scope_segment,Commercial Papers
bse_all,731407,out_of_scope_segment,Commercial Papers
bse_all,731408,out_of_scope_segment,Commercial Papers
bse_all,731414,out_of_scope_segment,Commercial Papers
bse_all,731418,out_of_scope_segment,Commercial Papers
bse_all,731421,out_of_scope_segment,Commercial Papers
bse_all,731423,out_of_scope_segment,Commercial Papers
bse_all,731424,out_of_scope_segment,Commercial Papers
bse_all,731425,out_of_scope_segment,Commercial Papers
bse_all,731427,out_of_scope_segment,Commercial Papers
bse_all,731428,out_of_scope_segment,Commercial Papers
bse_all,731429,out_of_scope_segment,Commercial Papers
bse_all,731432,out_of_scope_segment,Commercial Papers
bse_all,731433,out_of_scope_segment,Commercial Papers
bse_all,731434,out_of_scope_segment,Commercial Papers
bse_all,731442,out_of_scope_segment,Commercial Papers
bse_all,731443,out_of_scope_segment,Commercial Papers
bse_all,731444,out_of_scope_segment,Commercial Papers
bse_all,731451,out_of_scope_segment,Commercial Papers
bse_all,731454,out_of_scope_segment,Commercial Papers
bse_all,731455,out_of_scope_segment,Commercial Papers
bse_all,731458,out_of_scope_segment,Commercial Papers
bse_all,731459,out_of_scope_segment,Commercial Papers
bse_all,731464,out_of_scope_segment,Commercial Papers
bse_all,731468,out_of_scope_segment,Commercial Papers
bse_all,731469,out_of_scope_segment,Commercial Papers
bse_all,731475,out_of_scope_segment,Commercial Papers
bse_all,731479,out_of_scope_segment,Commercial Papers
bse_all,731480,out_of_scope_segment,Commercial Papers
bse_all,731483,out_of_scope_segment,Commercial Papers
bse_all,731494,out_of_scope_segment,Commercial Papers
bse_all,731496,out_of_scope_segment,Commercial Papers
bse_all,731500,out_of_scope_segment,Commercial Papers
bse_all,731509,out_of_scope_segment,Commercial Papers
bse_all,731512,out_of_scope_segment,Commercial Papers
bse_all,731514,out_of_scope_segment,Commercial Papers
bse_all,731524,out_of_scope_segment,Commercial Papers
bse_all,731527,out_of_scope_segment,Commercial Papers
bse_all,731532,out_of_scope_segment,Commercial Papers
bse_all,731534,out_of_scope_segment,Commercial Papers
bse_all,731538,out_of_scope_segment,Commercial Papers
bse_all,731541,out_of_scope_segment,Commercial Papers
bse_all,731543,out_of_scope_segment,Commercial Papers
bse_all,731544,out_of_scope_segment,Commercial Papers
bse_all,731545,out_of_scope_segment,Commercial Papers
bse_all,731547,out_of_scope_segment,Commercial Papers
bse_all,731549,out_of_scope_segment,Commercial Papers
bse_all,731550,out_of_scope_segment,Commercial Papers
bse_all,731552,out_of_scope_segment,Commercial Papers
bse_all,731554,out_of_scope_segment,Commercial Papers
bse_all,731558,out_of_scope_segment,Commercial Papers
bse_all,731560,out_of_scope_segment,Commercial Papers
bse_all,731563,out_of_scope_segment,Commercial Papers
bse_all,731567,out_of_scope_segment,Commercial Papers
bse_all,731576,out_of_scope_segment,Commercial Papers
bse_all,731577,out_of_scope_segment,Commercial Papers
bse_all,731580,out_of_scope_segment,Commercial Papers
bse_all,731581,out_of_scope_segment,Commercial Papers
bse_all,731584,out_of_scope_segment,Commercial Papers
bse_all,731586,out_of_scope_segment,Commercial Papers
bse_all,731593,out_of_scope_segment,Commercial Papers
bse_all,731594,out_of_scope_segment,Commercial Papers
bse_all,731595,out_of_scope_segment,Commercial Papers
bse_all,731600,out_of_scope_segment,Commercial Papers
bse_all,731604,out_of_scope_segment,Commercial Papers
bse_all,731609,out_of_scope_segment,Commercial Papers
bse_all,731614,out_of_scope_segment,Commercial Papers
bse_all,731615,out_of_scope_segment,Commercial Papers
bse_all,731617,out_of_scope_segment,Commercial Papers
bse_all,731619,out_of_scope_segment,Commercial Papers
bse_all,731622,out_of_scope_segment,Commercial Papers
bse_all,731624,out_of_scope_segment,Commercial Papers
bse_all,731630,out_of_scope_segment,Commercial Papers
bse_all,731632,out_of_scope_segment,Commercial Papers
bse_all,731636,out_of_scope_segment,Commercial Papers
bse_all,731637,out_of_scope_segment,Commercial Papers
bse_all,731648,out_of_scope_segment,Commercial Papers
bse_all,731650,out_of_scope_segment,Commercial Papers
bse_all,731667,out_of_scope_segment,Commercial Papers
bse_all,731674,out_of_scope_segment,Commercial Papers
bse_all,731676,out_of_scope_segment,Commercial Papers
bse_all,731680,out_of_scope_segment,Commercial Papers
bse_all,731684,out_of_scope_segment,Commercial Papers
bse_all,731689,out_of_scope_segment,Commercial Papers
bse_all,731692,out_of_scope_segment,Commercial Papers
bse_all,731693,out_of_scope_segment,Commercial Papers
bse_all,731696,out_of_scope_segment,Commercial Papers
bse_all,731701,out_of_scope_segment,Commercial Papers
bse_all,731702,out_of_scope_segment,Commercial Papers
bse_all,731705,out_of_scope_segment,Commercial Papers
bse_all,731715,out_of_scope_segment,Commercial Papers
bse_all,731719,out_of_scope_segment,Commercial Papers
bse_all,731722,out_of_scope_segment,Commercial Papers
bse_all,731727,out_of_scope_segment,Commercial Papers
bse_all,731737,out_of_scope_segment,Commercial Papers
bse_all,731746,out_of_scope_segment,Commercial Papers
bse_all,731748,out_of_scope_segment,Commercial Papers
bse_all,731756,out_of_scope_segment,Commercial Papers
bse_all,731757,out_of_scope_segment,Commercial Papers
bse_all,731758,out_of_scope_segment,Commercial Papers
bse_all,731759,out_of_scope_segment,Commercial Papers
bse_all,731762,out_of_scope_segment,Commercial Papers
bse_all,731765,out_of_scope_segment,Commercial Papers
bse_all,731782,out_of_scope_segment,Commercial Papers
bse_all,731784,out_of_scope_segment,Commercial Papers
bse_all,731785,out_of_scope_segment,Commercial Papers
bse_all,731786,out_of_scope_segment,Commercial Papers
bse_all,731792,out_of_scope_segment,Commercial Papers
bse_all,731804,out_of_scope_segment,Commercial Papers
bse_all,731822,out_of_scope_segment,Commercial Papers
bse_all,731824,out_of_scope_segment,Commercial Papers
bse_all,731873,out_of_scope_segment,Commercial Papers
bse_all,731875,out_of_scope_segment,Commercial Papers
bse_all,731876,out_of_scope_segment,Commercial Papers
bse_all,731878,out_of_scope_segment,Commercial Papers
bse_all,731881,out_of_scope_segment,Commercial Papers
bse_all,731886,out_of_scope_segment,Commercial Papers
bse_all,731887,out_of_scope_segment,Commercial Papers
bse_all,731888,out_of_scope_segment,Commercial Papers
bse_all,731889,out_of_scope_segment,Commercial Papers
bse_all,731890,out_of_scope_segment,Commercial Papers
bse_all,731891,out_of_scope_segment,Commercial Papers
bse_all,731893,out_of_scope_segment,Commercial Papers
bse_all,731894,out_of_scope_segment,Commercial Papers
bse_all,731895,out_of_scope_segment,Commercial Papers
bse_all,731896,out_of_scope_segment,Commercial Papers
bse_all,731897,out_of_scope_segment,Commercial Papers
bse_all,731899,out_of_scope_segment,Commercial Papers
bse_all,731900,out_of_scope_segment,Commercial Papers
bse_all,731901,out_of_scope_segment,Commercial Papers
bse_all,731902,out_of_scope_segment,Commercial Papers
bse_all,731903,out_of_scope_segment,Commercial Papers
bse_all,731904,out_of_scope_segment,Commercial Papers
bse_all,731905,out_of_scope_segment,Commercial Papers
bse_all,731906,out_of_scope_segment,Commercial Papers
bse_all,731907,out_of_scope_segment,Commercial Papers
bse_all,731908,out_of_scope_segment,Commercial Papers
bse_all,731909,out_of_scope_segment,Commercial Papers
bse_all,731910,out_of_scope_segment,Commercial Papers
bse_all,731911,out_of_scope_segment,Commercial Papers
bse_all,731912,out_of_scope_segment,Commercial Papers
bse_all,731913,out_of_scope_segment,Commercial Papers
bse_all,731914,out_of_scope_segment,Commercial Papers
bse_all,731915,out_of_scope_segment,Commercial Papers
bse_all,731917,out_of_scope_segment,Commercial Papers
bse_all,731918,out_of_scope_segment,Commercial Papers
bse_all,731919,out_of_scope_segment,Commercial Papers
bse_all,731920,out_of_scope_segment,Commercial Papers
bse_all,731921,out_of_scope_segment,Commercial Papers
bse_all,731922,out_of_scope_segment,Commercial Papers
bse_all,731923,out_of_scope_segment,Commercial Papers
bse_all,731924,out_of_scope_segment,Commercial Papers
bse_all,731925,out_of_scope_segment,Commercial Papers
bse_all,731926,out_of_scope_segment,Commercial Papers
bse_all,731927,out_of_scope_segment,Commercial Papers
bse_all,731929,out_of_scope_segment,Commercial Papers
bse_all,731930,out_of_scope_segment,Commercial Papers
bse_all,731931,out_of_scope_segment,Commercial Papers
bse_all,731932,out_of_scope_segment,Commercial Papers
bse_all,731933,out_of_scope_segment,Commercial Papers
bse_all,731934,out_of_scope_segment,Commercial Papers
bse_all,731935,out_of_scope_segment,Commercial Papers
bse_all,731936,out_of_scope_segment,Commercial Papers
bse_all,731937,out_of_scope_segment,Commercial Papers
bse_all,731938,out_of_scope_segment,Commercial Papers
bse_all,731939,out_of_scope_segment,Commercial Papers
bse_all,731940,out_of_scope_segment,Commercial Papers
bse_all,731941,out_of_scope_segment,Commercial Papers
bse_all,731942,out_of_scope_segment,Commercial Papers
bse_all,731943,out_of_scope_segment,Commercial Papers
bse_all,731944,out_of_scope_segment,Commercial Papers
bse_all,731945,out_of_scope_segment,Commercial Papers
bse_all,731946,out_of_scope_segment,Commercial Papers
bse_all,731947,out_of_scope_segment,Commercial Papers
bse_all,731948,out_of_scope_segment,Commercial Papers
bse_all,731949,out_of_scope_segment,Commercial Papers
bse_all,731950,out_of_scope_segment,Commercial Papers
bse_all,731951,out_of_scope_segment,Commercial Papers
bse_all,731952,out_of_scope_segment,Commercial Papers
bse_all,731953,out_of_scope_segment,Commercial Papers
bse_all,731954,out_of_scope_segment,Commercial Papers
bse_all,731955,out_of_scope_segment,Commercial Papers
bse_all,731956,out_of_scope_segment,Commercial Papers
bse_all,731957,out_of_scope_segment,Commercial Papers
bse_all,731958,out_of_scope_segment,Commercial Papers
bse_all,731959,out_of_scope_segment,Commercial Papers
bse_all,731960,out_of_scope_segment,Commercial Papers
bse_all,731961,out_of_scope_segment,Commercial Papers
bse_all,731962,out_of_scope_segment,Commercial Papers
bse_all,731963,out_of_scope_segment,Commercial Papers
bse_all,731964,out_of_scope_segment,Commercial Papers
bse_all,731965,out_of_scope_segment,Commercial Papers
bse_all,731966,out_of_scope_segment,Commercial Papers
bse_all,731967,out_of_scope_segment,Commercial Papers
bse_all,731968,out_of_scope_segment,Commercial Papers
bse_all,731969,out_of_scope_segment,Commercial Papers
bse_all,731970,out_of_scope_segment,Commercial Papers
bse_all,731971,out_of_scope_segment,Commercial Papers
bse_all,731972,out_of_scope_segment,Commercial Papers
bse_all,731973,out_of_scope_segment,Commercial Papers
bse_all,731974,out_of_scope_segment,Commercial Papers
bse_all,731975,out_of_scope_segment,Commercial Papers
bse_all,731976,out_of_scope_segment,Commercial Papers
bse_all,731977,out_of_scope_segment,Commercial Papers
bse_all,731978,out_of_scope_segment,Commercial Papers
bse_all,731979,out_of_scope_segment,Commercial Papers
bse_all,731980,out_of_scope_segment,Commercial Papers
bse_all,731981,out_of_scope_segment,Commercial Papers
bse_all,731982,out_of_scope_segment,Commercial Papers
bse_all,731983,out_of_scope_segment,Commercial Papers
bse_all,731984,out_of_scope_segment,Commercial Papers
bse_all,731985,out_of_scope_segment,Commercial Papers
bse_all,731987,out_of_scope_segment,Commercial Papers
bse_all,731988,out_of_scope_segment,Commercial Papers
bse_all,731989,out_of_scope_segment,Commercial Papers
bse_all,731990,out_of_scope_segment,Commercial Papers
bse_all,731991,out_of_scope_segment,Commercial Papers
bse_all,731992,out_of_scope_segment,Commercial Papers
bse_all,731993,out_of_scope_segment,Commercial Papers
bse_all,731994,out_of_scope_segment,Commercial Papers
bse_all,731995,out_of_scope_segment,Commercial Papers
bse_all,731996,out_of_scope_segment,Commercial Papers
bse_all,731997,out_of_scope_segment,Commercial Papers
bse_all,731998,out_of_scope_segment,Commercial Papers
bse_all,731999,out_of_scope_segment,Commercial Papers
bse_all,732000,out_of_scope_segment,Commercial Papers
bse_all,732001,out_of_scope_segment,Commercial Papers
bse_all,732002,out_of_scope_segment,Commercial Papers
bse_all,732003,out_of_scope_segment,Commercial Papers
bse_all,732004,out_of_scope_segment,Commercial Papers
bse_all,732005,out_of_scope_segment,Commercial Papers
bse_all,732006,out_of_scope_segment,Commercial Papers
bse_all,732007,out_of_scope_segment,Commercial Papers
bse_all,732009,out_of_scope_segment,Commercial Papers
bse_all,732010,out_of_scope_segment,Commercial Papers
bse_all,732011,out_of_scope_segment,Commercial Papers
bse_all,732012,out_of_scope_segment,Commercial Papers
bse_all,732013,out_of_scope_segment,Commercial Papers
bse_all,732014,out_of_scope_segment,Commercial Papers
bse_all,732016,out_of_scope_segment,Commercial Papers
bse_all,732017,out_of_scope_segment,Commercial Papers
bse_all,732018,out_of_scope_segment,Commercial Papers
bse_all,732020,out_of_scope_segment,Commercial Papers
bse_all,732021,out_of_scope_segment,Commercial Papers
bse_all,732022,out_of_scope_segment,Commercial Papers
bse_all,732023,out_of_scope_segment,Commercial Papers
bse_all,732024,out_of_scope_segment,Commercial Papers
bse_all,732025,out_of_scope_segment,Commercial Papers
bse_all,732026,out_of_scope_segment,Commercial Papers
bse_all,732027,out_of_scope_segment,Commercial Papers
bse_all,732028,out_of_scope_segment,Commercial Papers
bse_all,732029,out_of_scope_segment,Commercial Papers
bse_all,732030,out_of_scope_segment,Commercial Papers
bse_all,732032,out_of_scope_segment,Commercial Papers
bse_all,732033,out_of_scope_segment,Commercial Papers
bse_all,732034,out_of_scope_segment,Commercial Papers
bse_all,732036,out_of_scope_segment,Commercial Papers
bse_all,732037,out_of_scope_segment,Commercial Papers
bse_all,732038,out_of_scope_segment,Commercial Papers
bse_all,732039,out_of_scope_segment,Commercial Papers
bse_all,732040,out_of_scope_segment,Commercial Papers
bse_all,732041,out_of_scope_segment,Commercial Papers
bse_all,732042,out_of_scope_segment,Commercial Papers
bse_all,732043,out_of_scope_segment,Commercial Papers
bse_all,732045,out_of_scope_segment,Commercial Papers
bse_all,732046,out_of_scope_segment,Commercial Papers
bse_all,732047,out_of_scope_segment,Commercial Papers
bse_all,732048,out_of_scope_segment,Commercial Papers
bse_all,732049,out_of_scope_segment,Commercial Papers
bse_all,732050,out_of_scope_segment,Commercial Papers
bse_all,732051,out_of_scope_segment,Commercial Papers
bse_all,732052,out_of_scope_segment,Commercial Papers
bse_all,732053,out_of_scope_segment,Commercial Papers
bse_all,732054,out_of_scope_segment,Commercial Papers
bse_all,732055,out_of_scope_segment,Commercial Papers
bse_all,732056,out_of_scope_segment,Commercial Papers
bse_all,732057,out_of_scope_segment,Commercial Papers
bse_all,732058,out_of_scope_segment,Commercial Papers
bse_all,732059,out_of_scope_segment,Commercial Papers
bse_all,732060,out_of_scope_segment,Commercial Papers
bse_all,732061,out_of_scope_segment,Commercial Papers
bse_all,732062,out_of_scope_segment,Commercial Papers
bse_all,732063,out_of_scope_segment,Commercial Papers
bse_all,732064,out_of_scope_segment,Commercial Papers
bse_all,732065,out_of_scope_segment,Commercial Papers
bse_all,732066,out_of_scope_segment,Commercial Papers
bse_all,732067,out_of_scope_segment,Commercial Papers
bse_all,732069,out_of_scope_segment,Commercial Papers
bse_all,732070,out_of_scope_segment,Commercial Papers
bse_all,732071,out_of_scope_segment,Commercial Papers
bse_all,732072,out_of_scope_segment,Commercial Papers
bse_all,732073,out_of_scope_segment,Commercial Papers
bse_all,732074,out_of_scope_segment,Commercial Papers
bse_all,732075,out_of_scope_segment,Commercial Papers
bse_all,732076,out_of_scope_segment,Commercial Papers
bse_all,732077,out_of_scope_segment,Commercial Papers
bse_all,732079,out_of_scope_segment,Commercial Papers
bse_all,732080,out_of_scope_segment,Commercial Papers
bse_all,732081,out_of_scope_segment,Commercial Papers
bse_all,732082,out_of_scope_segment,Commercial Papers
bse_all,732083,out_of_scope_segment,Commercial Papers
bse_all,732084,out_of_scope_segment,Commercial Papers
bse_all,732085,out_of_scope_segment,Commercial Papers
bse_all,732086,out_of_scope_segment,Commercial Papers
bse_all,732087,out_of_scope_segment,Commercial Papers
bse_all,732088,out_of_scope_segment,Commercial Papers
bse_all,732090,out_of_scope_segment,Commercial Papers
bse_all,732091,out_of_scope_segment,Commercial Papers
bse_all,732092,out_of_scope_segment,Commercial Papers
bse_all,732093,out_of_scope_segment,Commercial Papers
bse_all,732095,out_of_scope_segment,Commercial Papers
bse_all,732096,out_of_scope_segment,Commercial Papers
bse_all,732097,out_of_scope_segment,Commercial Papers
bse_all,732098,out_of_scope_segment,Commercial Papers
bse_all,732099,out_of_scope_segment,Commercial Papers
bse_all,732100,out_of_scope_segment,Commercial Papers
bse_all,732101,out_of_scope_segment,Commercial Papers
bse_all,732102,out_of_scope_segment,Commercial Papers
bse_all,732103,out_of_scope_segment,Commercial Papers
bse_all,732104,out_of_scope_segment,Commercial Papers
bse_all,732106,out_of_scope_segment,Commercial Papers
bse_all,732107,out_of_scope_segment,Commercial Papers
bse_all,732108,out_of_scope_segment,Commercial Papers
bse_all,732109,out_of_scope_segment,Commercial Papers
bse_all,732110,out_of_scope_segment,Commercial Papers
bse_all,732111,out_of_scope_segment,Commercial Papers
bse_all,732113,out_of_scope_segment,Commercial Papers
bse_all,732114,out_of_scope_segment,Commercial Papers
bse_all,732115,out_of_scope_segment,Commercial Papers
bse_all,732116,out_of_scope_segment,Commercial Papers
bse_all,732117,out_of_scope_segment,Commercial Papers
bse_all,732118,out_of_scope_segment,Commercial Papers
bse_all,732119,out_of_scope_segment,Commercial Papers
bse_all,732120,out_of_scope_segment,Commercial Papers
bse_all,732122,out_of_scope_segment,Commercial Papers
bse_all,732123,out_of_scope_segment,Commercial Papers
bse_all,732124,out_of_scope_segment,Commercial Papers
bse_all,732125,out_of_scope_segment,Commercial Papers
bse_all,732126,out_of_scope_segment,Commercial Papers
bse_all,732127,out_of_scope_segment,Commercial Papers
bse_all,732128,out_of_scope_segment,Commercial Papers
bse_all,732129,out_of_scope_segment,Commercial Papers
bse_all,732130,out_of_scope_segment,Commercial Papers
bse_all,732131,out_of_scope_segment,Commercial Papers
bse_all,732132,out_of_scope_segment,Commercial Papers
bse_all,732133,out_of_scope_segment,Commercial Papers
bse_all,732134,out_of_scope_segment,Commercial Papers
bse_all,732135,out_of_scope_segment,Commercial Papers
bse_all,732136,out_of_scope_segment,Commercial Papers
bse_all,732137,out_of_scope_segment,Commercial Papers
bse_all,732138,out_of_scope_segment,Commercial Papers
bse_all,732139,out_of_scope_segment,Commercial Papers
bse_all,732140,out_of_scope_segment,Commercial Papers
bse_all,732141,out_of_scope_segment,Commercial Papers
bse_all,732142,out_of_scope_segment,Commercial Papers
bse_all,732143,out_of_scope_segment,Commercial Papers
bse_all,732144,out_of_scope_segment,Commercial Papers
bse_all,732145,out_of_scope_segment,Commercial Papers
bse_all,732146,out_of_scope_segment,Commercial Papers
bse_all,732147,out_of_scope_segment,Commercial Papers
bse_all,732148,out_of_scope_segment,Commercial Papers
bse_all,732149,out_of_scope_segment,Commercial Papers
bse_all,732150,out_of_scope_segment,Commercial Papers
bse_all,732151,out_of_scope_segment,Commercial Papers
bse_all,732153,out_of_scope_segment,Commercial Papers
bse_all,732154,out_of_scope_segment,Commercial Papers
bse_all,732155,out_of_scope_segment,Commercial Papers
bse_all,732157,out_of_scope_segment,Commercial Papers
bse_all,732158,out_of_scope_segment,Commercial Papers
bse_all,732159,out_of_scope_segment,Commercial Papers
bse_all,732160,out_of_scope_segment,Commercial Papers
bse_all,732161,out_of_scope_segment,Commercial Papers
bse_all,732162,out_of_scope_segment,Commercial Papers
bse_all,732163,out_of_scope_segment,Commercial Papers
bse_all,732164,out_of_scope_segment,Commercial Papers
bse_all,732166,out_of_scope_segment,Commercial Papers
bse_all,732167,out_of_scope_segment,Commercial Papers
bse_all,732168,out_of_scope_segment,Commercial Papers
bse_all,732169,out_of_scope_segment,Commercial Papers
bse_all,732170,out_of_scope_segment,Commercial Papers
bse_all,732172,out_of_scope_segment,Commercial Papers
bse_all,732173,out_of_scope_segment,Commercial Papers
bse_all,732174,out_of_scope_segment,Commercial Papers
bse_all,732175,out_of_scope_segment,Commercial Papers
bse_all,732176,out_of_scope_segment,Commercial Papers
bse_all,732177,out_of_scope_segment,Commercial Papers
bse_all,732179,out_of_scope_segment,Commercial Papers
bse_all,732180,out_of_scope_segment,Commercial Papers
bse_all,732181,out_of_scope_segment,Commercial Papers
bse_all,732182,out_of_scope_segment,Commercial Papers
bse_all,732183,out_of_scope_segment,Commercial Papers
bse_all,732184,out_of_scope_segment,Commercial Papers
bse_all,732185,out_of_scope_segment,Commercial Papers
bse_all,732186,out_of_scope_segment,Commercial Papers
bse_all,732187,out_of_scope_segment,Commercial Papers
bse_all,732188,out_of_scope_segment,Commercial Papers
bse_all,732189,out_of_scope_segment,Commercial Papers
bse_all,732190,out_of_scope_segment,Commercial Papers
bse_all,732191,out_of_scope_segment,Commercial Papers
bse_all,732192,out_of_scope_segment,Commercial Papers
bse_all,732193,out_of_scope_segment,Commercial Papers
bse_all,732194,out_of_scope_segment,Commercial Papers
bse_all,732195,out_of_scope_segment,Commercial Papers
bse_all,732196,out_of_scope_segment,Commercial Papers
bse_all,732197,out_of_scope_segment,Commercial Papers
bse_all,732198,out_of_scope_segment,Commercial Papers
bse_all,732199,out_of_scope_segment,Commercial Papers
bse_all,732200,out_of_scope_segment,Commercial Papers
bse_all,732201,out_of_scope_segment,Commercial Papers
bse_all,732202,out_of_scope_segment,Commercial Papers
bse_all,732204,out_of_scope_segment,Commercial Papers
bse_all,732205,out_of_scope_segment,Commercial Papers
bse_all,732206,out_of_scope_segment,Commercial Papers
bse_all,732207,out_of_scope_segment,Commercial Papers
bse_all,732208,out_of_scope_segment,Commercial Papers
bse_all,732209,out_of_scope_segment,Commercial Papers
bse_all,732210,out_of_scope_segment,Commercial Papers
bse_all,732211,out_of_scope_segment,Commercial Papers
bse_all,732212,out_of_scope_segment,Commercial Papers
bse_all,732213,out_of_scope_segment,Commercial Papers
bse_all,732214,out_of_scope_segment,Commercial Papers
bse_all,732215,out_of_scope_segment,Commercial Papers
bse_all,732216,out_of_scope_segment,Commercial Papers
bse_all,732217,out_of_scope_segment,Commercial Papers
bse_all,732218,out_of_scope_segment,Commercial Papers
bse_all,732219,out_of_scope_segment,Commercial Papers
bse_all,732220,out_of_scope_segment,Commercial Papers
bse_all,732221,out_of_scope_segment,Commercial Papers
bse_all,732222,out_of_scope_segment,Commercial Papers
bse_all,732223,out_of_scope_segment,Commercial Papers
bse_all,732224,out_of_scope_segment,Commercial Papers
bse_all,732225,out_of_scope_segment,Commercial Papers
bse_all,732226,out_of_scope_segment,Commercial Papers
bse_all,732227,out_of_scope_segment,Commercial Papers
bse_all,732228,out_of_scope_segment,Commercial Papers
bse_all,732230,out_of_scope_segment,Commercial Papers
bse_all,732231,out_of_scope_segment,Commercial Papers
bse_all,732232,out_of_scope_segment,Commercial Papers
bse_all,732233,out_of_scope_segment,Commercial Papers
bse_all,732234,out_of_scope_segment,Commercial Papers
bse_all,732235,out_of_scope_segment,Commercial Papers
bse_all,732236,out_of_scope_segment,Commercial Papers
bse_all,732237,out_of_scope_segment,Commercial Papers
bse_all,732238,out_of_scope_segment,Commercial Papers
bse_all,732239,out_of_scope_segment,Commercial Papers
bse_all,732240,out_of_scope_segment,Commercial Papers
bse_all,732241,out_of_scope_segment,Commercial Papers
bse_all,732242,out_of_scope_segment,Commercial Papers
bse_all,732243,out_of_scope_segment,Commercial Papers
bse_all,732244,out_of_scope_segment,Commercial Papers
bse_all,732245,out_of_scope_segment,Commercial Papers
bse_all,732246,out_of_scope_segment,Commercial Papers
bse_all,732247,out_of_scope_segment,Commercial Papers
bse_all,732248,out_of_scope_segment,Commercial Papers
bse_all,732249,out_of_scope_segment,Commercial Papers
bse_all,732250,out_of_scope_segment,Commercial Papers
bse_all,732251,out_of_scope_segment,Commercial Papers
bse_all,732252,out_of_scope_segment,Commercial Papers
bse_all,732253,out_of_scope_segment,Commercial Papers
bse_all,732254,out_of_scope_segment,Commercial Papers
bse_all,732255,out_of_scope_segment,Commercial Papers
bse_all,732256,out_of_scope_segment,Commercial Papers
bse_all,732258,out_of_scope_segment,Commercial Papers
bse_all,732260,out_of_scope_segment,Commercial Papers
bse_all,732261,out_of_scope_segment,Commercial Papers
bse_all,732262,out_of_scope_segment,Commercial Papers
bse_all,732263,out_of_scope_segment,Commercial Papers
bse_all,732264,out_of_scope_segment,Commercial Papers
bse_all,732265,out_of_scope_segment,Commercial Papers
bse_all,732266,out_of_scope_segment,Commercial Papers
bse_all,732268,out_of_scope_segment,Commercial Papers
bse_all,732269,out_of_scope_segment,Commercial Papers
bse_all,732270,out_of_scope_segment,Commercial Papers
bse_all,732271,out_of_scope_segment,Commercial Papers
bse_all,732272,out_of_scope_segment,Commercial Papers
bse_all,732273,out_of_scope_segment,Commercial Papers
bse_all,732274,out_of_scope_segment,Commercial Papers
bse_all,732276,out_of_scope_segment,Commercial Papers
bse_all,732277,out_of_scope_segment,Commercial Papers
bse_all,732278,out_of_scope_segment,Commercial Papers
bse_all,732279,out_of_scope_segment,Commercial Papers
bse_all,732280,out_of_scope_segment,Commercial Papers
bse_all,732281,out_of_scope_segment,Commercial Papers
bse_all,732282,out_of_scope_segment,Commercial Papers
bse_all,732283,out_of_scope_segment,Commercial Papers
bse_all,732284,out_of_scope_segment,Commercial Papers
bse_all,732285,out_of_scope_segment,Commercial Papers
bse_all,732287,out_of_scope_segment,Commercial Papers
bse_all,732288,out_of_scope_segment,Commercial Papers
bse_all,732289,out_of_scope_segment,Commercial Papers
bse_all,732290,out_of_scope_segment,Commercial Papers
bse_all,732291,out_of_scope_segment,Commercial Papers
bse_all,732292,out_of_scope_segment,Commercial Papers
bse_all,732293,out_of_scope_segment,Commercial Papers
bse_all,732294,out_of_scope_segment,Commercial Papers
bse_all,732295,out_of_scope_segment,Commercial Papers
bse_all,732296,out_of_scope_segment,Commercial Papers
bse_all,732297,out_of_scope_segment,Commercial Papers
bse_all,732298,out_of_scope_segment,Commercial Papers
bse_all,732299,out_of_scope_segment,Commercial Papers
bse_all,732300,out_of_scope_segment,Commercial Papers
bse_all,732301,out_of_scope_segment,Commercial Papers
bse_all,732302,out_of_scope_segment,Commercial Papers
bse_all,732303,out_of_scope_segment,Commercial Papers
bse_all,732304,out_of_scope_segment,Commercial Papers
bse_all,732305,out_of_scope_segment,Commercial Papers
bse_all,732306,out_of_scope_segment,Commercial Papers
bse_all,732307,out_of_scope_segment,Commercial Papers
bse_all,732308,out_of_scope_segment,Commercial Papers
bse_all,732309,out_of_scope_segment,Commercial Papers
bse_all,732310,out_of_scope_segment,Commercial Papers
bse_all,732311,out_of_scope_segment,Commercial Papers
bse_all,732312,out_of_scope_segment,Commercial Papers
bse_all,732313,out_of_scope_segment,Commercial Papers
bse_all,732314,out_of_scope_segment,Commercial Papers
bse_all,732315,out_of_scope_segment,Commercial Papers
bse_all,732316,out_of_scope_segment,Commercial Papers
bse_all,732317,out_of_scope_segment,Commercial Papers
bse_all,732318,out_of_scope_segment,Commercial Papers
bse_all,732319,out_of_scope_segment,Commercial Papers
bse_all,732320,out_of_scope_segment,Commercial Papers
bse_all,732321,out_of_scope_segment,Commercial Papers
bse_all,732322,out_of_scope_segment,Commercial Papers
bse_all,732323,out_of_scope_segment,Commercial Papers
bse_all,732324,out_of_scope_segment,Commercial Papers
bse_all,732325,out_of_scope_segment,Commercial Papers
bse_all,732326,out_of_scope_segment,Commercial Papers
bse_all,732327,out_of_scope_segment,Commercial Papers
bse_all,732328,out_of_scope_segment,Commercial Papers
bse_all,732329,out_of_scope_segment,Commercial Papers
bse_all,732331,out_of_scope_segment,Commercial Papers
bse_all,732332,out_of_scope_segment,Commercial Papers
bse_all,732333,out_of_scope_segment,Commercial Papers
bse_all,732334,out_of_scope_segment,Commercial Papers
bse_all,732335,out_of_scope_segment,Commercial Papers
bse_all,732336,out_of_scope_segment,Commercial Papers
bse_all,732337,out_of_scope_segment,Commercial Papers
bse_all,732338,out_of_scope_segment,Commercial Papers
bse_all,732339,out_of_scope_segment,Commercial Papers
bse_all,732340,out_of_scope_segment,Commercial Papers
bse_all,732341,out_of_scope_segment,Commercial Papers
bse_all,732342,out_of_scope_segment,Commercial Papers
bse_all,732343,out_of_scope_segment,Commercial Papers
bse_all,732344,out_of_scope_segment,Commercial Papers
bse_all,732345,out_of_scope_segment,Commercial Papers
bse_all,732346,out_of_scope_segment,Commercial Papers
bse_all,732347,out_of_scope_segment,Commercial Papers
bse_all,732348,out_of_scope_segment,Commercial Papers
bse_all,732349,out_of_scope_segment,Commercial Papers
bse_all,732350,out_of_scope_segment,Commercial Papers
bse_all,732351,out_of_scope_segment,Commercial Papers
bse_all,732352,out_of_scope_segment,Commercial Papers
bse_all,732353,out_of_scope_segment,Commercial Papers
bse_all,732354,out_of_scope_segment,Commercial Papers
bse_all,732355,out_of_scope_segment,Commercial Papers
bse_all,732356,out_of_scope_segment,Commercial Papers
bse_all,732357,out_of_scope_segment,Commercial Papers
bse_all,732358,out_of_scope_segment,Commercial Papers
bse_all,732359,out_of_scope_segment,Commercial Papers
bse_all,732360,out_of_scope_segment,Commercial Papers
bse_all,732361,out_of_scope_segment,Commercial Papers
bse_all,732362,out_of_scope_segment,Commercial Papers
bse_all,732363,out_of_scope_segment,Commercial Papers
bse_all,732364,out_of_scope_segment,Commercial Papers
bse_all,732365,out_of_scope_segment,Commercial Papers
bse_all,732366,out_of_scope_segment,Commercial Papers
bse_all,732367,out_of_scope_segment,Commercial Papers
bse_all,732368,out_of_scope_segment,Commercial Papers
bse_all,732369,out_of_scope_segment,Commercial Papers
bse_all,732370,out_of_scope_segment,Commercial Papers
bse_all,732371,out_of_scope_segment,Commercial Papers
bse_all,732372,out_of_scope_segment,Commercial Papers
bse_all,732374,out_of_scope_segment,Commercial Papers
bse_all,732376,out_of_scope_segment,Commercial Papers
bse_all,732377,out_of_scope_segment,Commercial Papers
bse_all,732378,out_of_scope_segment,Commercial Papers
bse_all,732379,out_of_scope_segment,Commercial Papers
bse_all,732380,out_of_scope_segment,Commercial Papers
bse_all,732381,out_of_scope_segment,Commercial Papers
bse_all,732382,out_of_scope_segment,Commercial Papers
bse_all,732383,out_of_scope_segment,Commercial Papers
bse_all,732384,out_of_scope_segment,Commercial Papers
bse_all,732385,out_of_scope_segment,Commercial Papers
bse_all,732386,out_of_scope_segment,Commercial Papers
bse_all,732387,out_of_scope_segment,Commercial Papers
bse_all,732388,out_of_scope_segment,Commercial Papers
bse_all,732389,out_of_scope_segment,Commercial Papers
bse_all,732390,out_of_scope_segment,Commercial Papers
bse_all,732391,out_of_scope_segment,Commercial Papers
bse_all,732393,out_of_scope_segment,Commercial Papers
bse_all,732394,out_of_scope_segment,Commercial Papers
bse_all,732396,out_of_scope_segment,Commercial Papers
bse_all,732397,out_of_scope_segment,Commercial Papers
bse_all,732398,out_of_scope_segment,Commercial Papers
bse_all,732399,out_of_scope_segment,Commercial Papers
bse_all,732400,out_of_scope_segment,Commercial Papers
bse_all,732401,out_of_scope_segment,Commercial Papers
bse_all,732402,out_of_scope_segment,Commercial Papers
bse_all,732403,out_of_scope_segment,Commercial Papers
bse_all,732404,out_of_scope_segment,Commercial Papers
bse_all,732405,out_of_scope_segment,Commercial Papers
bse_all,732406,out_of_scope_segment,Commercial Papers
bse_all,732407,out_of_scope_segment,Commercial Papers
bse_all,732408,out_of_scope_segment,Commercial Papers
bse_all,732409,out_of_scope_segment,Commercial Papers
bse_all,732410,out_of_scope_segment,Commercial Papers
bse_all,732411,out_of_scope_segment,Commercial Papers
bse_all,732412,out_of_scope_segment,Commercial Papers
bse_all,732413,out_of_scope_segment,Commercial Papers
bse_all,732414,out_of_scope_segment,Commercial Papers
bse_all,732415,out_of_scope_segment,Commercial Papers
bse_all,732416,out_of_scope_segment,Commercial Papers
bse_all,732417,out_of_scope_segment,Commercial Papers
bse_all,732418,out_of_scope_segment,Commercial Papers
bse_all,732419,out_of_scope_segment,Commercial Papers
bse_all,732420,out_of_scope_segment,Commercial Papers
bse_all,732421,out_of_scope_segment,Commercial Papers
bse_all,732422,out_of_scope_segment,Commercial Papers
bse_all,732423,out_of_scope_segment,Commercial Papers
bse_all,732424,out_of_scope_segment,Commercial Papers
bse_all,732425,out_of_scope_segment,Commercial Papers
bse_all,732426,out_of_scope_segment,Commercial Papers
bse_all,732427,out_of_scope_segment,Commercial Papers
bse_all,732428,out_of_scope_segment,Commercial Papers
bse_all,732429,out_of_scope_segment,Commercial Papers
bse_all,732430,out_of_scope_segment,Commercial Papers
bse_all,732431,out_of_scope_segment,Commercial Papers
bse_all,732432,out_of_scope_segment,Commercial Papers
bse_all,732433,out_of_scope_segment,Commercial Papers
bse_all,732434,out_of_scope_segment,Commercial Papers
bse_all,732435,out_of_scope_segment,Commercial Papers
bse_all,732436,out_of_scope_segment,Commercial Papers
bse_all,732437,out_of_scope_segment,Commercial Papers
bse_all,732438,out_of_scope_segment,Commercial Papers
bse_all,732439,out_of_scope_segment,Commercial Papers
bse_all,732440,out_of_scope_segment,Commercial Papers
bse_all,732441,out_of_scope_segment,Commercial Papers
bse_all,732442,out_of_scope_segment,Commercial Papers
bse_all,732443,out_of_scope_segment,Commercial Papers
bse_all,732444,out_of_scope_segment,Commercial Papers
bse_all,732445,out_of_scope_segment,Commercial Papers
bse_all,732446,out_of_scope_segment,Commercial Papers
bse_all,732447,out_of_scope_segment,Commercial Papers
bse_all,732448,out_of_scope_segment,Commercial Papers
bse_all,732449,out_of_scope_segment,Commercial Papers
bse_all,732450,out_of_scope_segment,Commercial Papers
bse_all,732451,out_of_scope_segment,Commercial Papers
bse_all,732452,out_of_scope_segment,Commercial Papers
bse_all,732453,out_of_scope_segment,Commercial Papers
bse_all,732454,out_of_scope_segment,Commercial Papers
bse_all,732455,out_of_scope_segment,Commercial Papers
bse_all,732456,out_of_scope_segment,Commercial Papers
bse_all,732457,out_of_scope_segment,Commercial Papers
bse_all,732458,out_of_scope_segment,Commercial Papers
bse_all,732459,out_of_scope_segment,Commercial Papers
bse_all,732460,out_of_scope_segment,Commercial Papers
bse_all,732461,out_of_scope_segment,Commercial Papers
bse_all,732462,out_of_scope_segment,Commercial Papers
bse_all,732463,out_of_scope_segment,Commercial Papers
bse_all,732464,out_of_scope_segment,Commercial Papers
bse_all,732465,out_of_scope_segment,Commercial Papers
bse_all,732466,out_of_scope_segment,Commercial Papers
bse_all,732467,out_of_scope_segment,Commercial Papers
bse_all,732468,out_of_scope_segment,Commercial Papers
bse_all,732469,out_of_scope_segment,Commercial Papers
bse_all,732470,out_of_scope_segment,Commercial Papers
bse_all,732471,out_of_scope_segment,Commercial Papers
bse_all,732472,out_of_scope_segment,Commercial Papers
bse_all,750942,out_of_scope_segment,(blank)
bse_all,751131,out_of_scope_segment,(blank)
bse_all,751132,out_of_scope_segment,(blank)
bse_all,751133,out_of_scope_segment,(blank)
bse_all,751136,out_of_scope_segment,(blank)
bse_all,751139,out_of_scope_segment,(blank)
bse_all,751140,out_of_scope_segment,(blank)
bse_all,800123,out_of_scope_segment,(blank)
bse_all,800145,out_of_scope_segment,(blank)
bse_all,800148,out_of_scope_segment,(blank)
bse_all,800157,out_of_scope_segment,(blank)
bse_all,800158,out_of_scope_segment,(blank)
bse_all,800159,out_of_scope_segment,(blank)
bse_all,800160,out_of_scope_segment,(blank)
bse_all,800161,out_of_scope_segment,(blank)
bse_all,800162,out_of_scope_segment,(blank)
bse_all,800163,out_of_scope_segment,(blank)
bse_all,800164,out_of_scope_segment,(blank)
bse_all,800173,out_of_scope_segment,(blank)
bse_all,800174,out_of_scope_segment,(blank)
bse_all,800175,out_of_scope_segment,(blank)
bse_all,800176,out_of_scope_segment,(blank)
bse_all,800177,out_of_scope_segment,(blank)
bse_all,800178,out_of_scope_segment,(blank)
bse_all,800179,out_of_scope_segment,(blank)
bse_all,800180,out_of_scope_segment,(blank)
bse_all,800181,out_of_scope_segment,(blank)
bse_all,800211,out_of_scope_segment,(blank)
bse_all,800212,out_of_scope_segment,(blank)
bse_all,800218,out_of_scope_segment,(blank)
bse_all,800219,out_of_scope_segment,(blank)
bse_all,800220,out_of_scope_segment,(blank)
bse_all,800239,out_of_scope_segment,(blank)
bse_all,800241,out_of_scope_segment,(blank)
bse_all,800243,out_of_scope_segment,(blank)
bse_all,800246,out_of_scope_segment,(blank)
bse_all,800247,out_of_scope_segment,(blank)
bse_all,800249,out_of_scope_segment,(blank)
bse_all,800250,out_of_scope_segment,(blank)
bse_all,800257,out_of_scope_segment,(blank)
bse_all,800261,out_of_scope_segment,(blank)
bse_all,800262,out_of_scope_segment,(blank)
bse_all,800263,out_of_scope_segment,(blank)
bse_all,800264,out_of_scope_segment,(blank)
bse_all,800266,out_of_scope_segment,(blank)
bse_all,800272,out_of_scope_segment,(blank)
bse_all,800286,out_of_scope_segment,(blank)
bse_all,800288,out_of_scope_segment,(blank)
bse_all,800289,out_of_scope_segment,(blank)
bse_all,800290,out_of_scope_segment,(blank)
bse_all,800291,out_of_scope_segment,(blank)
bse_all,800292,out_of_scope_segment,(blank)
bse_all,800293,out_of_scope_segment,(blank)
bse_all,800294,out_of_scope_segment,(blank)
bse_all,800295,out_of_scope_segment,(blank)
bse_all,800296,out_of_scope_segment,(blank)
bse_all,800297,out_of_scope_segment,(blank)
bse_all,800298,out_of_scope_segment,(blank)
bse_all,800299,out_of_scope_segment,(blank)
bse_all,800300,out_of_scope_segment,(blank)
bse_all,800301,out_of_scope_segment,(blank)
bse_all,800302,out_of_scope_segment,(blank)
bse_all,800303,out_of_scope_segment,(blank)
bse_all,800304,out_of_scope_segment,(blank)
bse_all,800310,out_of_scope_segment,(blank)
bse_all,800311,out_of_scope_segment,(blank)
bse_all,800312,out_of_scope_segment,(blank)
bse_all,800313,out_of_scope_segment,(blank)
bse_all,800314,out_of_scope_segment,(blank)
bse_all,800315,out_of_scope_segment,(blank)
bse_all,800316,out_of_scope_segment,(blank)
bse_all,800317,out_of_scope_segment,(blank)
bse_all,800318,out_of_scope_segment,(blank)
bse_all,800319,out_of_scope_segment,(blank)
bse_all,800320,out_of_scope_segment,(blank)
bse_all,800322,out_of_scope_segment,(blank)
bse_all,800323,out_of_scope_segment,(blank)
bse_all,800324,out_of_scope_segment,(blank)
bse_all,800325,out_of_scope_segment,(blank)
bse_all,800326,out_of_scope_segment,(blank)
bse_all,800327,out_of_scope_segment,(blank)
bse_all,800328,out_of_scope_segment,(blank)
bse_all,800329,out_of_scope_segment,(blank)
bse_all,800330,out_of_scope_segment,(blank)
bse_all,800331,out_of_scope_segment,(blank)
bse_all,800332,out_of_scope_segment,(blank)
bse_all,800333,out_of_scope_segment,(blank)
bse_all,800334,out_of_scope_segment,(blank)
bse_all,800339,out_of_scope_segment,(blank)
bse_all,800340,out_of_scope_segment,(blank)
bse_all,800341,out_of_scope_segment,(blank)
bse_all,800342,out_of_scope_segment,(blank)
bse_all,800358,out_of_scope_segment,(blank)
bse_all,800359,out_of_scope_segment,(blank)
bse_all,800360,out_of_scope_segment,(blank)
bse_all,800361,out_of_scope_segment,(blank)
bse_all,800362,out_of_scope_segment,(blank)
bse_all,800363,out_of_scope_segment,(blank)
bse_all,800364,out_of_scope_segment,(blank)
bse_all,800365,out_of_scope_segment,(blank)
bse_all,800366,out_of_scope_segment,(blank)
bse_all,800367,out_of_scope_segment,(blank)
bse_all,800377,out_of_scope_segment,(blank)
bse_all,800378,out_of_scope_segment,(blank)
bse_all,800379,out_of_scope_segment,(blank)
bse_all,800380,out_of_scope_segment,(blank)
bse_all,800381,out_of_scope_segment,(blank)
bse_all,800382,out_of_scope_segment,(blank)
bse_all,800383,out_of_scope_segment,(blank)
bse_all,800384,out_of_scope_segment,(blank)
bse_all,800385,out_of_scope_segment,(blank)
bse_all,800386,out_of_scope_segment,(blank)
bse_all,800387,out_of_scope_segment,(blank)
bse_all,800388,out_of_scope_segment,(blank)
bse_all,800389,out_of_scope_segment,(blank)
bse_all,800391,out_of_scope_segment,(blank)
bse_all,800392,out_of_scope_segment,(blank)
bse_all,800393,out_of_scope_segment,(blank)
bse_all,800394,out_of_scope_segment,(blank)
bse_all,800396,out_of_scope_segment,(blank)
bse_all,800397,out_of_scope_segment,(blank)
bse_all,800398,out_of_scope_segment,(blank)
bse_all,800399,out_of_scope_segment,(blank)
bse_all,800400,out_of_scope_segment,(blank)
bse_all,800401,out_of_scope_segment,(blank)
bse_all,800402,out_of_scope_segment,(blank)
bse_all,800403,out_of_scope_segment,(blank)
bse_all,800404,out_of_scope_segment,(blank)
bse_all,800405,out_of_scope_segment,(blank)
bse_all,800406,out_of_scope_segment,(blank)
bse_all,800407,out_of_scope_segment,(blank)
bse_all,800408,out_of_scope_segment,(blank)
bse_all,800409,out_of_scope_segment,(blank)
bse_all,800410,out_of_scope_segment,(blank)
bse_all,800411,out_of_scope_segment,(blank)
bse_all,800412,out_of_scope_segment,(blank)
bse_all,800413,out_of_scope_segment,(blank)
bse_all,800414,out_of_scope_segment,(blank)
bse_all,800415,out_of_scope_segment,(blank)
bse_all,800416,out_of_scope_segment,(blank)
bse_all,800417,out_of_scope_segment,(blank)
bse_all,800418,out_of_scope_segment,(blank)
bse_all,800419,out_of_scope_segment,(blank)
bse_all,800420,out_of_scope_segment,(blank)
bse_all,800421,out_of_scope_segment,(blank)
bse_all,800422,out_of_scope_segment,(blank)
bse_all,800423,out_of_scope_segment,(blank)
bse_all,800424,out_of_scope_segment,(blank)
bse_all,800425,out_of_scope_segment,(blank)
bse_all,800426,out_of_scope_segment,(blank)
bse_all,800427,out_of_scope_segment,(blank)
bse_all,800428,out_of_scope_segment,(blank)
bse_all,800429,out_of_scope_segment,(blank)
bse_all,800430,out_of_scope_segment,(blank)
bse_all,800432,out_of_scope_segment,(blank)
bse_all,800433,out_of_scope_segment,(blank)
bse_all,800434,out_of_scope_segment,(blank)
bse_all,800435,out_of_scope_segment,(blank)
bse_all,800436,out_of_scope_segment,(blank)
bse_all,800437,out_of_scope_segment,(blank)
bse_all,800438,out_of_scope_segment,(blank)
bse_all,800439,out_of_scope_segment,(blank)
bse_all,800440,out_of_scope_segment,(blank)
bse_all,800441,out_of_scope_segment,(blank)
bse_all,800442,out_of_scope_segment,(blank)
bse_all,800443,out_of_scope_segment,(blank)
bse_all,800444,out_of_scope_segment,(blank)
bse_all,800446,out_of_scope_segment,(blank)
bse_all,800449,out_of_scope_segment,(blank)
bse_all,800450,out_of_scope_segment,(blank)
bse_all,800451,out_of_scope_segment,(blank)
bse_all,800452,out_of_scope_segment,(blank)
bse_all,800455,out_of_scope_segment,(blank)
bse_all,800456,out_of_scope_segment,(blank)
bse_all,800457,out_of_scope_segment,(blank)
bse_all,800458,out_of_scope_segment,(blank)
bse_all,800488,out_of_scope_segment,(blank)
bse_all,800489,out_of_scope_segment,(blank)
bse_all,800496,out_of_scope_segment,(blank)
bse_all,800497,out_of_scope_segment,(blank)
bse_all,800498,out_of_scope_segment,(blank)
bse_all,800499,out_of_scope_segment,(blank)
bse_all,800500,out_of_scope_segment,(blank)
bse_all,800501,out_of_scope_segment,(blank)
bse_all,800502,out_of_scope_segment,(blank)
bse_all,800503,out_of_scope_segment,(blank)
bse_all,800504,out_of_scope_segment,(blank)
bse_all,800505,out_of_scope_segment,(blank)
bse_all,800506,out_of_scope_segment,(blank)
bse_all,800508,out_of_scope_segment,(blank)
bse_all,800509,out_of_scope_segment,(blank)
bse_all,800510,out_of_scope_segment,(blank)
bse_all,800511,out_of_scope_segment,(blank)
bse_all,800512,out_of_scope_segment,(blank)
bse_all,800513,out_of_scope_segment,(blank)
bse_all,800514,out_of_scope_segment,(blank)
bse_all,800515,out_of_scope_segment,(blank)
bse_all,800516,out_of_scope_segment,(blank)
bse_all,800517,out_of_scope_segment,(blank)
bse_all,800520,out_of_scope_segment,(blank)
bse_all,800521,out_of_scope_segment,(blank)
bse_all,800522,out_of_scope_segment,(blank)
bse_all,800523,out_of_scope_segment,(blank)
bse_all,800524,out_of_scope_segment,(blank)
bse_all,800525,out_of_scope_segment,(blank)
bse_all,800526,out_of_scope_segment,(blank)
bse_all,800527,out_of_scope_segment,(blank)
bse_all,800528,out_of_scope_segment,(blank)
bse_all,800529,out_of_scope_segment,(blank)
bse_all,800530,out_of_scope_segment,(blank)
bse_all,800531,out_of_scope_segment,(blank)
bse_all,800532,out_of_scope_segment,(blank)
bse_all,800533,out_of_scope_segment,(blank)
bse_all,800534,out_of_scope_segment,(blank)
bse_all,800535,out_of_scope_segment,(blank)
bse_all,800536,out_of_scope_segment,(blank)
bse_all,800537,out_of_scope_segment,(blank)
bse_all,800538,out_of_scope_segment,(blank)
bse_all,800539,out_of_scope_segment,(blank)
bse_all,800540,out_of_scope_segment,(blank)
bse_all,800541,out_of_scope_segment,(blank)
bse_all,800542,out_of_scope_segment,(blank)
bse_all,800543,out_of_scope_segment,(blank)
bse_all,800544,out_of_scope_segment,(blank)
bse_all,800545,out_of_scope_segment,(blank)
bse_all,800546,out_of_scope_segment,(blank)
bse_all,800547,out_of_scope_segment,(blank)
bse_all,800548,out_of_scope_segment,(blank)
bse_all,800549,out_of_scope_segment,(blank)
bse_all,800550,out_of_scope_segment,(blank)
bse_all,800551,out_of_scope_segment,(blank)
bse_all,800552,out_of_scope_segment,(blank)
bse_all,800553,out_of_scope_segment,(blank)
bse_all,800554,out_of_scope_segment,(blank)
bse_all,800555,out_of_scope_segment,(blank)
bse_all,800556,out_of_scope_segment,(blank)
bse_all,800557,out_of_scope_segment,(blank)
bse_all,800558,out_of_scope_segment,(blank)
bse_all,800559,out_of_scope_segment,(blank)
bse_all,800560,out_of_scope_segment,(blank)
bse_all,800561,out_of_scope_segment,(blank)
bse_all,800562,out_of_scope_segment,(blank)
bse_all,800563,out_of_scope_segment,(blank)
bse_all,800564,out_of_scope_segment,(blank)
bse_all,800565,out_of_scope_segment,(blank)
bse_all,800566,out_of_scope_segment,(blank)
bse_all,800567,out_of_scope_segment,(blank)
bse_all,800568,out_of_scope_segment,(blank)
bse_all,800569,out_of_scope_segment,(blank)
bse_all,800570,out_of_scope_segment,(blank)
bse_all,800571,out_of_scope_segment,(blank)
bse_all,800572,out_of_scope_segment,(blank)
bse_all,800573,out_of_scope_segment,(blank)
bse_all,800574,out_of_scope_segment,(blank)
bse_all,800575,out_of_scope_segment,(blank)
bse_all,800576,out_of_scope_segment,(blank)
bse_all,800577,out_of_scope_segment,(blank)
bse_all,800580,out_of_scope_segment,(blank)
bse_all,800581,out_of_scope_segment,(blank)
bse_all,800582,out_of_scope_segment,(blank)
bse_all,800583,out_of_scope_segment,(blank)
bse_all,800584,out_of_scope_segment,(blank)
bse_all,800585,out_of_scope_segment,(blank)
bse_all,800586,out_of_scope_segment,(blank)
bse_all,800587,out_of_scope_segment,(blank)
bse_all,800588,out_of_scope_segment,(blank)
bse_all,800592,out_of_scope_segment,(blank)
bse_all,800593,out_of_scope_segment,(blank)
bse_all,800594,out_of_scope_segment,(blank)
bse_all,800595,out_of_scope_segment,(blank)
bse_all,800596,out_of_scope_segment,(blank)
bse_all,800597,out_of_scope_segment,(blank)
bse_all,800598,out_of_scope_segment,(blank)
bse_all,800599,out_of_scope_segment,(blank)
bse_all,800600,out_of_scope_segment,(blank)
bse_all,800601,out_of_scope_segment,(blank)
bse_all,800603,out_of_scope_segment,(blank)
bse_all,800604,out_of_scope_segment,(blank)
bse_all,800605,out_of_scope_segment,(blank)
bse_all,800606,out_of_scope_segment,(blank)
bse_all,800607,out_of_scope_segment,(blank)
bse_all,800608,out_of_scope_segment,(blank)
bse_all,800609,out_of_scope_segment,(blank)
bse_all,800610,out_of_scope_segment,(blank)
bse_all,800611,out_of_scope_segment,(blank)
bse_all,800612,out_of_scope_segment,(blank)
bse_all,800613,out_of_scope_segment,(blank)
bse_all,800614,out_of_scope_segment,(blank)
bse_all,800615,out_of_scope_segment,(blank)
bse_all,800616,out_of_scope_segment,(blank)
bse_all,800617,out_of_scope_segment,(blank)
bse_all,800618,out_of_scope_segment,(blank)
bse_all,800619,out_of_scope_segment,(blank)
bse_all,800620,out_of_scope_segment,(blank)
bse_all,800621,out_of_scope_segment,(blank)
bse_all,800622,out_of_scope_segment,(blank)
bse_all,800623,out_of_scope_segment,(blank)
bse_all,800624,out_of_scope_segment,(blank)
bse_all,800625,out_of_scope_segment,(blank)
bse_all,800626,out_of_scope_segment,(blank)
bse_all,800627,out_of_scope_segment,(blank)
bse_all,800628,out_of_scope_segment,(blank)
bse_all,800629,out_of_scope_segment,(blank)
bse_all,800630,out_of_scope_segment,(blank)
bse_all,800631,out_of_scope_segment,(blank)
bse_all,800632,out_of_scope_segment,(blank)
bse_all,800633,out_of_scope_segment,(blank)
bse_all,800634,out_of_scope_segment,(blank)
bse_all,800635,out_of_scope_segment,(blank)
bse_all,800636,out_of_scope_segment,(blank)
bse_all,800637,out_of_scope_segment,(blank)
bse_all,800638,out_of_scope_segment,(blank)
bse_all,800639,out_of_scope_segment,(blank)
bse_all,800640,out_of_scope_segment,(blank)
bse_all,800641,out_of_scope_segment,(blank)
bse_all,800642,out_of_scope_segment,(blank)
bse_all,800643,out_of_scope_segment,(blank)
bse_all,800644,out_of_scope_segment,(blank)
bse_all,800645,out_of_scope_segment,(blank)
bse_all,800650,out_of_scope_segment,(blank)
bse_all,800651,out_of_scope_segment,(blank)
bse_all,800652,out_of_scope_segment,(blank)
bse_all,800653,out_of_scope_segment,(blank)
bse_all,800654,out_of_scope_segment,(blank)
bse_all,800655,out_of_scope_segment,(blank)
bse_all,800656,out_of_scope_segment,(blank)
bse_all,800657,out_of_scope_segment,(blank)
bse_all,800658,out_of_scope_segment,(blank)
bse_all,800659,out_of_scope_segment,(blank)
bse_all,800660,out_of_scope_segment,(blank)
bse_all,800661,out_of_scope_segment,(blank)
bse_all,800662,out_of_scope_segment,(blank)
bse_all,800663,out_of_scope_segment,(blank)
bse_all,800664,out_of_scope_segment,(blank)
bse_all,800665,out_of_scope_segment,(blank)
bse_all,800666,out_of_scope_segment,(blank)
bse_all,800667,out_of_scope_segment,(blank)
bse_all,800668,out_of_scope_segment,(blank)
bse_all,800669,out_of_scope_segment,(blank)
bse_all,800670,out_of_scope_segment,(blank)
bse_all,800671,out_of_scope_segment,(blank)
bse_all,800672,out_of_scope_segment,(blank)
bse_all,800673,out_of_scope_segment,(blank)
bse_all,800674,out_of_scope_segment,(blank)
bse_all,800675,out_of_scope_segment,(blank)
bse_all,800676,out_of_scope_segment,(blank)
bse_all,800677,out_of_scope_segment,(blank)
bse_all,800678,out_of_scope_segment,(blank)
bse_all,800679,out_of_scope_segment,(blank)
bse_all,800680,out_of_scope_segment,(blank)
bse_all,800681,out_of_scope_segment,(blank)
bse_all,800682,out_of_scope_segment,(blank)
bse_all,800683,out_of_scope_segment,(blank)
bse_all,800684,out_of_scope_segment,(blank)
bse_all,800685,out_of_scope_segment,(blank)
bse_all,800686,out_of_scope_segment,(blank)
bse_all,800687,out_of_scope_segment,(blank)
bse_all,800688,out_of_scope_segment,(blank)
bse_all,800689,out_of_scope_segment,(blank)
bse_all,800690,out_of_scope_segment,(blank)
bse_all,800691,out_of_scope_segment,(blank)
bse_all,800692,out_of_scope_segment,(blank)
bse_all,800693,out_of_scope_segment,(blank)
bse_all,800694,out_of_scope_segment,(blank)
bse_all,800695,out_of_scope_segment,(blank)
bse_all,800696,out_of_scope_segment,(blank)
bse_all,800697,out_of_scope_segment,(blank)
bse_all,800698,out_of_scope_segment,(blank)
bse_all,800699,out_of_scope_segment,(blank)
bse_all,800700,out_of_scope_segment,(blank)
bse_all,800701,out_of_scope_segment,(blank)
bse_all,800702,out_of_scope_segment,(blank)
bse_all,800703,out_of_scope_segment,(blank)
bse_all,800704,out_of_scope_segment,(blank)
bse_all,800705,out_of_scope_segment,(blank)
bse_all,800706,out_of_scope_segment,(blank)
bse_all,800707,out_of_scope_segment,(blank)
bse_all,800708,out_of_scope_segment,(blank)
bse_all,800709,out_of_scope_segment,(blank)
bse_all,800710,out_of_scope_segment,(blank)
bse_all,800711,out_of_scope_segment,(blank)
bse_all,800712,out_of_scope_segment,(blank)
bse_all,800713,out_of_scope_segment,(blank)
bse_all,800714,out_of_scope_segment,(blank)
bse_all,800715,out_of_scope_segment,(blank)
bse_all,800716,out_of_scope_segment,(blank)
bse_all,800717,out_of_scope_segment,(blank)
bse_all,800718,out_of_scope_segment,(blank)
bse_all,800719,out_of_scope_segment,(blank)
bse_all,800720,out_of_scope_segment,(blank)
bse_all,800721,out_of_scope_segment,(blank)
bse_all,800722,out_of_scope_segment,(blank)
bse_all,800723,out_of_scope_segment,(blank)
bse_all,800724,out_of_scope_segment,(blank)
bse_all,800725,out_of_scope_segment,(blank)
bse_all,800726,out_of_scope_segment,(blank)
bse_all,800727,out_of_scope_segment,(blank)
bse_all,800728,out_of_scope_segment,(blank)
bse_all,800729,out_of_scope_segment,(blank)
bse_all,800730,out_of_scope_segment,(blank)
bse_all,800731,out_of_scope_segment,(blank)
bse_all,800732,out_of_scope_segment,(blank)
bse_all,800733,out_of_scope_segment,(blank)
bse_all,800734,out_of_scope_segment,(blank)
bse_all,800735,out_of_scope_segment,(blank)
bse_all,800736,out_of_scope_segment,(blank)
bse_all,800737,out_of_scope_segment,(blank)
bse_all,800738,out_of_scope_segment,(blank)
bse_all,800739,out_of_scope_segment,(blank)
bse_all,800740,out_of_scope_segment,(blank)
bse_all,800741,out_of_scope_segment,(blank)
bse_all,800742,out_of_scope_segment,(blank)
bse_all,800743,out_of_scope_segment,(blank)
bse_all,800744,out_of_scope_segment,(blank)
bse_all,800745,out_of_scope_segment,(blank)
bse_all,800746,out_of_scope_segment,(blank)
bse_all,800747,out_of_scope_segment,(blank)
bse_all,800748,out_of_scope_segment,(blank)
bse_all,800749,out_of_scope_segment,(blank)
bse_all,800750,out_of_scope_segment,(blank)
bse_all,800751,out_of_scope_segment,(blank)
bse_all,800752,out_of_scope_segment,(blank)
bse_all,800753,out_of_scope_segment,(blank)
bse_all,800754,out_of_scope_segment,(blank)
bse_all,800755,out_of_scope_segment,(blank)
bse_all,800756,out_of_scope_segment,(blank)
bse_all,800757,out_of_scope_segment,(blank)
bse_all,800758,out_of_scope_segment,(blank)
bse_all,800759,out_of_scope_segment,(blank)
bse_all,800760,out_of_scope_segment,(blank)
bse_all,800761,out_of_scope_segment,(blank)
bse_all,800762,out_of_scope_segment,(blank)
bse_all,800763,out_of_scope_segment,(blank)
bse_all,800764,out_of_scope_segment,(blank)
bse_all,800765,out_of_scope_segment,(blank)
bse_all,800766,out_of_scope_segment,(blank)
bse_all,800767,out_of_scope_segment,(blank)
bse_all,800768,out_of_scope_segment,(blank)
bse_all,800769,out_of_scope_segment,(blank)
bse_all,800770,out_of_scope_segment,(blank)
bse_all,800771,out_of_scope_segment,(blank)
bse_all,800772,out_of_scope_segment,(blank)
bse_all,800773,out_of_scope_segment,(blank)
bse_all,800774,out_of_scope_segment,(blank)
bse_all,800775,out_of_scope_segment,(blank)
bse_all,800776,out_of_scope_segment,(blank)
bse_all,800777,out_of_scope_segment,(blank)
bse_all,800778,out_of_scope_segment,(blank)
bse_all,800779,out_of_scope_segment,(blank)
bse_all,800780,out_of_scope_segment,(blank)
bse_all,800781,out_of_scope_segment,(blank)
bse_all,800782,out_of_scope_segment,(blank)
bse_all,800783,out_of_scope_segment,(blank)
bse_all,800784,out_of_scope_segment,(blank)
bse_all,800785,out_of_scope_segment,(blank)
bse_all,800786,out_of_scope_segment,(blank)
bse_all,800787,out_of_scope_segment,(blank)
bse_all,800788,out_of_scope_segment,(blank)
bse_all,800789,out_of_scope_segment,(blank)
bse_all,800790,out_of_scope_segment,(blank)
bse_all,800791,out_of_scope_segment,(blank)
bse_all,800792,out_of_scope_segment,(blank)
bse_all,800793,out_of_scope_segment,(blank)
bse_all,800794,out_of_scope_segment,(blank)
bse_all,800797,out_of_scope_segment,(blank)
bse_all,800798,out_of_scope_segment,(blank)
bse_all,800799,out_of_scope_segment,(blank)
bse_all,800800,out_of_scope_segment,(blank)
bse_all,800801,out_of_scope_segment,(blank)
bse_all,800802,out_of_scope_segment,(blank)
bse_all,800803,out_of_scope_segment,(blank)
bse_all,800804,out_of_scope_segment,(blank)
bse_all,800805,out_of_scope_segment,(blank)
bse_all,800806,out_of_scope_segment,(blank)
bse_all,800807,out_of_scope_segment,(blank)
bse_all,800808,out_of_scope_segment,(blank)
bse_all,800809,out_of_scope_segment,(blank)
bse_all,800810,out_of_scope_segment,(blank)
bse_all,800811,out_of_scope_segment,(blank)
bse_all,800812,out_of_scope_segment,(blank)
bse_all,800813,out_of_scope_segment,(blank)
bse_all,800814,out_of_scope_segment,(blank)
bse_all,800815,out_of_scope_segment,(blank)
bse_all,800816,out_of_scope_segment,(blank)
bse_all,800817,out_of_scope_segment,(blank)
bse_all,800818,out_of_scope_segment,(blank)
bse_all,800819,out_of_scope_segment,(blank)
bse_all,800820,out_of_scope_segment,(blank)
bse_all,800821,out_of_scope_segment,(blank)
bse_all,800822,out_of_scope_segment,(blank)
bse_all,804149,out_of_scope_segment,(blank)
bse_all,805120,out_of_scope_segment,(blank)
bse_all,805123,out_of_scope_segment,(blank)
bse_all,805126,out_of_scope_segment,(blank)
bse_all,805129,out_of_scope_segment,(blank)
bse_all,805132,out_of_scope_segment,(blank)
bse_all,805135,out_of_scope_segment,(blank)
bse_all,805138,out_of_scope_segment,(blank)
bse_all,805141,out_of_scope_segment,(blank)
bse_all,805144,out_of_scope_segment,(blank)
bse_all,805147,out_of_scope_segment,(blank)
bse_all,805150,out_of_scope_segment,(blank)
bse_all,805153,out_of_scope_segment,(blank)
bse_all,805156,out_of_scope_segment,(blank)
bse_all,805159,out_of_scope_segment,(blank)
bse_all,805162,out_of_scope_segment,(blank)
bse_all,805165,out_of_scope_segment,(blank)
bse_all,805168,out_of_scope_segment,(blank)
bse_all,805171,out_of_scope_segment,(blank)
bse_all,805174,out_of_scope_segment,(blank)
bse_all,805177,out_of_scope_segment,(blank)
bse_all,805180,out_of_scope_segment,(blank)
bse_all,805183,out_of_scope_segment,(blank)
bse_all,805186,out_of_scope_segment,(blank)
bse_all,805189,out_of_scope_segment,(blank)
bse_all,805192,out_of_scope_segment,(blank)
bse_all,805194,out_of_scope_segment,(blank)
bse_all,805195,out_of_scope_segment,(blank)
bse_all,805197,out_of_scope_segment,(blank)
bse_all,805198,out_of_scope_segment,(blank)
bse_all,805200,out_of_scope_segment,(blank)
bse_all,805201,out_of_scope_segment,(blank)
bse_all,805203,out_of_scope_segment,(blank)
bse_all,805204,out_of_scope_segment,(blank)
bse_all,805206,out_of_scope_segment,(blank)
bse_all,805207,out_of_scope_segment,(blank)
bse_all,805209,out_of_scope_segment,(blank)
bse_all,805210,out_of_scope_segment,(blank)
bse_all,805212,out_of_scope_segment,(blank)
bse_all,805213,out_of_scope_segment,(blank)
bse_all,805215,out_of_scope_segment,(blank)
bse_all,805216,out_of_scope_segment,(blank)
bse_all,805218,out_of_scope_segment,(blank)
bse_all,805219,out_of_scope_segment,(blank)
bse_all,805221,out_of_scope_segment,(blank)
bse_all,805222,out_of_scope_segment,(blank)
bse_all,805224,out_of_scope_segment,(blank)
bse_all,805225,out_of_scope_segment,(blank)
bse_all,805227,out_of_scope_segment,(blank)
bse_all,805228,out_of_scope_segment,(blank)
bse_all,805229,out_of_scope_segment,(blank)
bse_all,805230,out_of_scope_segment,(blank)
bse_all,805231,out_of_scope_segment,(blank)
bse_all,805232,out_of_scope_segment,(blank)
bse_all,805233,out_of_scope_segment,(blank)
bse_all,805234,out_of_scope_segment,(blank)
bse_all,805235,out_of_scope_segment,(blank)
bse_all,805236,out_of_scope_segment,(blank)
bse_all,805237,out_of_scope_segment,(blank)
bse_all,805238,out_of_scope_segment,(blank)
bse_all,805239,out_of_scope_segment,(blank)
bse_all,805240,out_of_scope_segment,(blank)
bse_all,805241,out_of_scope_segment,(blank)
bse_all,805242,out_of_scope_segment,(blank)
bse_all,805243,out_of_scope_segment,(blank)
bse_all,805244,out_of_scope_segment,(blank)
bse_all,805245,out_of_scope_segment,(blank)
bse_all,805246,out_of_scope_segment,(blank)
bse_all,805247,out_of_scope_segment,(blank)
bse_all,805248,out_of_scope_segment,(blank)
bse_all,805249,out_of_scope_segment,(blank)
bse_all,805250,out_of_scope_segment,(blank)
bse_all,805251,out_of_scope_segment,(blank)
bse_all,805252,out_of_scope_segment,(blank)
bse_all,805253,out_of_scope_segment,(blank)
bse_all,805254,out_of_scope_segment,(blank)
bse_all,805255,out_of_scope_segment,(blank)
bse_all,805256,out_of_scope_segment,(blank)
bse_all,805257,out_of_scope_segment,(blank)
bse_all,805258,out_of_scope_segment,(blank)
bse_all,805259,out_of_scope_segment,(blank)
bse_all,805260,out_of_scope_segment,(blank)
bse_all,805261,out_of_scope_segment,(blank)
bse_all,805262,out_of_scope_segment,(blank)
bse_all,805263,out_of_scope_segment,(blank)
bse_all,805264,out_of_scope_segment,(blank)
bse_all,810574,out_of_scope_segment,(blank)
bse_all,810575,out_of_scope_segment,(blank)
bse_all,810576,out_of_scope_segment,(blank)
bse_all,810577,out_of_scope_segment,(blank)
bse_all,810578,out_of_scope_segment,(blank)
bse_all,810579,out_of_scope_segment,(blank)
bse_all,810581,out_of_scope_segment,(blank)
bse_all,810583,out_of_scope_segment,(blank)
bse_all,810585,out_of_scope_segment,(blank)
bse_all,810588,out_of_scope_segment,(blank)
bse_all,810590,out_of_scope_segment,(blank)
bse_all,810594,out_of_scope_segment,(blank)
bse_all,810596,out_of_scope_segment,(blank)
bse_all,810597,out_of_scope_segment,(blank)
bse_all,810598,out_of_scope_segment,(blank)
bse_all,810599,out_of_scope_segment,(blank)
bse_all,810600,out_of_scope_segment,(blank)
bse_all,810601,out_of_scope_segment,(blank)
bse_all,810602,out_of_scope_segment,(blank)
bse_all,810603,out_of_scope_segment,(blank)
bse_all,810607,out_of_scope_segment,(blank)
bse_all,810608,out_of_scope_segment,(blank)
bse_all,810609,out_of_scope_segment,(blank)
bse_all,810610,out_of_scope_segment,(blank)
bse_all,810611,out_of_scope_segment,(blank)
bse_all,810612,out_of_scope_segment,(blank)
bse_all,810613,out_of_scope_segment,(blank)
bse_all,810614,out_of_scope_segment,(blank)
bse_all,810615,out_of_scope_segment,(blank)
bse_all,810616,out_of_scope_segment,(blank)
bse_all,810617,out_of_scope_segment,(blank)
bse_all,810618,out_of_scope_segment,(blank)
bse_all,810619,out_of_scope_segment,(blank)
bse_all,810620,out_of_scope_segment,(blank)
bse_all,810621,out_of_scope_segment,(blank)
bse_all,810622,out_of_scope_segment,(blank)
bse_all,810623,out_of_scope_segment,(blank)
bse_all,810624,out_of_scope_segment,(blank)
bse_all,810626,out_of_scope_segment,(blank)
bse_all,810627,out_of_scope_segment,(blank)
bse_all,810628,out_of_scope_segment,(blank)
bse_all,810629,out_of_scope_segment,(blank)
bse_all,810630,out_of_scope_segment,(blank)
bse_all,810631,out_of_scope_segment,(blank)
bse_all,810632,out_of_scope_segment,(blank)
bse_all,810633,out_of_scope_segment,(blank)
bse_all,810634,out_of_scope_segment,(blank)
bse_all,810635,out_of_scope_segment,(blank)
bse_all,810636,out_of_scope_segment,(blank)
bse_all,810637,out_of_scope_segment,(blank)
bse_all,810638,out_of_scope_segment,(blank)
bse_all,810639,out_of_scope_segment,(blank)
bse_all,810640,out_of_scope_segment,(blank)
bse_all,810641,out_of_scope_segment,(blank)
bse_all,810642,out_of_scope_segment,(blank)
bse_all,810643,out_of_scope_segment,(blank)
bse_all,810644,out_of_scope_segment,(blank)
bse_all,810645,out_of_scope_segment,(blank)
bse_all,810646,out_of_scope_segment,(blank)
bse_all,810647,out_of_scope_segment,(blank)
bse_all,810648,out_of_scope_segment,(blank)
bse_all,810649,out_of_scope_segment,(blank)
bse_all,810650,out_of_scope_segment,(blank)
bse_all,810651,out_of_scope_segment,(blank)
bse_all,810652,out_of_scope_segment,(blank)
bse_all,810653,out_of_scope_segment,(blank)
bse_all,810654,out_of_scope_segment,(blank)
bse_all,810655,out_of_scope_segment,(blank)
bse_all,810656,out_of_scope_segment,(blank)
bse_all,810657,out_of_scope_segment,(blank)
bse_all,810658,out_of_scope_segment,(blank)
bse_all,810659,out_of_scope_segment,(blank)
bse_all,810660,out_of_scope_segment,(blank)
bse_all,810661,out_of_scope_segment,(blank)
bse_all,810662,out_of_scope_segment,(blank)
bse_all,810663,out_of_scope_segment,(blank)
bse_all,810664,out_of_scope_segment,(blank)
bse_all,810665,out_of_scope_segment,(blank)
bse_all,810666,out_of_scope_segment,(blank)
bse_all,810667,out_of_scope_segment,(blank)
bse_all,810668,out_of_scope_segment,(blank)
bse_all,810669,out_of_scope_segment,(blank)
bse_all,810670,out_of_scope_segment,(blank)
bse_all,810671,out_of_scope_segment,(blank)
bse_all,810672,out_of_scope_segment,(blank)
bse_all,810673,out_of_scope_segment,(blank)
bse_all,810674,out_of_scope_segment,(blank)
bse_all,810675,out_of_scope_segment,(blank)
bse_all,810676,out_of_scope_segment,(blank)
bse_all,810677,out_of_scope_segment,(blank)
bse_all,810678,out_of_scope_segment,(blank)
bse_all,810679,out_of_scope_segment,(blank)
bse_all,810680,out_of_scope_segment,(blank)
bse_all,810681,out_of_scope_segment,(blank)
bse_all,810682,out_of_scope_segment,(blank)
bse_all,810683,out_of_scope_segment,(blank)
bse_all,810684,out_of_scope_segment,(blank)
bse_all,810685,out_of_scope_segment,(blank)
bse_all,810686,out_of_scope_segment,(blank)
bse_all,810687,out_of_scope_segment,(blank)
bse_all,810688,out_of_scope_segment,(blank)
bse_all,810689,out_of_scope_segment,(blank)
bse_all,810690,out_of_scope_segment,(blank)
bse_all,810691,out_of_scope_segment,(blank)
bse_all,810692,out_of_scope_segment,(blank)
bse_all,810693,out_of_scope_segment,(blank)
bse_all,810694,out_of_scope_segment,(blank)
bse_all,810695,out_of_scope_segment,(blank)
bse_all,810696,out_of_scope_segment,(blank)
bse_all,810697,out_of_scope_segment,(blank)
bse_all,810698,out_of_scope_segment,(blank)
bse_all,810699,out_of_scope_segment,(blank)
bse_all,810700,out_of_scope_segment,(blank)
bse_all,810701,out_of_scope_segment,(blank)
bse_all,810702,out_of_scope_segment,(blank)
bse_all,810703,out_of_scope_segment,(blank)
bse_all,810704,out_of_scope_segment,(blank)
bse_all,810705,out_of_scope_segment,(blank)
bse_all,810707,out_of_scope_segment,(blank)
bse_all,810708,out_of_scope_segment,(blank)
bse_all,810710,out_of_scope_segment,(blank)
bse_all,810718,out_of_scope_segment,(blank)
bse_all,810719,out_of_scope_segment,(blank)
bse_all,810720,out_of_scope_segment,(blank)
bse_all,810721,out_of_scope_segment,(blank)
bse_all,810722,out_of_scope_segment,(blank)
bse_all,810723,out_of_scope_segment,(blank)
bse_all,810724,out_of_scope_segment,(blank)
bse_all,810725,out_of_scope_segment,(blank)
bse_all,810726,out_of_scope_segment,(blank)
bse_all,810727,out_of_scope_segment,(blank)
bse_all,810728,out_of_scope_segment,(blank)
bse_all,810729,out_of_scope_segment,(blank)
bse_all,810730,out_of_scope_segment,(blank)
bse_all,810731,out_of_scope_segment,(blank)
bse_all,810732,out_of_scope_segment,(blank)
bse_all,810733,out_of_scope_segment,(blank)
bse_all,810734,out_of_scope_segment,(blank)
bse_all,810735,out_of_scope_segment,(blank)
bse_all,810736,out_of_scope_segment,(blank)
bse_all,810737,out_of_scope_segment,(blank)
bse_all,810738,out_of_scope_segment,(blank)
bse_all,810739,out_of_scope_segment,(blank)
bse_all,810740,out_of_scope_segment,(blank)
bse_all,810741,out_of_scope_segment,(blank)
bse_all,810742,out_of_scope_segment,(blank)
bse_all,810743,out_of_scope_segment,(blank)
bse_all,810744,out_of_scope_segment,(blank)
bse_all,810745,out_of_scope_segment,(blank)
bse_all,810746,out_of_scope_segment,(blank)
bse_all,810747,out_of_scope_segment,(blank)
bse_all,810748,out_of_scope_segment,(blank)
bse_all,810749,out_of_scope_segment,(blank)
bse_all,810750,out_of_scope_segment,(blank)
bse_all,810751,out_of_scope_segment,(blank)
bse_all,810752,out_of_scope_segment,(blank)
bse_all,810753,out_of_scope_segment,(blank)
bse_all,810754,out_of_scope_segment,(blank)
bse_all,810755,out_of_scope_segment,(blank)
bse_all,810756,out_of_scope_segment,(blank)
bse_all,810757,out_of_scope_segment,(blank)
bse_all,810758,out_of_scope_segment,(blank)
bse_all,810759,out_of_scope_segment,(blank)
bse_all,810760,out_of_scope_segment,(blank)
bse_all,810761,out_of_scope_segment,(blank)
bse_all,810763,out_of_scope_segment,(blank)
bse_all,810764,out_of_scope_segment,(blank)
bse_all,810765,out_of_scope_segment,(blank)
bse_all,810766,out_of_scope_segment,(blank)
bse_all,810767,out_of_scope_segment,(blank)
bse_all,810768,out_of_scope_segment,(blank)
bse_all,810769,out_of_scope_segment,(blank)
bse_all,810770,out_of_scope_segment,(blank)
bse_all,810771,out_of_scope_segment,(blank)
bse_all,810772,out_of_scope_segment,(blank)
bse_all,810773,out_of_scope_segment,(blank)
bse_all,810774,out_of_scope_segment,(blank)
bse_all,810775,out_of_scope_segment,(blank)
bse_all,810776,out_of_scope_segment,(blank)
bse_all,810777,out_of_scope_segment,(blank)
bse_all,810778,out_of_scope_segment,(blank)
bse_all,810779,out_of_scope_segment,(blank)
bse_all,810780,out_of_scope_segment,(blank)
bse_all,810781,out_of_scope_segment,(blank)
bse_all,810782,out_of_scope_segment,(blank)
bse_all,810783,out_of_scope_segment,(blank)
bse_all,810784,out_of_scope_segment,(blank)
bse_all,810785,out_of_scope_segment,(blank)
bse_all,810786,out_of_scope_segment,(blank)
bse_all,810787,out_of_scope_segment,(blank)
bse_all,810788,out_of_scope_segment,(blank)
bse_all,810789,out_of_scope_segment,(blank)
bse_all,810790,out_of_scope_segment,(blank)
bse_all,810791,out_of_scope_segment,(blank)
bse_all,810792,out_of_scope_segment,(blank)
bse_all,810793,out_of_scope_segment,(blank)
bse_all,810794,out_of_scope_segment,(blank)
bse_all,810795,out_of_scope_segment,(blank)
bse_all,810796,out_of_scope_segment,(blank)
bse_all,810797,out_of_scope_segment,(blank)
bse_all,810798,out_of_scope_segment,(blank)
bse_all,810799,out_of_scope_segment,(blank)
bse_all,810800,out_of_scope_segment,(blank)
bse_all,810801,out_of_scope_segment,(blank)
bse_all,810802,out_of_scope_segment,(blank)
bse_all,810803,out_of_scope_segment,(blank)
bse_all,810804,out_of_scope_segment,(blank)
bse_all,810805,out_of_scope_segment,(blank)
bse_all,810806,out_of_scope_segment,(blank)
bse_all,810807,out_of_scope_segment,(blank)
bse_all,810808,out_of_scope_segment,(blank)
bse_all,810809,out_of_scope_segment,(blank)
bse_all,810810,out_of_scope_segment,(blank)
bse_all,810811,out_of_scope_segment,(blank)
bse_all,810812,out_of_scope_segment,(blank)
bse_all,810813,out_of_scope_segment,(blank)
bse_all,810814,out_of_scope_segment,(blank)
bse_all,810815,out_of_scope_segment,(blank)
bse_all,810816,out_of_scope_segment,(blank)
bse_all,810817,out_of_scope_segment,(blank)
bse_all,810818,out_of_scope_segment,(blank)
bse_all,810819,out_of_scope_segment,(blank)
bse_all,810820,out_of_scope_segment,(blank)
bse_all,810821,out_of_scope_segment,(blank)
bse_all,810822,out_of_scope_segment,(blank)
bse_all,810823,out_of_scope_segment,(blank)
bse_all,810824,out_of_scope_segment,(blank)
bse_all,810825,out_of_scope_segment,(blank)
bse_all,810826,out_of_scope_segment,(blank)
bse_all,810827,out_of_scope_segment,(blank)
bse_all,810828,out_of_scope_segment,(blank)
bse_all,810829,out_of_scope_segment,(blank)
bse_all,810830,out_of_scope_segment,(blank)
bse_all,810831,out_of_scope_segment,(blank)
bse_all,810832,out_of_scope_segment,(blank)
bse_all,810833,out_of_scope_segment,(blank)
bse_all,810834,out_of_scope_segment,(blank)
bse_all,810835,out_of_scope_segment,(blank)
bse_all,810836,out_of_scope_segment,(blank)
bse_all,810837,out_of_scope_segment,(blank)
bse_all,810838,out_of_scope_segment,(blank)
bse_all,810839,out_of_scope_segment,(blank)
bse_all,810840,out_of_scope_segment,(blank)
bse_all,810841,out_of_scope_segment,(blank)
bse_all,810842,out_of_scope_segment,(blank)
bse_all,810843,out_of_scope_segment,(blank)
bse_all,810844,out_of_scope_segment,(blank)
bse_all,810845,out_of_scope_segment,(blank)
bse_all,810846,out_of_scope_segment,(blank)
bse_all,810847,out_of_scope_segment,(blank)
bse_all,810848,out_of_scope_segment,(blank)
bse_all,810849,out_of_scope_segment,(blank)
bse_all,810850,out_of_scope_segment,(blank)
bse_all,810851,out_of_scope_segment,(blank)
bse_all,810852,out_of_scope_segment,(blank)
bse_all,810853,out_of_scope_segment,(blank)
bse_all,810854,out_of_scope_segment,(blank)
bse_all,810855,out_of_scope_segment,(blank)
bse_all,810856,out_of_scope_segment,(blank)
bse_all,810857,out_of_scope_segment,(blank)
bse_all,810858,out_of_scope_segment,(blank)
bse_all,810859,out_of_scope_segment,(blank)
bse_all,810860,out_of_scope_segment,(blank)
bse_all,810861,out_of_scope_segment,(blank)
bse_all,810862,out_of_scope_segment,(blank)
bse_all,810863,out_of_scope_segment,(blank)
bse_all,810864,out_of_scope_segment,(blank)
bse_all,810865,out_of_scope_segment,(blank)
bse_all,810866,out_of_scope_segment,(blank)
bse_all,810867,out_of_scope_segment,(blank)
bse_all,810868,out_of_scope_segment,(blank)
bse_all,810869,out_of_scope_segment,(blank)
bse_all,810870,out_of_scope_segment,(blank)
bse_all,810871,out_of_scope_segment,(blank)
bse_all,810872,out_of_scope_segment,(blank)
bse_all,810873,out_of_scope_segment,(blank)
bse_all,810874,out_of_scope_segment,(blank)
bse_all,810875,out_of_scope_segment,(blank)
bse_all,810876,out_of_scope_segment,(blank)
bse_all,810877,out_of_scope_segment,(blank)
bse_all,810878,out_of_scope_segment,(blank)
bse_all,810879,out_of_scope_segment,(blank)
bse_all,810880,out_of_scope_segment,(blank)
bse_all,810881,out_of_scope_segment,(blank)
bse_all,810882,out_of_scope_segment,(blank)
bse_all,810883,out_of_scope_segment,(blank)
bse_all,810884,out_of_scope_segment,(blank)
bse_all,810885,out_of_scope_segment,(blank)
bse_all,810886,out_of_scope_segment,(blank)
bse_all,810887,out_of_scope_segment,(blank)
bse_all,810888,out_of_scope_segment,(blank)
bse_all,810889,out_of_scope_segment,(blank)
bse_all,810890,out_of_scope_segment,(blank)
bse_all,810891,out_of_scope_segment,(blank)
bse_all,810892,out_of_scope_segment,(blank)
bse_all,810893,out_of_scope_segment,(blank)
bse_all,810894,out_of_scope_segment,(blank)
bse_all,810895,out_of_scope_segment,(blank)
bse_all,810896,out_of_scope_segment,(blank)
bse_all,810897,out_of_scope_segment,(blank)
bse_all,810898,out_of_scope_segment,(blank)
bse_all,810900,out_of_scope_segment,(blank)
bse_all,810901,out_of_scope_segment,(blank)
bse_all,810902,out_of_scope_segment,(blank)
bse_all,810903,out_of_scope_segment,(blank)
bse_all,810904,out_of_scope_segment,(blank)
bse_all,810905,out_of_scope_segment,(blank)
bse_all,810906,out_of_scope_segment,(blank)
bse_all,810907,out_of_scope_segment,(blank)
bse_all,810908,out_of_scope_segment,(blank)
bse_all,810909,out_of_scope_segment,(blank)
bse_all,810910,out_of_scope_segment,(blank)
bse_all,810911,out_of_scope_segment,(blank)
bse_all,810912,out_of_scope_segment,(blank)
bse_all,810913,out_of_scope_segment,(blank)
bse_all,810914,out_of_scope_segment,(blank)
bse_all,810915,out_of_scope_segment,(blank)
bse_all,810916,out_of_scope_segment,(blank)
bse_all,810917,out_of_scope_segment,(blank)
bse_all,810918,out_of_scope_segment,(blank)
bse_all,810919,out_of_scope_segment,(blank)
bse_all,810920,out_of_scope_segment,(blank)
bse_all,810921,out_of_scope_segment,(blank)
bse_all,810922,out_of_scope_segment,(blank)
bse_all,810923,out_of_scope_segment,(blank)
bse_all,810924,out_of_scope_segment,(blank)
bse_all,810925,out_of_scope_segment,(blank)
bse_all,810926,out_of_scope_segment,(blank)
bse_all,810927,out_of_scope_segment,(blank)
bse_all,810928,out_of_scope_segment,(blank)
bse_all,810929,out_of_scope_segment,(blank)
bse_all,810930,out_of_scope_segment,(blank)
bse_all,810931,out_of_scope_segment,(blank)
bse_all,810932,out_of_scope_segment,(blank)
bse_all,810933,out_of_scope_segment,(blank)
bse_all,810934,out_of_scope_segment,(blank)
bse_all,810935,out_of_scope_segment,(blank)
bse_all,810936,out_of_scope_segment,(blank)
bse_all,810937,out_of_scope_segment,(blank)
bse_all,810938,out_of_scope_segment,(blank)
bse_all,810939,out_of_scope_segment,(blank)
bse_all,810940,out_of_scope_segment,(blank)
bse_all,810941,out_of_scope_segment,(blank)
bse_all,810942,out_of_scope_segment,(blank)
bse_all,810943,out_of_scope_segment,(blank)
bse_all,810944,out_of_scope_segment,(blank)
bse_all,810945,out_of_scope_segment,(blank)
bse_all,810946,out_of_scope_segment,(blank)
bse_all,810947,out_of_scope_segment,(blank)
bse_all,810948,out_of_scope_segment,(blank)
bse_all,810949,out_of_scope_segment,(blank)
bse_all,810950,out_of_scope_segment,(blank)
bse_all,810951,out_of_scope_segment,(blank)
bse_all,810952,out_of_scope_segment,(blank)
bse_all,810953,out_of_scope_segment,(blank)
bse_all,810954,out_of_scope_segment,(blank)
bse_all,810955,out_of_scope_segment,(blank)
bse_all,810956,out_of_scope_segment,(blank)
bse_all,810958,out_of_scope_segment,(blank)
bse_all,810959,out_of_scope_segment,(blank)
bse_all,810960,out_of_scope_segment,(blank)
bse_all,810961,out_of_scope_segment,(blank)
bse_all,810962,out_of_scope_segment,(blank)
bse_all,810963,out_of_scope_segment,(blank)
bse_all,810964,out_of_scope_segment,(blank)
bse_all,810965,out_of_scope_segment,(blank)
bse_all,810966,out_of_scope_segment,(blank)
bse_all,810967,out_of_scope_segment,(blank)
bse_all,810968,out_of_scope_segment,(blank)
bse_all,810969,out_of_scope_segment,(blank)
bse_all,810970,out_of_scope_segment,(blank)
bse_all,810971,out_of_scope_segment,(blank)
bse_all,810972,out_of_scope_segment,(blank)
bse_all,810973,out_of_scope_segment,(blank)
bse_all,810974,out_of_scope_segment,(blank)
bse_all,810975,out_of_scope_segment,(blank)
bse_all,810976,out_of_scope_segment,(blank)
bse_all,810977,out_of_scope_segment,(blank)
bse_all,810978,out_of_scope_segment,(blank)
bse_all,810979,out_of_scope_segment,(blank)
bse_all,810980,out_of_scope_segment,(blank)
bse_all,810981,out_of_scope_segment,(blank)
bse_all,810982,out_of_scope_segment,(blank)
bse_all,810983,out_of_scope_segment,(blank)
bse_all,810984,out_of_scope_segment,(blank)
bse_all,810985,out_of_scope_segment,(blank)
bse_all,810986,out_of_scope_segment,(blank)
bse_all,810987,out_of_scope_segment,(blank)
bse_all,810988,out_of_scope_segment,(blank)
bse_all,810989,out_of_scope_segment,(blank)
bse_all,810990,out_of_scope_segment,(blank)
bse_all,810991,out_of_scope_segment,(blank)
bse_all,810992,out_of_scope_segment,(blank)
bse_all,810993,out_of_scope_segment,(blank)
bse_all,810994,out_of_scope_segment,(blank)
bse_all,810995,out_of_scope_segment,(blank)
bse_all,810996,out_of_scope_segment,(blank)
bse_all,810997,out_of_scope_segment,(blank)
bse_all,810998,out_of_scope_segment,(blank)
bse_all,810999,out_of_scope_segment,(blank)
bse_all,811000,out_of_scope_segment,(blank)
bse_all,811001,out_of_scope_segment,(blank)
bse_all,811002,out_of_scope_segment,(blank)
bse_all,811003,out_of_scope_segment,(blank)
bse_all,811004,out_of_scope_segment,(blank)
bse_all,811005,out_of_scope_segment,(blank)
bse_all,811006,out_of_scope_segment,(blank)
bse_all,811007,out_of_scope_segment,(blank)
bse_all,811008,out_of_scope_segment,(blank)
bse_all,811009,out_of_scope_segment,(blank)
bse_all,811010,out_of_scope_segment,(blank)
bse_all,811011,out_of_scope_segment,(blank)
bse_all,811012,out_of_scope_segment,(blank)
bse_all,811013,out_of_scope_segment,(blank)
bse_all,811014,out_of_scope_segment,(blank)
bse_all,811015,out_of_scope_segment,(blank)
bse_all,811016,out_of_scope_segment,(blank)
bse_all,811017,out_of_scope_segment,(blank)
bse_all,811018,out_of_scope_segment,(blank)
bse_all,811019,out_of_scope_segment,(blank)
bse_all,811020,out_of_scope_segment,(blank)
bse_all,811021,out_of_scope_segment,(blank)
bse_all,811022,out_of_scope_segment,(blank)
bse_all,811023,out_of_scope_segment,(blank)
bse_all,811024,out_of_scope_segment,(blank)
bse_all,811025,out_of_scope_segment,(blank)
bse_all,811026,out_of_scope_segment,(blank)
bse_all,811027,out_of_scope_segment,(blank)
bse_all,811028,out_of_scope_segment,(blank)
bse_all,811029,out_of_scope_segment,(blank)
bse_all,811030,out_of_scope_segment,(blank)
bse_all,811031,out_of_scope_segment,(blank)
bse_all,811032,out_of_scope_segment,(blank)
bse_all,811033,out_of_scope_segment,(blank)
bse_all,811034,out_of_scope_segment,(blank)
bse_all,811035,out_of_scope_segment,(blank)
bse_all,811036,out_of_scope_segment,(blank)
bse_all,811037,out_of_scope_segment,(blank)
bse_all,811038,out_of_scope_segment,(blank)
bse_all,811039,out_of_scope_segment,(blank)
bse_all,811040,out_of_scope_segment,(blank)
bse_all,811041,out_of_scope_segment,(blank)
bse_all,811042,out_of_scope_segment,(blank)
bse_all,811043,out_of_scope_segment,(blank)
bse_all,811044,out_of_scope_segment,(blank)
bse_all,811045,out_of_scope_segment,(blank)
bse_all,811046,out_of_scope_segment,(blank)
bse_all,811047,out_of_scope_segment,(blank)
bse_all,811048,out_of_scope_segment,(blank)
bse_all,811049,out_of_scope_segment,(blank)
bse_all,811050,out_of_scope_segment,(blank)
bse_all,811051,out_of_scope_segment,(blank)
bse_all,811052,out_of_scope_segment,(blank)
bse_all,811053,out_of_scope_segment,(blank)
bse_all,811054,out_of_scope_segment,(blank)
bse_all,811055,out_of_scope_segment,(blank)
bse_all,811056,out_of_scope_segment,(blank)
bse_all,811057,out_of_scope_segment,(blank)
bse_all,811058,out_of_scope_segment,(blank)
bse_all,811059,out_of_scope_segment,(blank)
bse_all,811060,out_of_scope_segment,(blank)
bse_all,811061,out_of_scope_segment,(blank)
bse_all,811062,out_of_scope_segment,(blank)
bse_all,811063,out_of_scope_segment,(blank)
bse_all,811064,out_of_scope_segment,(blank)
bse_all,811065,out_of_scope_segment,(blank)
bse_all,811066,out_of_scope_segment,(blank)
bse_all,811067,out_of_scope_segment,(blank)
bse_all,811068,out_of_scope_segment,(blank)
bse_all,811069,out_of_scope_segment,(blank)
bse_all,811070,out_of_scope_segment,(blank)
bse_all,811071,out_of_scope_segment,(blank)
bse_all,811072,out_of_scope_segment,(blank)
bse_all,811073,out_of_scope_segment,(blank)
bse_all,811074,out_of_scope_segment,(blank)
bse_all,811075,out_of_scope_segment,(blank)
bse_all,811076,out_of_scope_segment,(blank)
bse_all,811077,out_of_scope_segment,(blank)
bse_all,811078,out_of_scope_segment,(blank)
bse_all,811079,out_of_scope_segment,(blank)
bse_all,811080,out_of_scope_segment,(blank)
bse_all,811081,out_of_scope_segment,(blank)
bse_all,811082,out_of_scope_segment,(blank)
bse_all,811083,out_of_scope_segment,(blank)
bse_all,811084,out_of_scope_segment,(blank)
bse_all,811085,out_of_scope_segment,(blank)
bse_all,811086,out_of_scope_segment,(blank)
bse_all,811087,out_of_scope_segment,(blank)
bse_all,811088,out_of_scope_segment,(blank)
bse_all,811089,out_of_scope_segment,(blank)
bse_all,811090,out_of_scope_segment,(blank)
bse_all,811091,out_of_scope_segment,(blank)
bse_all,811092,out_of_scope_segment,(blank)
bse_all,811093,out_of_scope_segment,(blank)
bse_all,811094,out_of_scope_segment,(blank)
bse_all,811095,out_of_scope_segment,(blank)
bse_all,811096,out_of_scope_segment,(blank)
bse_all,811097,out_of_scope_segment,(blank)
bse_all,811098,out_of_scope_segment,(blank)
bse_all,811099,out_of_scope_segment,(blank)
bse_all,811100,out_of_scope_segment,(blank)
bse_all,811101,out_of_scope_segment,(blank)
bse_all,811102,out_of_scope_segment,(blank)
bse_all,811103,out_of_scope_segment,(blank)
bse_all,811104,out_of_scope_segment,(blank)
bse_all,811105,out_of_scope_segment,(blank)
bse_all,811106,out_of_scope_segment,(blank)
bse_all,811107,out_of_scope_segment,(blank)
bse_all,811108,out_of_scope_segment,(blank)
bse_all,811109,out_of_scope_segment,(blank)
bse_all,811110,out_of_scope_segment,(blank)
bse_all,811111,out_of_scope_segment,(blank)
bse_all,811112,out_of_scope_segment,(blank)
bse_all,811113,out_of_scope_segment,(blank)
bse_all,811114,out_of_scope_segment,(blank)
bse_all,811115,out_of_scope_segment,(blank)
bse_all,811116,out_of_scope_segment,(blank)
bse_all,811117,out_of_scope_segment,(blank)
bse_all,811118,out_of_scope_segment,(blank)
bse_all,811119,out_of_scope_segment,(blank)
bse_all,811120,out_of_scope_segment,(blank)
bse_all,811121,out_of_scope_segment,(blank)
bse_all,811122,out_of_scope_segment,(blank)
bse_all,811123,out_of_scope_segment,(blank)
bse_all,811124,out_of_scope_segment,(blank)
bse_all,811125,out_of_scope_segment,(blank)
bse_all,811126,out_of_scope_segment,(blank)
bse_all,811127,out_of_scope_segment,(blank)
bse_all,811128,out_of_scope_segment,(blank)
bse_all,811129,out_of_scope_segment,(blank)
bse_all,811130,out_of_scope_segment,(blank)
bse_all,811131,out_of_scope_segment,(blank)
bse_all,811132,out_of_scope_segment,(blank)
bse_all,811133,out_of_scope_segment,(blank)
bse_all,811134,out_of_scope_segment,(blank)
bse_all,811135,out_of_scope_segment,(blank)
bse_all,811136,out_of_scope_segment,(blank)
bse_all,811137,out_of_scope_segment,(blank)
bse_all,811138,out_of_scope_segment,(blank)
bse_all,811139,out_of_scope_segment,(blank)
bse_all,811140,out_of_scope_segment,(blank)
bse_all,811141,out_of_scope_segment,(blank)
bse_all,811142,out_of_scope_segment,(blank)
bse_all,811143,out_of_scope_segment,(blank)
bse_all,811144,out_of_scope_segment,(blank)
bse_all,811145,out_of_scope_segment,(blank)
bse_all,811146,out_of_scope_segment,(blank)
bse_all,811147,out_of_scope_segment,(blank)
bse_all,811148,out_of_scope_segment,(blank)
bse_all,811149,out_of_scope_segment,(blank)
bse_all,811150,out_of_scope_segment,(blank)
bse_all,811151,out_of_scope_segment,(blank)
bse_all,811152,out_of_scope_segment,(blank)
bse_all,811153,out_of_scope_segment,(blank)
bse_all,811154,out_of_scope_segment,(blank)
bse_all,811155,out_of_scope_segment,(blank)
bse_all,811156,out_of_scope_segment,(blank)
bse_all,811157,out_of_scope_segment,(blank)
bse_all,912463,out_of_scope_segment,Debentures and Bonds
bse_all,912464,out_of_scope_segment,Debentures and Bonds
bse_all,929001,out_of_scope_segment,Debentures and Bonds
bse_all,929002,out_of_scope_segment,Debentures and Bonds
bse_all,929003,out_of_scope_segment,Debentures and Bonds
bse_all,929004,out_of_scope_segment,Debentures and Bonds
bse_all,929008,out_of_scope_segment,Debentures and Bonds
bse_all,929009,out_of_scope_segment,Debentures and Bonds
bse_all,929010,out_of_scope_segment,Debentures and Bonds
bse_all,929011,out_of_scope_segment,Debentures and Bonds
bse_all,929012,out_of_scope_segment,Debentures and Bonds
bse_all,929015,out_of_scope_segment,Debentures and Bonds
bse_all,929016,out_of_scope_segment,Debentures and Bonds
bse_all,929017,out_of_scope_segment,Debentures and Bonds
bse_all,929018,out_of_scope_segment,Debentures and Bonds
bse_all,929019,out_of_scope_segment,Debentures and Bonds
bse_all,929020,out_of_scope_segment,Debentures and Bonds
bse_all,929021,out_of_scope_segment,Debentures and Bonds
bse_all,929022,out_of_scope_segment,Debentures and Bonds
bse_all,929023,out_of_scope_segment,Debentures and Bonds
bse_all,929024,out_of_scope_segment,Debentures and Bonds
bse_all,929025,out_of_scope_segment,Debentures and Bonds
bse_all,929026,out_of_scope_segment,Debentures and Bonds
bse_all,929027,out_of_scope_segment,Debentures and Bonds
bse_all,929028,out_of_scope_segment,Debentures and Bonds
bse_all,935508,out_of_scope_segment,Debentures and Bonds
bse_all,935510,out_of_scope_segment,Debentures and Bonds
bse_all,935512,out_of_scope_segment,Debentures and Bonds
bse_all,935514,out_of_scope_segment,Debentures and Bonds
bse_all,935542,out_of_scope_segment,Debentures and Bonds
bse_all,935544,out_of_scope_segment,Debentures and Bonds
bse_all,935546,out_of_scope_segment,Debentures and Bonds
bse_all,935548,out_of_scope_segment,Debentures and Bonds
bse_all,935568,out_of_scope_segment,Debentures and Bonds
bse_all,935570,out_of_scope_segment,Debentures and Bonds
bse_all,935574,out_of_scope_segment,Debentures and Bonds
bse_all,935576,out_of_scope_segment,Debentures and Bonds
bse_all,935582,out_of_scope_segment,Debentures and Bonds
bse_all,935584,out_of_scope_segment,Debentures and Bonds
bse_all,935612,out_of_scope_segment,Debentures and Bonds
bse_all,935614,out_of_scope_segment,Debentures and Bonds
bse_all,935618,out_of_scope_segment,Debentures and Bonds
bse_all,935620,out_of_scope_segment,Debentures and Bonds
bse_all,935638,out_of_scope_segment,Debentures and Bonds
bse_all,935642,out_of_scope_segment,Debentures and Bonds
bse_all,935664,out_of_scope_segment,Debentures and Bonds
bse_all,935666,out_of_scope_segment,Debentures and Bonds
bse_all,935670,out_of_scope_segment,Debentures and Bonds
bse_all,935674,out_of_scope_segment,Debentures and Bonds
bse_all,935678,out_of_scope_segment,Debentures and Bonds
bse_all,935682,out_of_scope_segment,Debentures and Bonds
bse_all,935686,out_of_scope_segment,Debentures and Bonds
bse_all,935690,out_of_scope_segment,Debentures and Bonds
bse_all,935856,out_of_scope_segment,Debentures and Bonds
bse_all,935858,out_of_scope_segment,Debentures and Bonds
bse_all,935860,out_of_scope_segment,Debentures and Bonds
bse_all,935862,out_of_scope_segment,Debentures and Bonds
bse_all,935864,out_of_scope_segment,Debentures and Bonds
bse_all,935866,out_of_scope_segment,Debentures and Bonds
bse_all,935868,out_of_scope_segment,Debentures and Bonds
bse_all,935870,out_of_scope_segment,Debentures and Bonds
bse_all,936042,out_of_scope_segment,Debentures and Bonds
bse_all,936044,out_of_scope_segment,Debentures and Bonds
bse_all,936046,out_of_scope_segment,Debentures and Bonds
bse_all,936048,out_of_scope_segment,Debentures and Bonds
bse_all,936130,out_of_scope_segment,Debentures and Bonds
bse_all,936132,out_of_scope_segment,Debentures and Bonds
bse_all,936224,out_of_scope_segment,Debentures and Bonds
bse_all,936226,out_of_scope_segment,Debentures and Bonds
bse_all,936230,out_of_scope_segment,Debentures and Bonds
bse_all,936236,out_of_scope_segment,Debentures and Bonds
bse_all,936252,out_of_scope_segment,Debentures and Bonds
bse_all,936254,out_of_scope_segment,Debentures and Bonds
bse_all,936276,out_of_scope_segment,Debentures and Bonds
bse_all,936278,out_of_scope_segment,Debentures and Bonds
bse_all,936280,out_of_scope_segment,Debentures and Bonds
bse_all,936282,out_of_scope_segment,Debentures and Bonds
bse_all,936292,out_of_scope_segment,Debentures and Bonds
bse_all,936294,out_of_scope_segment,Debentures and Bonds
bse_all,936320,out_of_scope_segment,Debentures and Bonds
bse_all,936322,out_of_scope_segment,Debentures and Bonds
bse_all,936326,out_of_scope_segment,Debentures and Bonds
bse_all,936332,out_of_scope_segment,Debentures and Bonds
bse_all,936384,out_of_scope_segment,Debentures and Bonds
bse_all,936386,out_of_scope_segment,Debentures and Bonds
bse_all,936398,out_of_scope_segment,Debentures and Bonds
bse_all,936400,out_of_scope_segment,Debentures and Bonds
bse_all,936410,out_of_scope_segment,Debentures and Bonds
bse_all,936412,out_of_scope_segment,Debentures and Bonds
bse_all,936414,out_of_scope_segment,Debentures and Bonds
bse_all,936416,out_of_scope_segment,Debentures and Bonds
bse_all,936454,out_of_scope_segment,Debentures and Bonds
bse_all,936460,out_of_scope_segment,Debentures and Bonds
bse_all,936476,out_of_scope_segment,Debentures and Bonds
bse_all,936478,out_of_scope_segment,Debentures and Bonds
bse_all,936526,out_of_scope_segment,Debentures and Bonds
bse_all,936528,out_of_scope_segment,Debentures and Bonds
bse_all,936530,out_of_scope_segment,Debentures and Bonds
bse_all,936532,out_of_scope_segment,Debentures and Bonds
bse_all,936572,out_of_scope_segment,Debentures and Bonds
bse_all,936574,out_of_scope_segment,Debentures and Bonds
bse_all,936576,out_of_scope_segment,Debentures and Bonds
bse_all,936578,out_of_scope_segment,Debentures and Bonds
bse_all,936634,out_of_scope_segment,Debentures and Bonds
bse_all,936636,out_of_scope_segment,Debentures and Bonds
bse_all,936656,out_of_scope_segment,Debentures and Bonds
bse_all,936722,out_of_scope_segment,Debentures and Bonds
bse_all,936724,out_of_scope_segment,Debentures and Bonds
bse_all,936744,out_of_scope_segment,Debentures and Bonds
bse_all,936808,out_of_scope_segment,Debentures and Bonds
bse_all,936810,out_of_scope_segment,Debentures and Bonds
bse_all,936812,out_of_scope_segment,Debentures and Bonds
bse_all,936814,out_of_scope_segment,Debentures and Bonds
bse_all,936944,out_of_scope_segment,Debentures and Bonds
bse_all,936975,out_of_scope_segment,Debentures and Bonds
bse_all,936977,out_of_scope_segment,Debentures and Bonds
bse_all,936991,out_of_scope_segment,Debentures and Bonds
bse_all,936993,out_of_scope_segment,Debentures and Bonds
bse_all,937015,out_of_scope_segment,Debentures and Bonds
bse_all,937017,out_of_scope_segment,Debentures and Bonds
bse_all,937037,out_of_scope_segment,Debentures and Bonds
bse_all,937051,out_of_scope_segment,Debentures and Bonds
bse_all,937053,out_of_scope_segment,Debentures and Bonds
bse_all,937055,out_of_scope_segment,Debentures and Bonds
bse_all,937057,out_of_scope_segment,Debentures and Bonds
bse_all,937059,out_of_scope_segment,Debentures and Bonds
bse_all,937065,out_of_scope_segment,Debentures and Bonds
bse_all,937071,out_of_scope_segment,Debentures and Bonds
bse_all,937091,out_of_scope_segment,Debentures and Bonds
bse_all,937093,out_of_scope_segment,Debentures and Bonds
bse_all,937129,out_of_scope_segment,Debentures and Bonds
bse_all,937147,out_of_scope_segment,Debentures and Bonds
bse_all,937149,out_of_scope_segment,Debentures and Bonds
bse_all,937169,out_of_scope_segment,Debentures and Bonds
bse_all,937205,out_of_scope_segment,Debentures and Bonds
bse_all,937207,out_of_scope_segment,Debentures and Bonds
bse_all,937221,out_of_scope_segment,Debentures and Bonds
bse_all,937241,out_of_scope_segment,Debentures and Bonds
bse_all,937273,out_of_scope_segment,Debentures and Bonds
bse_all,937287,out_of_scope_segment,Debentures and Bonds
bse_all,937289,out_of_scope_segment,Debentures and Bonds
bse_all,937333,out_of_scope_segment,Debentures and Bonds
bse_all,937345,out_of_scope_segment,Debentures and Bonds
bse_all,937347,out_of_scope_segment,Debentures and Bonds
bse_all,937367,out_of_scope_segment,Debentures and Bonds
bse_all,937369,out_of_scope_segment,Debentures and Bonds
bse_all,937371,out_of_scope_segment,Debentures and Bonds
bse_all,937373,out_of_scope_segment,Debentures and Bonds
bse_all,937375,out_of_scope_segment,Debentures and Bonds
bse_all,937377,out_of_scope_segment,Debentures and Bonds
bse_all,937379,out_of_scope_segment,Debentures and Bonds
bse_all,937381,out_of_scope_segment,Debentures and Bonds
bse_all,937383,out_of_scope_segment,Debentures and Bonds
bse_all,937385,out_of_scope_segment,Debentures and Bonds
bse_all,937399,out_of_scope_segment,Debentures and Bonds
bse_all,937401,out_of_scope_segment,Debentures and Bonds
bse_all,937409,out_of_scope_segment,Debentures and Bonds
bse_all,937411,out_of_scope_segment,Debentures and Bonds
bse_all,937419,out_of_scope_segment,Debentures and Bonds
bse_all,937433,out_of_scope_segment,Debentures and Bonds
bse_all,937441,out_of_scope_segment,Debentures and Bonds
bse_all,937443,out_of_scope_segment,Debentures and Bonds
bse_all,937451,out_of_scope_segment,Debentures and Bonds
bse_all,937453,out_of_scope_segment,Debentures and Bonds
bse_all,937455,out_of_scope_segment,Debentures and Bonds
bse_all,937457,out_of_scope_segment,Debentures and Bonds
bse_all,937469,out_of_scope_segment,Debentures and Bonds
bse_all,937487,out_of_scope_segment,Debentures and Bonds
bse_all,937489,out_of_scope_segment,Debentures and Bonds
bse_all,937501,out_of_scope_segment,Debentures and Bonds
bse_all,937503,out_of_scope_segment,Debentures and Bonds
bse_all,937517,out_of_scope_segment,Debentures and Bonds
bse_all,937527,out_of_scope_segment,Debentures and Bonds
bse_all,937529,out_of_scope_segment,Debentures and Bonds
bse_all,937531,out_of_scope_segment,Debentures and Bonds
bse_all,937533,out_of_scope_segment,Debentures and Bonds
bse_all,937535,out_of_scope_segment,Debentures and Bonds
bse_all,937537,out_of_scope_segment,Debentures and Bonds
bse_all,937539,out_of_scope_segment,Debentures and Bonds
bse_all,937541,out_of_scope_segment,Debentures and Bonds
bse_all,937549,out_of_scope_segment,Debentures and Bonds
bse_all,937551,out_of_scope_segment,Debentures and Bonds
bse_all,937559,out_of_scope_segment,Debentures and Bonds
bse_all,937579,out_of_scope_segment,Debentures and Bonds
bse_all,937581,out_of_scope_segment,Debentures and Bonds
bse_all,937617,out_of_scope_segment,Debentures and Bonds
bse_all,937619,out_of_scope_segment,Debentures and Bonds
bse_all,937621,out_of_scope_segment,Debentures and Bonds
bse_all,937623,out_of_scope_segment,Debentures and Bonds
bse_all,937637,out_of_scope_segment,Debentures and Bonds
bse_all,937639,out_of_scope_segment,Debentures and Bonds
bse_all,937651,out_of_scope_segment,Debentures and Bonds
bse_all,937653,out_of_scope_segment,Debentures and Bonds
bse_all,937677,out_of_scope_segment,Debentures and Bonds
bse_all,937679,out_of_scope_segment,Debentures and Bonds
bse_all,937681,out_of_scope_segment,Debentures and Bonds
bse_all,937683,out_of_scope_segment,Debentures and Bonds
bse_all,937685,out_of_scope_segment,Debentures and Bonds
bse_all,937687,out_of_scope_segment,Debentures and Bonds
bse_all,937701,out_of_scope_segment,Debentures and Bonds
bse_all,937703,out_of_scope_segment,Debentures and Bonds
bse_all,937707,out_of_scope_segment,Debentures and Bonds
bse_all,937709,out_of_scope_segment,Debentures and Bonds
bse_all,937711,out_of_scope_segment,Debentures and Bonds
bse_all,937721,out_of_scope_segment,Debentures and Bonds
bse_all,937723,out_of_scope_segment,Debentures and Bonds
bse_all,937725,out_of_scope_segment,Debentures and Bonds
bse_all,937743,out_of_scope_segment,Debentures and Bonds
bse_all,937745,out_of_scope_segment,Debentures and Bonds
bse_all,937747,out_of_scope_segment,Debentures and Bonds
bse_all,937763,out_of_scope_segment,Debentures and Bonds
bse_all,937765,out_of_scope_segment,Debentures and Bonds
bse_all,937767,out_of_scope_segment,Debentures and Bonds
bse_all,937773,out_of_scope_segment,Debentures and Bonds
bse_all,937775,out_of_scope_segment,Debentures and Bonds
bse_all,937777,out_of_scope_segment,Debentures and Bonds
bse_all,937783,out_of_scope_segment,Debentures and Bonds
bse_all,937785,out_of_scope_segment,Debentures and Bonds
bse_all,937799,out_of_scope_segment,Debentures and Bonds
bse_all,937801,out_of_scope_segment,Debentures and Bonds
bse_all,937803,out_of_scope_segment,Debentures and Bonds
bse_all,937805,out_of_scope_segment,Debentures and Bonds
bse_all,937807,out_of_scope_segment,Debentures and Bonds
bse_all,937819,out_of_scope_segment,Debentures and Bonds
bse_all,937825,out_of_scope_segment,Debentures and Bonds
bse_all,937827,out_of_scope_segment,Debentures and Bonds
bse_all,937829,out_of_scope_segment,Debentures and Bonds
bse_all,937831,out_of_scope_segment,Debentures and Bonds
bse_all,937833,out_of_scope_segment,Debentures and Bonds
bse_all,937835,out_of_scope_segment,Debentures and Bonds
bse_all,937859,out_of_scope_segment,Debentures and Bonds
bse_all,937861,out_of_scope_segment,Debentures and Bonds
bse_all,937863,out_of_scope_segment,Debentures and Bonds
bse_all,937865,out_of_scope_segment,Debentures and Bonds
bse_all,937885,out_of_scope_segment,Debentures and Bonds
bse_all,937887,out_of_scope_segment,Debentures and Bonds
bse_all,937889,out_of_scope_segment,Debentures and Bonds
bse_all,937895,out_of_scope_segment,Debentures and Bonds
bse_all,937897,out_of_scope_segment,Debentures and Bonds
bse_all,937899,out_of_scope_segment,Debentures and Bonds
bse_all,937921,out_of_scope_segment,Debentures and Bonds
bse_all,937923,out_of_scope_segment,Debentures and Bonds
bse_all,937925,out_of_scope_segment,Debentures and Bonds
bse_all,937937,out_of_scope_segment,Debentures and Bonds
bse_all,937939,out_of_scope_segment,Debentures and Bonds
bse_all,937941,out_of_scope_segment,Debentures and Bonds
bse_all,937965,out_of_scope_segment,Debentures and Bonds
bse_all,937967,out_of_scope_segment,Debentures and Bonds
bse_all,937969,out_of_scope_segment,Debentures and Bonds
bse_all,937971,out_of_scope_segment,Debentures and Bonds
bse_all,937985,out_of_scope_segment,Debentures and Bonds
bse_all,937987,out_of_scope_segment,Debentures and Bonds
bse_all,937999,out_of_scope_segment,Debentures and Bonds
bse_all,938001,out_of_scope_segment,Debentures and Bonds
bse_all,938003,out_of_scope_segment,Debentures and Bonds
bse_all,938005,out_of_scope_segment,Debentures and Bonds
bse_all,938007,out_of_scope_segment,Debentures and Bonds
bse_all,938011,out_of_scope_segment,Debentures and Bonds
bse_all,938015,out_of_scope_segment,Debentures and Bonds
bse_all,938019,out_of_scope_segment,Debentures and Bonds
bse_all,938021,out_of_scope_segment,Debentures and Bonds
bse_all,938029,out_of_scope_segment,Debentures and Bonds
bse_all,938055,out_of_scope_segment,Debentures and Bonds
bse_all,938067,out_of_scope_segment,Debentures and Bonds
bse_all,938071,out_of_scope_segment,Debentures and Bonds
bse_all,938073,out_of_scope_segment,Debentures and Bonds
bse_all,938077,out_of_scope_segment,Debentures and Bonds
bse_all,938091,out_of_scope_segment,Debentures and Bonds
bse_all,938093,out_of_scope_segment,Debentures and Bonds
bse_all,938105,out_of_scope_segment,Debentures and Bonds
bse_all,938107,out_of_scope_segment,Debentures and Bonds
bse_all,938109,out_of_scope_segment,Debentures and Bonds
bse_all,938111,out_of_scope_segment,Debentures and Bonds
bse_all,938113,out_of_scope_segment,Debentures and Bonds
bse_all,938125,out_of_scope_segment,Debentures and Bonds
bse_all,938127,out_of_scope_segment,Debentures and Bonds
bse_all,938129,out_of_scope_segment,Debentures and Bonds
bse_all,938143,out_of_scope_segment,Debentures and Bonds
bse_all,938174,out_of_scope_segment,Debentures and Bonds
bse_all,938176,out_of_scope_segment,Debentures and Bonds
bse_all,938178,out_of_scope_segment,Debentures and Bonds
bse_all,938180,out_of_scope_segment,Debentures and Bonds
bse_all,938196,out_of_scope_segment,Debentures and Bonds
bse_all,938198,out_of_scope_segment,Debentures and Bonds
bse_all,938200,out_of_scope_segment,Debentures and Bonds
bse_all,938212,out_of_scope_segment,Debentures and Bonds
bse_all,938214,out_of_scope_segment,Debentures and Bonds
bse_all,938216,out_of_scope_segment,Debentures and Bonds
bse_all,938218,out_of_scope_segment,Debentures and Bonds
bse_all,938220,out_of_scope_segment,Debentures and Bonds
bse_all,938222,out_of_scope_segment,Debentures and Bonds
bse_all,938224,out_of_scope_segment,Debentures and Bonds
bse_all,938226,out_of_scope_segment,Debentures and Bonds
bse_all,938252,out_of_scope_segment,Debentures and Bonds
bse_all,938254,out_of_scope_segment,Debentures and Bonds
bse_all,938256,out_of_scope_segment,Debentures and Bonds
bse_all,938258,out_of_scope_segment,Debentures and Bonds
bse_all,938264,out_of_scope_segment,Debentures and Bonds
bse_all,938268,out_of_scope_segment,Debentures and Bonds
bse_all,938278,out_of_scope_segment,Debentures and Bonds
bse_all,938280,out_of_scope_segment,Debentures and Bonds
bse_all,938284,out_of_scope_segment,Debentures and Bonds
bse_all,938290,out_of_scope_segment,Debentures and Bonds
bse_all,938294,out_of_scope_segment,Debentures and Bonds
bse_all,938316,out_of_scope_segment,Debentures and Bonds
bse_all,938318,out_of_scope_segment,Debentures and Bonds
bse_all,938320,out_of_scope_segment,Debentures and Bonds
bse_all,938330,out_of_scope_segment,Debentures and Bonds
bse_all,938336,out_of_scope_segment,Debentures and Bonds
bse_all,938348,out_of_scope_segment,Debentures and Bonds
bse_all,938350,out_of_scope_segment,Debentures and Bonds
bse_all,938352,out_of_scope_segment,Debentures and Bonds
bse_all,938364,out_of_scope_segment,Debentures and Bonds
bse_all,938366,out_of_scope_segment,Debentures and Bonds
bse_all,938368,out_of_scope_segment,Debentures and Bonds
bse_all,938370,out_of_scope_segment,Debentures and Bonds
bse_all,938372,out_of_scope_segment,Debentures and Bonds
bse_all,938382,out_of_scope_segment,Debentures and Bonds
bse_all,938384,out_of_scope_segment,Debentures and Bonds
bse_all,938386,out_of_scope_segment,Debentures and Bonds
bse_all,938410,out_of_scope_segment,Debentures and Bonds
bse_all,938414,out_of_scope_segment,Debentures and Bonds
bse_all,938418,out_of_scope_segment,Debentures and Bonds
bse_all,938420,out_of_scope_segment,Debentures and Bonds
bse_all,938422,out_of_scope_segment,Debentures and Bonds
bse_all,938424,out_of_scope_segment,Debentures and Bonds
bse_all,938426,out_of_scope_segment,Debentures and Bonds
bse_all,938428,out_of_scope_segment,Debentures and Bonds
bse_all,938436,out_of_scope_segment,Debentures and Bonds
bse_all,938442,out_of_scope_segment,Debentures and Bonds
bse_all,938446,out_of_scope_segment,Debentures and Bonds
bse_all,938462,out_of_scope_segment,Debentures and Bonds
bse_all,938464,out_of_scope_segment,Debentures and Bonds
bse_all,938466,out_of_scope_segment,Debentures and Bonds
bse_all,938484,out_of_scope_segment,Debentures and Bonds
bse_all,938486,out_of_scope_segment,Debentures and Bonds
bse_all,938488,out_of_scope_segment,Debentures and Bonds
bse_all,938490,out_of_scope_segment,Debentures and Bonds
bse_all,938508,out_of_scope_segment,Debentures and Bonds
bse_all,938510,out_of_scope_segment,Debentures and Bonds
bse_all,938512,out_of_scope_segment,Debentures and Bonds
bse_all,938524,out_of_scope_segment,Debentures and Bonds
bse_all,938526,out_of_scope_segment,Debentures and Bonds
bse_all,938528,out_of_scope_segment,Debentures and Bonds
bse_all,938530,out_of_scope_segment,Debentures and Bonds
bse_all,938532,out_of_scope_segment,Debentures and Bonds
bse_all,938544,out_of_scope_segment,Debentures and Bonds
bse_all,938546,out_of_scope_segment,Debentures and Bonds
bse_all,938548,out_of_scope_segment,Debentures and Bonds
bse_all,938552,out_of_scope_segment,Debentures and Bonds
bse_all,938558,out_of_scope_segment,Debentures and Bonds
bse_all,938562,out_of_scope_segment,Debentures and Bonds
bse_all,938566,out_of_scope_segment,Debentures and Bonds
bse_all,938568,out_of_scope_segment,Debentures and Bonds
bse_all,938570,out_of_scope_segment,Debentures and Bonds
bse_all,938572,out_of_scope_segment,Debentures and Bonds
bse_all,938576,out_of_scope_segment,Debentures and Bonds
bse_all,938578,out_of_scope_segment,Debentures and Bonds
bse_all,938588,out_of_scope_segment,Debentures and Bonds
bse_all,938590,out_of_scope_segment,Debentures and Bonds
bse_all,938600,out_of_scope_segment,Debentures and Bonds
bse_all,938602,out_of_scope_segment,Debentures and Bonds
bse_all,938604,out_of_scope_segment,Debentures and Bonds
bse_all,938606,out_of_scope_segment,Debentures and Bonds
bse_all,938608,out_of_scope_segment,Debentures and Bonds
bse_all,938618,out_of_scope_segment,Debentures and Bonds
bse_all,938620,out_of_scope_segment,Debentures and Bonds
bse_all,938622,out_of_scope_segment,Debentures and Bonds
bse_all,938632,out_of_scope_segment,Debentures and Bonds
bse_all,938634,out_of_scope_segment,Debentures and Bonds
bse_all,938636,out_of_scope_segment,Debentures and Bonds
bse_all,938658,out_of_scope_segment,Debentures and Bonds
bse_all,938660,out_of_scope_segment,Debentures and Bonds
bse_all,938662,out_of_scope_segment,Debentures and Bonds
bse_all,938664,out_of_scope_segment,Debentures and Bonds
bse_all,938666,out_of_scope_segment,Debentures and Bonds
bse_all,938690,out_of_scope_segment,Debentures and Bonds
bse_all,938692,out_of_scope_segment,Debentures and Bonds
bse_all,938694,out_of_scope_segment,Debentures and Bonds
bse_all,938700,out_of_scope_segment,Debentures and Bonds
bse_all,938702,out_of_scope_segment,Debentures and Bonds
bse_all,938704,out_of_scope_segment,Debentures and Bonds
bse_all,938706,out_of_scope_segment,Debentures and Bonds
bse_all,938716,out_of_scope_segment,Debentures and Bonds
bse_all,938718,out_of_scope_segment,Debentures and Bonds
bse_all,938738,out_of_scope_segment,Debentures and Bonds
bse_all,938740,out_of_scope_segment,Debentures and Bonds
bse_all,938742,out_of_scope_segment,Debentures and Bonds
bse_all,938744,out_of_scope_segment,Debentures and Bonds
bse_all,938760,out_of_scope_segment,Debentures and Bonds
bse_all,938762,out_of_scope_segment,Debentures and Bonds
bse_all,938764,out_of_scope_segment,Debentures and Bonds
bse_all,938776,out_of_scope_segment,Debentures and Bonds
bse_all,938778,out_of_scope_segment,Debentures and Bonds
bse_all,938780,out_of_scope_segment,Debentures and Bonds
bse_all,938782,out_of_scope_segment,Debentures and Bonds
bse_all,938784,out_of_scope_segment,Debentures and Bonds
bse_all,938790,out_of_scope_segment,Debentures and Bonds
bse_all,938796,out_of_scope_segment,Debentures and Bonds
bse_all,938802,out_of_scope_segment,Debentures and Bonds
bse_all,938804,out_of_scope_segment,Debentures and Bonds
bse_all,938816,out_of_scope_segment,Debentures and Bonds
bse_all,938818,out_of_scope_segment,Debentures and Bonds
bse_all,938820,out_of_scope_segment,Debentures and Bonds
bse_all,938822,out_of_scope_segment,Debentures and Bonds
bse_all,938824,out_of_scope_segment,Debentures and Bonds
bse_all,938826,out_of_scope_segment,Debentures and Bonds
bse_all,938828,out_of_scope_segment,Debentures and Bonds
bse_all,938830,out_of_scope_segment,Debentures and Bonds
bse_all,938832,out_of_scope_segment,Debentures and Bonds
bse_all,938834,out_of_scope_segment,Debentures and Bonds
bse_all,938836,out_of_scope_segment,Debentures and Bonds
bse_all,938838,out_of_scope_segment,Debentures and Bonds
bse_all,938840,out_of_scope_segment,Debentures and Bonds
bse_all,938842,out_of_scope_segment,Debentures and Bonds
bse_all,938844,out_of_scope_segment,Debentures and Bonds
bse_all,938846,out_of_scope_segment,Debentures and Bonds
bse_all,938848,out_of_scope_segment,Debentures and Bonds
bse_all,938850,out_of_scope_segment,Debentures and Bonds
bse_all,938858,out_of_scope_segment,Debentures and Bonds
bse_all,938860,out_of_scope_segment,Debentures and Bonds
bse_all,938862,out_of_scope_segment,Debentures and Bonds
bse_all,938864,out_of_scope_segment,Debentures and Bonds
bse_all,938866,out_of_scope_segment,Debentures and Bonds
bse_all,938868,out_of_scope_segment,Debentures and Bonds
bse_all,938870,out_of_scope_segment,Debentures and Bonds
bse_all,938874,out_of_scope_segment,Debentures and Bonds
bse_all,938876,out_of_scope_segment,Debentures and Bonds
bse_all,938878,out_of_scope_segment,Debentures and Bonds
bse_all,938880,out_of_scope_segment,Debentures and Bonds
bse_all,938882,out_of_scope_segment,Debentures and Bonds
bse_all,938884,out_of_scope_segment,Debentures and Bonds
bse_all,938886,out_of_scope_segment,Debentures and Bonds
bse_all,938888,out_of_scope_segment,Debentures and Bonds
bse_all,938890,out_of_scope_segment,Debentures and Bonds
bse_all,938892,out_of_scope_segment,Debentures and Bonds
bse_all,938898,out_of_scope_segment,Debentures and Bonds
bse_all,938900,out_of_scope_segment,Debentures and Bonds
bse_all,938902,out_of_scope_segment,Debentures and Bonds
bse_all,938904,out_of_scope_segment,Debentures and Bonds
bse_all,938906,out_of_scope_segment,Debentures and Bonds
bse_all,938908,out_of_scope_segment,Debentures and Bonds
bse_all,938910,out_of_scope_segment,Debentures and Bonds
bse_all,938912,out_of_scope_segment,Debentures and Bonds
bse_all,938916,out_of_scope_segment,Debentures and Bonds
bse_all,938918,out_of_scope_segment,Debentures and Bonds
bse_all,938922,out_of_scope_segment,Debentures and Bonds
bse_all,938924,out_of_scope_segment,Debentures and Bonds
bse_all,938928,out_of_scope_segment,Debentures and Bonds
bse_all,938930,out_of_scope_segment,Debentures and Bonds
bse_all,938932,out_of_scope_segment,Debentures and Bonds
bse_all,938940,out_of_scope_segment,Debentures and Bonds
bse_all,938942,out_of_scope_segment,Debentures and Bonds
bse_all,938948,out_of_scope_segment,Debentures and Bonds
bse_all,938952,out_of_scope_segment,Debentures and Bonds
bse_all,938956,out_of_scope_segment,Debentures and Bonds
bse_all,938958,out_of_scope_segment,Debentures and Bonds
bse_all,938972,out_of_scope_segment,Debentures and Bonds
bse_all,938974,out_of_scope_segment,Debentures and Bonds
bse_all,938976,out_of_scope_segment,Debentures and Bonds
bse_all,938978,out_of_scope_segment,Debentures and Bonds
bse_all,938980,out_of_scope_segment,Debentures and Bonds
bse_all,938982,out_of_scope_segment,Debentures and Bonds
bse_all,938984,out_of_scope_segment,Debentures and Bonds
bse_all,938986,out_of_scope_segment,Debentures and Bonds
bse_all,938988,out_of_scope_segment,Debentures and Bonds
bse_all,938990,out_of_scope_segment,Debentures and Bonds
bse_all,938992,out_of_scope_segment,Debentures and Bonds
bse_all,938994,out_of_scope_segment,Debentures and Bonds
bse_all,938996,out_of_scope_segment,Debentures and Bonds
bse_all,938998,out_of_scope_segment,Debentures and Bonds
bse_all,939000,out_of_scope_segment,Debentures and Bonds
bse_all,939002,out_of_scope_segment,Debentures and Bonds
bse_all,939010,out_of_scope_segment,Debentures and Bonds
bse_all,939012,out_of_scope_segment,Debentures and Bonds
bse_all,939018,out_of_scope_segment,Debentures and Bonds
bse_all,939020,out_of_scope_segment,Debentures and Bonds
bse_all,939022,out_of_scope_segment,Debentures and Bonds
bse_all,939024,out_of_scope_segment,Debentures and Bonds
bse_all,939030,out_of_scope_segment,Debentures and Bonds
bse_all,939032,out_of_scope_segment,Debentures and Bonds
bse_all,939038,out_of_scope_segment,Debentures and Bonds
bse_all,939042,out_of_scope_segment,Debentures and Bonds
bse_all,939044,out_of_scope_segment,Debentures and Bonds
bse_all,939050,out_of_scope_segment,Debentures and Bonds
bse_all,939052,out_of_scope_segment,Debentures and Bonds
bse_all,939054,out_of_scope_segment,Debentures and Bonds
bse_all,939056,out_of_scope_segment,Debentures and Bonds
bse_all,939082,out_of_scope_segment,Debentures and Bonds
bse_all,939084,out_of_scope_segment,Debentures and Bonds
bse_all,939086,out_of_scope_segment,Debentures and Bonds
bse_all,939088,out_of_scope_segment,Debentures and Bonds
bse_all,939090,out_of_scope_segment,Debentures and Bonds
bse_all,939092,out_of_scope_segment,Debentures and Bonds
bse_all,939094,out_of_scope_segment,Debentures and Bonds
bse_all,939096,out_of_scope_segment,Debentures and Bonds
bse_all,939098,out_of_scope_segment,Debentures and Bonds
bse_all,939112,out_of_scope_segment,Debentures and Bonds
bse_all,939114,out_of_scope_segment,Debentures and Bonds
bse_all,939116,out_of_scope_segment,Debentures and Bonds
bse_all,939118,out_of_scope_segment,Debentures and Bonds
bse_all,939120,out_of_scope_segment,Debentures and Bonds
bse_all,939122,out_of_scope_segment,Debentures and Bonds
bse_all,939124,out_of_scope_segment,Debentures and Bonds
bse_all,939126,out_of_scope_segment,Debentures and Bonds
bse_all,939128,out_of_scope_segment,Debentures and Bonds
bse_all,939130,out_of_scope_segment,Debentures and Bonds
bse_all,939132,out_of_scope_segment,Debentures and Bonds
bse_all,939134,out_of_scope_segment,Debentures and Bonds
bse_all,939136,out_of_scope_segment,Debentures and Bonds
bse_all,939138,out_of_scope_segment,Debentures and Bonds
bse_all,939140,out_of_scope_segment,Debentures and Bonds
bse_all,939146,out_of_scope_segment,Debentures and Bonds
bse_all,939148,out_of_scope_segment,Debentures and Bonds
bse_all,939150,out_of_scope_segment,Debentures and Bonds
bse_all,939152,out_of_scope_segment,Debentures and Bonds
bse_all,939160,out_of_scope_segment,Debentures and Bonds
bse_all,939162,out_of_scope_segment,Debentures and Bonds
bse_all,939164,out_of_scope_segment,Debentures and Bonds
bse_all,939166,out_of_scope_segment,Debentures and Bonds
bse_all,939168,out_of_scope_segment,Debentures and Bonds
bse_all,939178,out_of_scope_segment,Debentures and Bonds
bse_all,939180,out_of_scope_segment,Debentures and Bonds
bse_all,939182,out_of_scope_segment,Debentures and Bonds
bse_all,939184,out_of_scope_segment,Debentures and Bonds
bse_all,939190,out_of_scope_segment,Debentures and Bonds
bse_all,939192,out_of_scope_segment,Debentures and Bonds
bse_all,939194,out_of_scope_segment,Debentures and Bonds
bse_all,939196,out_of_scope_segment,Debentures and Bonds
bse_all,939198,out_of_scope_segment,Debentures and Bonds
bse_all,939200,out_of_scope_segment,Debentures and Bonds
bse_all,939202,out_of_scope_segment,Debentures and Bonds
bse_all,939204,out_of_scope_segment,Debentures and Bonds
bse_all,939206,out_of_scope_segment,Debentures and Bonds
bse_all,939208,out_of_scope_segment,Debentures and Bonds
bse_all,939212,out_of_scope_segment,Debentures and Bonds
bse_all,939214,out_of_scope_segment,Debentures and Bonds
bse_all,939216,out_of_scope_segment,Debentures and Bonds
bse_all,939218,out_of_scope_segment,Debentures and Bonds
bse_all,939224,out_of_scope_segment,Debentures and Bonds
bse_all,939226,out_of_scope_segment,Debentures and Bonds
bse_all,939228,out_of_scope_segment,Debentures and Bonds
bse_all,939230,out_of_scope_segment,Debentures and Bonds
bse_all,939234,out_of_scope_segment,Debentures and Bonds
bse_all,939236,out_of_scope_segment,Debentures and Bonds
bse_all,939240,out_of_scope_segment,Debentures and Bonds
bse_all,939242,out_of_scope_segment,Debentures and Bonds
bse_all,939246,out_of_scope_segment,Debentures and Bonds
bse_all,939248,out_of_scope_segment,Debentures and Bonds
bse_all,939250,out_of_scope_segment,Debentures and Bonds
bse_all,939260,out_of_scope_segment,Debentures and Bonds
bse_all,939262,out_of_scope_segment,Debentures and Bonds
bse_all,939264,out_of_scope_segment,Debentures and Bonds
bse_all,939266,out_of_scope_segment,Debentures and Bonds
bse_all,939272,out_of_scope_segment,Debentures and Bonds
bse_all,939274,out_of_scope_segment,Debentures and Bonds
bse_all,939276,out_of_scope_segment,Debentures and Bonds
bse_all,939278,out_of_scope_segment,Debentures and Bonds
bse_all,939280,out_of_scope_segment,Debentures and Bonds
bse_all,939297,out_of_scope_segment,Debentures and Bonds
bse_all,939299,out_of_scope_segment,Debentures and Bonds
bse_all,939301,out_of_scope_segment,Debentures and Bonds
bse_all,939303,out_of_scope_segment,Debentures and Bonds
bse_all,939305,out_of_scope_segment,Debentures and Bonds
bse_all,939307,out_of_scope_segment,Debentures and Bonds
bse_all,939309,out_of_scope_segment,Debentures and Bonds
bse_all,939311,out_of_scope_segment,Debentures and Bonds
bse_all,939319,out_of_scope_segment,Debentures and Bonds
bse_all,939321,out_of_scope_segment,Debentures and Bonds
bse_all,939327,out_of_scope_segment,Debentures and Bonds
bse_all,939335,out_of_scope_segment,Debentures and Bonds
bse_all,939337,out_of_scope_segment,Debentures and Bonds
bse_all,939349,out_of_scope_segment,Debentures and Bonds
bse_all,939351,out_of_scope_segment,Debentures and Bonds
bse_all,939353,out_of_scope_segment,Debentures and Bonds
bse_all,939355,out_of_scope_segment,Debentures and Bonds
bse_all,939357,out_of_scope_segment,Debentures and Bonds
bse_all,939359,out_of_scope_segment,Debentures and Bonds
bse_all,939361,out_of_scope_segment,Debentures and Bonds
bse_all,939363,out_of_scope_segment,Debentures and Bonds
bse_all,939365,out_of_scope_segment,Debentures and Bonds
bse_all,939367,out_of_scope_segment,Debentures and Bonds
bse_all,939369,out_of_scope_segment,Debentures and Bonds
bse_all,939371,out_of_scope_segment,Debentures and Bonds
bse_all,939373,out_of_scope_segment,Debentures and Bonds
bse_all,939375,out_of_scope_segment,Debentures and Bonds
bse_all,939377,out_of_scope_segment,Debentures and Bonds
bse_all,939379,out_of_scope_segment,Debentures and Bonds
bse_all,939381,out_of_scope_segment,Debentures and Bonds
bse_all,939387,out_of_scope_segment,Debentures and Bonds
bse_all,939389,out_of_scope_segment,Debentures and Bonds
bse_all,939395,out_of_scope_segment,Debentures and Bonds
bse_all,939399,out_of_scope_segment,Debentures and Bonds
bse_all,939401,out_of_scope_segment,Debentures and Bonds
bse_all,939407,out_of_scope_segment,Debentures and Bonds
bse_all,939409,out_of_scope_segment,Debentures and Bonds
bse_all,939411,out_of_scope_segment,Debentures and Bonds
bse_all,939417,out_of_scope_segment,Debentures and Bonds
bse_all,939419,out_of_scope_segment,Debentures and Bonds
bse_all,939421,out_of_scope_segment,Debentures and Bonds
bse_all,939423,out_of_scope_segment,Debentures and Bonds
bse_all,939425,out_of_scope_segment,Debentures and Bonds
bse_all,939427,out_of_scope_segment,Debentures and Bonds
bse_all,939429,out_of_scope_segment,Debentures and Bonds
bse_all,939431,out_of_scope_segment,Debentures and Bonds
bse_all,939433,out_of_scope_segment,Debentures and Bonds
bse_all,939435,out_of_scope_segment,Debentures and Bonds
bse_all,939437,out_of_scope_segment,Debentures and Bonds
bse_all,939439,out_of_scope_segment,Debentures and Bonds
bse_all,939441,out_of_scope_segment,Debentures and Bonds
bse_all,939445,out_of_scope_segment,Debentures and Bonds
bse_all,939447,out_of_scope_segment,Debentures and Bonds
bse_all,939449,out_of_scope_segment,Debentures and Bonds
bse_all,939453,out_of_scope_segment,Debentures and Bonds
bse_all,939455,out_of_scope_segment,Debentures and Bonds
bse_all,939457,out_of_scope_segment,Debentures and Bonds
bse_all,939461,out_of_scope_segment,Debentures and Bonds
bse_all,939463,out_of_scope_segment,Debentures and Bonds
bse_all,939465,out_of_scope_segment,Debentures and Bonds
bse_all,939467,out_of_scope_segment,Debentures and Bonds
bse_all,939473,out_of_scope_segment,Debentures and Bonds
bse_all,939475,out_of_scope_segment,Debentures and Bonds
bse_all,939477,out_of_scope_segment,Debentures and Bonds
bse_all,939479,out_of_scope_segment,Debentures and Bonds
bse_all,939481,out_of_scope_segment,Debentures and Bonds
bse_all,939483,out_of_scope_segment,Debentures and Bonds
bse_all,939497,out_of_scope_segment,Debentures and Bonds
bse_all,939499,out_of_scope_segment,Debentures and Bonds
bse_all,939501,out_of_scope_segment,Debentures and Bonds
bse_all,939503,out_of_scope_segment,Debentures and Bonds
bse_all,939505,out_of_scope_segment,Debentures and Bonds
bse_all,939519,out_of_scope_segment,Debentures and Bonds
bse_all,939521,out_of_scope_segment,Debentures and Bonds
bse_all,939523,out_of_scope_segment,Debentures and Bonds
bse_all,939525,out_of_scope_segment,Debentures and Bonds
bse_all,939527,out_of_scope_segment,Debentures and Bonds
bse_all,939529,out_of_scope_segment,Debentures and Bonds
bse_all,939531,out_of_scope_segment,Debentures and Bonds
bse_all,939533,out_of_scope_segment,Debentures and Bonds
bse_all,939535,out_of_scope_segment,Debentures and Bonds
bse_all,939537,out_of_scope_segment,Debentures and Bonds
bse_all,939539,out_of_scope_segment,Debentures and Bonds
bse_all,939541,out_of_scope_segment,Debentures and Bonds
bse_all,939543,out_of_scope_segment,Debentures and Bonds
bse_all,939545,out_of_scope_segment,Debentures and Bonds
bse_all,939555,out_of_scope_segment,Debentures and Bonds
bse_all,939557,out_of_scope_segment,Debentures and Bonds
bse_all,939559,out_of_scope_segment,Debentures and Bonds
bse_all,939561,out_of_scope_segment,Debentures and Bonds
bse_all,939563,out_of_scope_segment,Debentures and Bonds
bse_all,939565,out_of_scope_segment,Debentures and Bonds
bse_all,939571,out_of_scope_segment,Debentures and Bonds
bse_all,939573,out_of_scope_segment,Debentures and Bonds
bse_all,939575,out_of_scope_segment,Debentures and Bonds
bse_all,939577,out_of_scope_segment,Debentures and Bonds
bse_all,939583,out_of_scope_segment,Debentures and Bonds
bse_all,939585,out_of_scope_segment,Debentures and Bonds
bse_all,939587,out_of_scope_segment,Debentures and Bonds
bse_all,939589,out_of_scope_segment,Debentures and Bonds
bse_all,939591,out_of_scope_segment,Debentures and Bonds
bse_all,939593,out_of_scope_segment,Debentures and Bonds
bse_all,939595,out_of_scope_segment,Debentures and Bonds
bse_all,939597,out_of_scope_segment,Debentures and Bonds
bse_all,939603,out_of_scope_segment,Debentures and Bonds
bse_all,939605,out_of_scope_segment,Debentures and Bonds
bse_all,939607,out_of_scope_segment,Debentures and Bonds
bse_all,939609,out_of_scope_segment,Debentures and Bonds
bse_all,939611,out_of_scope_segment,Debentures and Bonds
bse_all,939617,out_of_scope_segment,Debentures and Bonds
bse_all,939619,out_of_scope_segment,Debentures and Bonds
bse_all,939621,out_of_scope_segment,Debentures and Bonds
bse_all,939623,out_of_scope_segment,Debentures and Bonds
bse_all,939625,out_of_scope_segment,Debentures and Bonds
bse_all,939627,out_of_scope_segment,Debentures and Bonds
bse_all,939629,out_of_scope_segment,Debentures and Bonds
bse_all,939631,out_of_scope_segment,Debentures and Bonds
bse_all,939633,out_of_scope_segment,Debentures and Bonds
bse_all,939635,out_of_scope_segment,Debentures and Bonds
bse_all,939645,out_of_scope_segment,Debentures and Bonds
bse_all,939647,out_of_scope_segment,Debentures and Bonds
bse_all,939649,out_of_scope_segment,Debentures and Bonds
bse_all,939651,out_of_scope_segment,Debentures and Bonds
bse_all,939653,out_of_scope_segment,Debentures and Bonds
bse_all,939655,out_of_scope_segment,Debentures and Bonds
bse_all,939657,out_of_scope_segment,Debentures and Bonds
bse_all,939659,out_of_scope_segment,Debentures and Bonds
bse_all,939661,out_of_scope_segment,Debentures and Bonds
bse_all,939663,out_of_scope_segment,Debentures and Bonds
bse_all,939675,out_of_scope_segment,Debentures and Bonds
bse_all,939677,out_of_scope_segment,Debentures and Bonds
bse_all,939679,out_of_scope_segment,Debentures and Bonds
bse_all,939681,out_of_scope_segment,Debentures and Bonds
bse_all,939683,out_of_scope_segment,Debentures and Bonds
bse_all,939691,out_of_scope_segment,Debentures and Bonds
bse_all,939693,out_of_scope_segment,Debentures and Bonds
bse_all,939699,out_of_scope_segment,Debentures and Bonds
bse_all,939701,out_of_scope_segment,Debentures and Bonds
bse_all,939711,out_of_scope_segment,Debentures and Bonds
bse_all,939713,out_of_scope_segment,Debentures and Bonds
bse_all,939715,out_of_scope_segment,Debentures and Bonds
bse_all,939717,out_of_scope_segment,Debentures and Bonds
bse_all,939719,out_of_scope_segment,Debentures and Bonds
bse_all,939725,out_of_scope_segment,Debentures and Bonds
bse_all,939727,out_of_scope_segment,Debentures and Bonds
bse_all,939729,out_of_scope_segment,Debentures and Bonds
bse_all,939731,out_of_scope_segment,Debentures and Bonds
bse_all,939733,out_of_scope_segment,Debentures and Bonds
bse_all,939735,out_of_scope_segment,Debentures and Bonds
bse_all,939739,out_of_scope_segment,Debentures and Bonds
bse_all,939741,out_of_scope_segment,Debentures and Bonds
bse_all,939743,out_of_scope_segment,Debentures and Bonds
bse_all,939747,out_of_scope_segment,Debentures and Bonds
bse_all,939749,out_of_scope_segment,Debentures and Bonds
bse_all,939751,out_of_scope_segment,Debentures and Bonds
bse_all,939755,out_of_scope_segment,Debentures and Bonds
bse_all,939757,out_of_scope_segment,Debentures and Bonds
bse_all,939759,out_of_scope_segment,Debentures and Bonds
bse_all,939761,out_of_scope_segment,Debentures and Bonds
bse_all,939763,out_of_scope_segment,Debentures and Bonds
bse_all,939765,out_of_scope_segment,Debentures and Bonds
bse_all,939767,out_of_scope_segment,Debentures and Bonds
bse_all,939769,out_of_scope_segment,Debentures and Bonds
bse_all,939771,out_of_scope_segment,Debentures and Bonds
bse_all,939773,out_of_scope_segment,Debentures and Bonds
bse_all,939775,out_of_scope_segment,Debentures and Bonds
bse_all,939777,out_of_scope_segment,Debentures and Bonds
bse_all,939779,out_of_scope_segment,Debentures and Bonds
bse_all,939781,out_of_scope_segment,Debentures and Bonds
bse_all,939783,out_of_scope_segment,Debentures and Bonds
bse_all,939785,out_of_scope_segment,Debentures and Bonds
bse_all,939787,out_of_scope_segment,Debentures and Bonds
bse_all,939789,out_of_scope_segment,Debentures and Bonds
bse_all,939791,out_of_scope_segment,Debentures and Bonds
bse_all,939793,out_of_scope_segment,Debentures and Bonds
bse_all,939795,out_of_scope_segment,Debentures and Bonds
bse_all,939797,out_of_scope_segment,Debentures and Bonds
bse_all,939799,out_of_scope_segment,Debentures and Bonds
bse_all,939801,out_of_scope_segment,Debentures and Bonds
bse_all,939803,out_of_scope_segment,Debentures and Bonds
bse_all,939805,out_of_scope_segment,Debentures and Bonds
bse_all,939807,out_of_scope_segment,Debentures and Bonds
bse_all,939809,out_of_scope_segment,Debentures and Bonds
bse_all,939811,out_of_scope_segment,Debentures and Bonds
bse_all,939813,out_of_scope_segment,Debentures and Bonds
bse_all,939815,out_of_scope_segment,Debentures and Bonds
bse_all,939817,out_of_scope_segment,Debentures and Bonds
bse_all,939819,out_of_scope_segment,Debentures and Bonds
bse_all,939821,out_of_scope_segment,Debentures and Bonds
bse_all,939823,out_of_scope_segment,Debentures and Bonds
bse_all,939825,out_of_scope_segment,Debentures and Bonds
bse_all,939827,out_of_scope_segment,Debentures and Bonds
bse_all,939829,out_of_scope_segment,Debentures and Bonds
bse_all,939831,out_of_scope_segment,Debentures and Bonds
bse_all,939835,out_of_scope_segment,Debentures and Bonds
bse_all,939837,out_of_scope_segment,Debentures and Bonds
bse_all,939839,out_of_scope_segment,Debentures and Bonds
bse_all,939841,out_of_scope_segment,Debentures and Bonds
bse_all,939843,out_of_scope_segment,Debentures and Bonds
bse_all,939845,out_of_scope_segment,Debentures and Bonds
bse_all,939847,out_of_scope_segment,Debentures and Bonds
bse_all,939849,out_of_scope_segment,Debentures and Bonds
bse_all,939851,out_of_scope_segment,Debentures and Bonds
bse_all,939853,out_of_scope_segment,Debentures and Bonds
bse_all,939855,out_of_scope_segment,Debentures and Bonds
bse_all,939857,out_of_scope_segment,Debentures and Bonds
bse_all,939859,out_of_scope_segment,Debentures and Bonds
bse_all,939861,out_of_scope_segment,Debentures and Bonds
bse_all,939863,out_of_scope_segment,Debentures and Bonds
bse_all,939865,out_of_scope_segment,Debentures and Bonds
bse_all,939867,out_of_scope_segment,Debentures and Bonds
bse_all,939869,out_of_scope_segment,Debentures and Bonds
bse_all,939871,out_of_scope_segment,Debentures and Bonds
bse_all,939873,out_of_scope_segment,Debentures and Bonds
bse_all,939875,out_of_scope_segment,Debentures and Bonds
bse_all,939877,out_of_scope_segment,Debentures and Bonds
bse_all,939879,out_of_scope_segment,Debentures and Bonds
bse_all,939881,out_of_scope_segment,Debentures and Bonds
bse_all,939883,out_of_scope_segment,Debentures and Bonds
bse_all,939885,out_of_scope_segment,Debentures and Bonds
bse_all,939887,out_of_scope_segment,Debentures and Bonds
bse_all,939895,out_of_scope_segment,Debentures and Bonds
bse_all,939897,out_of_scope_segment,Debentures and Bonds
bse_all,939899,out_of_scope_segment,Debentures and Bonds
bse_all,939901,out_of_scope_segment,Debentures and Bonds
bse_all,939905,out_of_scope_segment,Debentures and Bonds
bse_all,939907,out_of_scope_segment,Debentures and Bonds
bse_all,939909,out_of_scope_segment,Debentures and Bonds
bse_all,939911,out_of_scope_segment,Debentures and Bonds
bse_all,939913,out_of_scope_segment,Debentures and Bonds
bse_all,939915,out_of_scope_segment,Debentures and Bonds
bse_all,939919,out_of_scope_segment,Debentures and Bonds
bse_all,939921,out_of_scope_segment,Debentures and Bonds
bse_all,939923,out_of_scope_segment,Debentures and Bonds
bse_all,939927,out_of_scope_segment,Debentures and Bonds
bse_all,939929,out_of_scope_segment,Debentures and Bonds
bse_all,939931,out_of_scope_segment,Debentures and Bonds
bse_all,939933,out_of_scope_segment,Debentures and Bonds
bse_all,939935,out_of_scope_segment,Debentures and Bonds
bse_all,939943,out_of_scope_segment,Debentures and Bonds
bse_all,939945,out_of_scope_segment,Debentures and Bonds
bse_all,939947,out_of_scope_segment,Debentures and Bonds
bse_all,939949,out_of_scope_segment,Debentures and Bonds
bse_all,939951,out_of_scope_segment,Debentures and Bonds
bse_all,939953,out_of_scope_segment,Debentures and Bonds
bse_all,939955,out_of_scope_segment,Debentures and Bonds
bse_all,939959,out_of_scope_segment,Debentures and Bonds
bse_all,939961,out_of_scope_segment,Debentures and Bonds
bse_all,939963,out_of_scope_segment,Debentures and Bonds
bse_all,939965,out_of_scope_segment,Debentures and Bonds
bse_all,939967,out_of_scope_segment,Debentures and Bonds
bse_all,939969,out_of_scope_segment,Debentures and Bonds
bse_all,939971,out_of_scope_segment,Debentures and Bonds
bse_all,939973,out_of_scope_segment,Debentures and Bonds
bse_all,939975,out_of_scope_segment,Debentures and Bonds
bse_all,939977,out_of_scope_segment,Debentures and Bonds
bse_all,939979,out_of_scope_segment,Debentures and Bonds
bse_all,939981,out_of_scope_segment,Debentures and Bonds
bse_all,939983,out_of_scope_segment,Debentures and Bonds
bse_all,939985,out_of_scope_segment,Debentures and Bonds
bse_all,939987,out_of_scope_segment,Debentures and Bonds
bse_all,939989,out_of_scope_segment,Debentures and Bonds
bse_all,939991,out_of_scope_segment,Debentures and Bonds
bse_all,939993,out_of_scope_segment,Debentures and Bonds
bse_all,939995,out_of_scope_segment,Debentures and Bonds
bse_all,939997,out_of_scope_segment,Debentures and Bonds
bse_all,939999,out_of_scope_segment,Debentures and Bonds
bse_all,940001,out_of_scope_segment,Debentures and Bonds
bse_all,940003,out_of_scope_segment,Debentures and Bonds
bse_all,940005,out_of_scope_segment,Debentures and Bonds
bse_all,940007,out_of_scope_segment,Debentures and Bonds
bse_all,940009,out_of_scope_segment,Debentures and Bonds
bse_all,940011,out_of_scope_segment,Debentures and Bonds
bse_all,940013,out_of_scope_segment,Debentures and Bonds
bse_all,940015,out_of_scope_segment,Debentures and Bonds
bse_all,940017,out_of_scope_segment,Debentures and Bonds
bse_all,940019,out_of_scope_segment,Debentures and Bonds
bse_all,940021,out_of_scope_segment,Debentures and Bonds
bse_all,940023,out_of_scope_segment,Debentures and Bonds
bse_all,940025,out_of_scope_segment,Debentures and Bonds
bse_all,940027,out_of_scope_segment,Debentures and Bonds
bse_all,940029,out_of_scope_segment,Debentures and Bonds
bse_all,940031,out_of_scope_segment,Debentures and Bonds
bse_all,940033,out_of_scope_segment,Debentures and Bonds
bse_all,940035,out_of_scope_segment,Debentures and Bonds
bse_all,940037,out_of_scope_segment,Debentures and Bonds
bse_all,940039,out_of_scope_segment,Debentures and Bonds
bse_all,940041,out_of_scope_segment,Debentures and Bonds
bse_all,940043,out_of_scope_segment,Debentures and Bonds
bse_all,940045,out_of_scope_segment,Debentures and Bonds
bse_all,940047,out_of_scope_segment,Debentures and Bonds
bse_all,940049,out_of_scope_segment,Debentures and Bonds
bse_all,940051,out_of_scope_segment,Debentures and Bonds
bse_all,940053,out_of_scope_segment,Debentures and Bonds
bse_all,940055,out_of_scope_segment,Debentures and Bonds
bse_all,940057,out_of_scope_segment,Debentures and Bonds
bse_all,940059,out_of_scope_segment,Debentures and Bonds
bse_all,940061,out_of_scope_segment,Debentures and Bonds
bse_all,940063,out_of_scope_segment,Debentures and Bonds
bse_all,940065,out_of_scope_segment,Debentures and Bonds
bse_all,940067,out_of_scope_segment,Debentures and Bonds
bse_all,940069,out_of_scope_segment,Debentures and Bonds
bse_all,940071,out_of_scope_segment,Debentures and Bonds
bse_all,940073,out_of_scope_segment,Debentures and Bonds
bse_all,940075,out_of_scope_segment,Debentures and Bonds
bse_all,940077,out_of_scope_segment,Debentures and Bonds
bse_all,940083,out_of_scope_segment,Debentures and Bonds
bse_all,940085,out_of_scope_segment,Debentures and Bonds
bse_all,940093,out_of_scope_segment,Debentures and Bonds
bse_all,940095,out_of_scope_segment,Debentures and Bonds
bse_all,940097,out_of_scope_segment,Debentures and Bonds
bse_all,940099,out_of_scope_segment,Debentures and Bonds
bse_all,940101,out_of_scope_segment,Debentures and Bonds
bse_all,940103,out_of_scope_segment,Debentures and Bonds
bse_all,940105,out_of_scope_segment,Debentures and Bonds
bse_all,940107,out_of_scope_segment,Debentures and Bonds
bse_all,940109,out_of_scope_segment,Debentures and Bonds
bse_all,940111,out_of_scope_segment,Debentures and Bonds
bse_all,940113,out_of_scope_segment,Debentures and Bonds
bse_all,940115,out_of_scope_segment,Debentures and Bonds
bse_all,940117,out_of_scope_segment,Debentures and Bonds
bse_all,940119,out_of_scope_segment,Debentures and Bonds
bse_all,940123,out_of_scope_segment,Debentures and Bonds
bse_all,940125,out_of_scope_segment,Debentures and Bonds
bse_all,940127,out_of_scope_segment,Debentures and Bonds
bse_all,940131,out_of_scope_segment,Debentures and Bonds
bse_all,940133,out_of_scope_segment,Debentures and Bonds
bse_all,940135,out_of_scope_segment,Debentures and Bonds
bse_all,940137,out_of_scope_segment,Debentures and Bonds
bse_all,940139,out_of_scope_segment,Debentures and Bonds
bse_all,940145,out_of_scope_segment,Debentures and Bonds
bse_all,940147,out_of_scope_segment,Debentures and Bonds
bse_all,940149,out_of_scope_segment,Debentures and Bonds
bse_all,940151,out_of_scope_segment,Debentures and Bonds
bse_all,940153,out_of_scope_segment,Debentures and Bonds
bse_all,940155,out_of_scope_segment,Debentures and Bonds
bse_all,940157,out_of_scope_segment,Debentures and Bonds
bse_all,940159,out_of_scope_segment,Debentures and Bonds
bse_all,940161,out_of_scope_segment,Debentures and Bonds
bse_all,940163,out_of_scope_segment,Debentures and Bonds
bse_all,940165,out_of_scope_segment,Debentures and Bonds
bse_all,940169,out_of_scope_segment,Debentures and Bonds
bse_all,940171,out_of_scope_segment,Debentures and Bonds
bse_all,940173,out_of_scope_segment,Debentures and Bonds
bse_all,940175,out_of_scope_segment,Debentures and Bonds
bse_all,940179,out_of_scope_segment,Debentures and Bonds
bse_all,940181,out_of_scope_segment,Debentures and Bonds
bse_all,940183,out_of_scope_segment,Debentures and Bonds
bse_all,940185,out_of_scope_segment,Debentures and Bonds
bse_all,940187,out_of_scope_segment,Debentures and Bonds
bse_all,940189,out_of_scope_segment,Debentures and Bonds
bse_all,940191,out_of_scope_segment,Debentures and Bonds
bse_all,940193,out_of_scope_segment,Debentures and Bonds
bse_all,940195,out_of_scope_segment,Debentures and Bonds
bse_all,940197,out_of_scope_segment,Debentures and Bonds
bse_all,940199,out_of_scope_segment,Debentures and Bonds
bse_all,940201,out_of_scope_segment,Debentures and Bonds
bse_all,940203,out_of_scope_segment,Debentures and Bonds
bse_all,940205,out_of_scope_segment,Debentures and Bonds
bse_all,940207,out_of_scope_segment,Debentures and Bonds
bse_all,940209,out_of_scope_segment,Debentures and Bonds
bse_all,940211,out_of_scope_segment,Debentures and Bonds
bse_all,940213,out_of_scope_segment,Debentures and Bonds
bse_all,940215,out_of_scope_segment,Debentures and Bonds
bse_all,940217,out_of_scope_segment,Debentures and Bonds
bse_all,940219,out_of_scope_segment,Debentures and Bonds
bse_all,940221,out_of_scope_segment,Debentures and Bonds
bse_all,940223,out_of_scope_segment,Debentures and Bonds
bse_all,940225,out_of_scope_segment,Debentures and Bonds
bse_all,940227,out_of_scope_segment,Debentures and Bonds
bse_all,940229,out_of_scope_segment,Debentures and Bonds
bse_all,940231,out_of_scope_segment,Debentures and Bonds
bse_all,940233,out_of_scope_segment,Debentures and Bonds
bse_all,940235,out_of_scope_segment,Debentures and Bonds
bse_all,940237,out_of_scope_segment,Debentures and Bonds
bse_all,940239,out_of_scope_segment,Debentures and Bonds
bse_all,940241,out_of_scope_segment,Debentures and Bonds
bse_all,940243,out_of_scope_segment,Debentures and Bonds
bse_all,940245,out_of_scope_segment,Debentures and Bonds
bse_all,940247,out_of_scope_segment,Debentures and Bonds
bse_all,940249,out_of_scope_segment,Debentures and Bonds
bse_all,940251,out_of_scope_segment,Debentures and Bonds
bse_all,940253,out_of_scope_segment,Debentures and Bonds
bse_all,940255,out_of_scope_segment,Debentures and Bonds
bse_all,940257,out_of_scope_segment,Debentures and Bonds
bse_all,940259,out_of_scope_segment,Debentures and Bonds
bse_all,940261,out_of_scope_segment,Debentures and Bonds
bse_all,940263,out_of_scope_segment,Debentures and Bonds
bse_all,940265,out_of_scope_segment,Debentures and Bonds
bse_all,940267,out_of_scope_segment,Debentures and Bonds
bse_all,940269,out_of_scope_segment,Debentures and Bonds
bse_all,940271,out_of_scope_segment,Debentures and Bonds
bse_all,940273,out_of_scope_segment,Debentures and Bonds
bse_all,940275,out_of_scope_segment,Debentures and Bonds
bse_all,940277,out_of_scope_segment,Debentures and Bonds
bse_all,940283,out_of_scope_segment,Debentures and Bonds
bse_all,940285,out_of_scope_segment,Debentures and Bonds
bse_all,940287,out_of_scope_segment,Debentures and Bonds
bse_all,940293,out_of_scope_segment,Debentures and Bonds
bse_all,940295,out_of_scope_segment,Debentures and Bonds
bse_all,940297,out_of_scope_segment,Debentures and Bonds
bse_all,940299,out_of_scope_segment,Debentures and Bonds
bse_all,940301,out_of_scope_segment,Debentures and Bonds
bse_all,940303,out_of_scope_segment,Debentures and Bonds
bse_all,940305,out_of_scope_segment,Debentures and Bonds
bse_all,940307,out_of_scope_segment,Debentures and Bonds
bse_all,940309,out_of_scope_segment,Debentures and Bonds
bse_all,940311,out_of_scope_segment,Debentures and Bonds
bse_all,940313,out_of_scope_segment,Debentures and Bonds
bse_all,940315,out_of_scope_segment,Debentures and Bonds
bse_all,940317,out_of_scope_segment,Debentures and Bonds
bse_all,940319,out_of_scope_segment,Debentures and Bonds
bse_all,940321,out_of_scope_segment,Debentures and Bonds
bse_all,940323,out_of_scope_segment,Debentures and Bonds
bse_all,940325,out_of_scope_segment,Debentures and Bonds
bse_all,940327,out_of_scope_segment,Debentures and Bonds
bse_all,940329,out_of_scope_segment,Debentures and Bonds
bse_all,940331,out_of_scope_segment,Debentures and Bonds
bse_all,940333,out_of_scope_segment,Debentures and Bonds
bse_all,940335,out_of_scope_segment,Debentures and Bonds
bse_all,940337,out_of_scope_segment,Debentures and Bonds
bse_all,940339,out_of_scope_segment,Debentures and Bonds
bse_all,940341,out_of_scope_segment,Debentures and Bonds
bse_all,940343,out_of_scope_segment,Debentures and Bonds
bse_all,940345,out_of_scope_segment,Debentures and Bonds
bse_all,940347,out_of_scope_segment,Debentures and Bonds
bse_all,940349,out_of_scope_segment,Debentures and Bonds
bse_all,940351,out_of_scope_segment,Debentures and Bonds
bse_all,940353,out_of_scope_segment,Debentures and Bonds
bse_all,940355,out_of_scope_segment,Debentures and Bonds
bse_all,940357,out_of_scope_segment,Debentures and Bonds
bse_all,940359,out_of_scope_segment,Debentures and Bonds
bse_all,940361,out_of_scope_segment,Debentures and Bonds
bse_all,940363,out_of_scope_segment,Debentures and Bonds
bse_all,940367,out_of_scope_segment,Debentures and Bonds
bse_all,940369,out_of_scope_segment,Debentures and Bonds
bse_all,940371,out_of_scope_segment,Debentures and Bonds
bse_all,940375,out_of_scope_segment,Debentures and Bonds
bse_all,940377,out_of_scope_segment,Debentures and Bonds
bse_all,940379,out_of_scope_segment,Debentures and Bonds
bse_all,940381,out_of_scope_segment,Debentures and Bonds
bse_all,940383,out_of_scope_segment,Debentures and Bonds
bse_all,940385,out_of_scope_segment,Debentures and Bonds
bse_all,940387,out_of_scope_segment,Debentures and Bonds
bse_all,940389,out_of_scope_segment,Debentures and Bonds
bse_all,940391,out_of_scope_segment,Debentures and Bonds
bse_all,940393,out_of_scope_segment,Debentures and Bonds
bse_all,940395,out_of_scope_segment,Debentures and Bonds
bse_all,940397,out_of_scope_segment,Debentures and Bonds
bse_all,940399,out_of_scope_segment,Debentures and Bonds
bse_all,940401,out_of_scope_segment,Debentures and Bonds
bse_all,940403,out_of_scope_segment,Debentures and Bonds
bse_all,940405,out_of_scope_segment,Debentures and Bonds
bse_all,940407,out_of_scope_segment,Debentures and Bonds
bse_all,940409,out_of_scope_segment,Debentures and Bonds
bse_all,940411,out_of_scope_segment,Debentures and Bonds
bse_all,940413,out_of_scope_segment,Debentures and Bonds
bse_all,940415,out_of_scope_segment,Debentures and Bonds
bse_all,940419,out_of_scope_segment,Debentures and Bonds
bse_all,940421,out_of_scope_segment,Debentures and Bonds
bse_all,940423,out_of_scope_segment,Debentures and Bonds
bse_all,940425,out_of_scope_segment,Debentures and Bonds
bse_all,940427,out_of_scope_segment,Debentures and Bonds
bse_all,940429,out_of_scope_segment,Debentures and Bonds
bse_all,940431,out_of_scope_segment,Debentures and Bonds
bse_all,940433,out_of_scope_segment,Debentures and Bonds
bse_all,940435,out_of_scope_segment,Debentures and Bonds
bse_all,940437,out_of_scope_segment,Debentures and Bonds
bse_all,940439,out_of_scope_segment,Debentures and Bonds
bse_all,940441,out_of_scope_segment,Debentures and Bonds
bse_all,940443,out_of_scope_segment,Debentures and Bonds
bse_all,940445,out_of_scope_segment,Debentures and Bonds
bse_all,940447,out_of_scope_segment,Debentures and Bonds
bse_all,940449,out_of_scope_segment,Debentures and Bonds
bse_all,940451,out_of_scope_segment,Debentures and Bonds
bse_all,940453,out_of_scope_segment,Debentures and Bonds
bse_all,940455,out_of_scope_segment,Debentures and Bonds
bse_all,940457,out_of_scope_segment,Debentures and Bonds
bse_all,940459,out_of_scope_segment,Debentures and Bonds
bse_all,940461,out_of_scope_segment,Debentures and Bonds
bse_all,940463,out_of_scope_segment,Debentures and Bonds
bse_all,940465,out_of_scope_segment,Debentures and Bonds
bse_all,940467,out_of_scope_segment,Debentures and Bonds
bse_all,940469,out_of_scope_segment,Debentures and Bonds
bse_all,940471,out_of_scope_segment,Debentures and Bonds
bse_all,940473,out_of_scope_segment,Debentures and Bonds
bse_all,940475,out_of_scope_segment,Debentures and Bonds
bse_all,940477,out_of_scope_segment,Debentures and Bonds
bse_all,940479,out_of_scope_segment,Debentures and Bonds
bse_all,940481,out_of_scope_segment,Debentures and Bonds
bse_all,940483,out_of_scope_segment,Debentures and Bonds
bse_all,940485,out_of_scope_segment,Debentures and Bonds
bse_all,940487,out_of_scope_segment,Debentures and Bonds
bse_all,940489,out_of_scope_segment,Debentures and Bonds
bse_all,940491,out_of_scope_segment,Debentures and Bonds
bse_all,940493,out_of_scope_segment,Debentures and Bonds
bse_all,940495,out_of_scope_segment,Debentures and Bonds
bse_all,940497,out_of_scope_segment,Debentures and Bonds
bse_all,940499,out_of_scope_segment,Debentures and Bonds
bse_all,940501,out_of_scope_segment,Debentures and Bonds
bse_all,940503,out_of_scope_segment,Debentures and Bonds
bse_all,940505,out_of_scope_segment,Debentures and Bonds
bse_all,940507,out_of_scope_segment,Debentures and Bonds
bse_all,940509,out_of_scope_segment,Debentures and Bonds
bse_all,940511,out_of_scope_segment,Debentures and Bonds
bse_all,940513,out_of_scope_segment,Debentures and Bonds
bse_all,940515,out_of_scope_segment,Debentures and Bonds
bse_all,940517,out_of_scope_segment,Debentures and Bonds
bse_all,940519,out_of_scope_segment,Debentures and Bonds
bse_all,940521,out_of_scope_segment,Debentures and Bonds
bse_all,940525,out_of_scope_segment,Debentures and Bonds
bse_all,940527,out_of_scope_segment,Debentures and Bonds
bse_all,940529,out_of_scope_segment,Debentures and Bonds
bse_all,940531,out_of_scope_segment,Debentures and Bonds
bse_all,940533,out_of_scope_segment,Debentures and Bonds
bse_all,940535,out_of_scope_segment,Debentures and Bonds
bse_all,940537,out_of_scope_segment,Debentures and Bonds
bse_all,940539,out_of_scope_segment,Debentures and Bonds
bse_all,940541,out_of_scope_segment,Debentures and Bonds
bse_all,940547,out_of_scope_segment,Debentures and Bonds
bse_all,940549,out_of_scope_segment,Debentures and Bonds
bse_all,940551,out_of_scope_segment,Debentures and Bonds
bse_all,940553,out_of_scope_segment,Debentures and Bonds
bse_all,940555,out_of_scope_segment,Debentures and Bonds
bse_all,940557,out_of_scope_segment,Debentures and Bonds
bse_all,940559,out_of_scope_segment,Debentures and Bonds
bse_all,940561,out_of_scope_segment,Debentures and Bonds
bse_all,940563,out_of_scope_segment,Debentures and Bonds
bse_all,940565,out_of_scope_segment,Debentures and Bonds
bse_all,940567,out_of_scope_segment,Debentures and Bonds
bse_all,940569,out_of_scope_segment,Debentures and Bonds
bse_all,940571,out_of_scope_segment,Debentures and Bonds
bse_all,940573,out_of_scope_segment,Debentures and Bonds
bse_all,940575,out_of_scope_segment,Debentures and Bonds
bse_all,940577,out_of_scope_segment,Debentures and Bonds
bse_all,940579,out_of_scope_segment,Debentures and Bonds
bse_all,940581,out_of_scope_segment,Debentures and Bonds
bse_all,940583,out_of_scope_segment,Debentures and Bonds
bse_all,940585,out_of_scope_segment,Debentures and Bonds
bse_all,940587,out_of_scope_segment,Debentures and Bonds
bse_all,940589,out_of_scope_segment,Debentures and Bonds
bse_all,940591,out_of_scope_segment,Debentures and Bonds
bse_all,940593,out_of_scope_segment,Debentures and Bonds
bse_all,940595,out_of_scope_segment,Debentures and Bonds
bse_all,940597,out_of_scope_segment,Debentures and Bonds
bse_all,940599,out_of_scope_segment,Debentures and Bonds
bse_all,940603,out_of_scope_segment,Debentures and Bonds
bse_all,940605,out_of_scope_segment,Debentures and Bonds
bse_all,940607,out_of_scope_segment,Debentures and Bonds
bse_all,940611,out_of_scope_segment,Debentures and Bonds
bse_all,940613,out_of_scope_segment,Debentures and Bonds
bse_all,940615,out_of_scope_segment,Debentures and Bonds
bse_all,940617,out_of_scope_segment,Debentures and Bonds
bse_all,940619,out_of_scope_segment,Debentures and Bonds
bse_all,940621,out_of_scope_segment,Debentures and Bonds
bse_all,940623,out_of_scope_segment,Debentures and Bonds
bse_all,940625,out_of_scope_segment,Debentures and Bonds
bse_all,940627,out_of_scope_segment,Debentures and Bonds
bse_all,940629,out_of_scope_segment,Debentures and Bonds
bse_all,940631,out_of_scope_segment,Debentures and Bonds
bse_all,940633,out_of_scope_segment,Debentures and Bonds
bse_all,940635,out_of_scope_segment,Debentures and Bonds
bse_all,940637,out_of_scope_segment,Debentures and Bonds
bse_all,940639,out_of_scope_segment,Debentures and Bonds
bse_all,940641,out_of_scope_segment,Debentures and Bonds
bse_all,940643,out_of_scope_segment,Debentures and Bonds
bse_all,940645,out_of_scope_segment,Debentures and Bonds
bse_all,940647,out_of_scope_segment,Debentures and Bonds
bse_all,940649,out_of_scope_segment,Debentures and Bonds
bse_all,940651,out_of_scope_segment,Debentures and Bonds
bse_all,940653,out_of_scope_segment,Debentures and Bonds
bse_all,940655,out_of_scope_segment,Debentures and Bonds
bse_all,940657,out_of_scope_segment,Debentures and Bonds
bse_all,940659,out_of_scope_segment,Debentures and Bonds
bse_all,940661,out_of_scope_segment,Debentures and Bonds
bse_all,940663,out_of_scope_segment,Debentures and Bonds
bse_all,940665,out_of_scope_segment,Debentures and Bonds
bse_all,940667,out_of_scope_segment,Debentures and Bonds
bse_all,940669,out_of_scope_segment,Debentures and Bonds
bse_all,940671,out_of_scope_segment,Debentures and Bonds
bse_all,940673,out_of_scope_segment,Debentures and Bonds
bse_all,940675,out_of_scope_segment,Debentures and Bonds
bse_all,940677,out_of_scope_segment,Debentures and Bonds
bse_all,940679,out_of_scope_segment,Debentures and Bonds
bse_all,940681,out_of_scope_segment,Debentures and Bonds
bse_all,940683,out_of_scope_segment,Debentures and Bonds
bse_all,940685,out_of_scope_segment,Debentures and Bonds
bse_all,940687,out_of_scope_segment,Debentures and Bonds
bse_all,940689,out_of_scope_segment,Debentures and Bonds
bse_all,940691,out_of_scope_segment,Debentures and Bonds
bse_all,940693,out_of_scope_segment,Debentures and Bonds
bse_all,940695,out_of_scope_segment,Debentures and Bonds
bse_all,940697,out_of_scope_segment,Debentures and Bonds
bse_all,940699,out_of_scope_segment,Debentures and Bonds
bse_all,940701,out_of_scope_segment,Debentures and Bonds
bse_all,940703,out_of_scope_segment,Debentures and Bonds
bse_all,940705,out_of_scope_segment,Debentures and Bonds
bse_all,940707,out_of_scope_segment,Debentures and Bonds
bse_all,940709,out_of_scope_segment,Debentures and Bonds
bse_all,940711,out_of_scope_segment,Debentures and Bonds
bse_all,940713,out_of_scope_segment,Debentures and Bonds
bse_all,940715,out_of_scope_segment,Debentures and Bonds
bse_all,940717,out_of_scope_segment,Debentures and Bonds
bse_all,940719,out_of_scope_segment,Debentures and Bonds
bse_all,940721,out_of_scope_segment,Debentures and Bonds
bse_all,940723,out_of_scope_segment,Debentures and Bonds
bse_all,940725,out_of_scope_segment,Debentures and Bonds
bse_all,940727,out_of_scope_segment,Debentures and Bonds
bse_all,940729,out_of_scope_segment,Debentures and Bonds
bse_all,940731,out_of_scope_segment,Debentures and Bonds
bse_all,940733,out_of_scope_segment,Debentures and Bonds
bse_all,940735,out_of_scope_segment,Debentures and Bonds
bse_all,940737,out_of_scope_segment,Debentures and Bonds
bse_all,940739,out_of_scope_segment,Debentures and Bonds
bse_all,940741,out_of_scope_segment,Debentures and Bonds
bse_all,940743,out_of_scope_segment,Debentures and Bonds
bse_all,940745,out_of_scope_segment,Debentures and Bonds
bse_all,940747,out_of_scope_segment,Debentures and Bonds
bse_all,940749,out_of_scope_segment,Debentures and Bonds
bse_all,940751,out_of_scope_segment,Debentures and Bonds
bse_all,940753,out_of_scope_segment,Debentures and Bonds
bse_all,940755,out_of_scope_segment,Debentures and Bonds
bse_all,940757,out_of_scope_segment,Debentures and Bonds
bse_all,940759,out_of_scope_segment,Debentures and Bonds
bse_all,940761,out_of_scope_segment,Debentures and Bonds
bse_all,940763,out_of_scope_segment,Debentures and Bonds
bse_all,940765,out_of_scope_segment,Debentures and Bonds
bse_all,940767,out_of_scope_segment,Debentures and Bonds
bse_all,940769,out_of_scope_segment,Debentures and Bonds
bse_all,940771,out_of_scope_segment,Debentures and Bonds
bse_all,940773,out_of_scope_segment,Debentures and Bonds
bse_all,940775,out_of_scope_segment,Debentures and Bonds
bse_all,940777,out_of_scope_segment,Debentures and Bonds
bse_all,940779,out_of_scope_segment,Debentures and Bonds
bse_all,940781,out_of_scope_segment,Debentures and Bonds
bse_all,940783,out_of_scope_segment,Debentures and Bonds
bse_all,940785,out_of_scope_segment,Debentures and Bonds
bse_all,940787,out_of_scope_segment,Debentures and Bonds
bse_all,940789,out_of_scope_segment,Debentures and Bonds
bse_all,940791,out_of_scope_segment,Debentures and Bonds
bse_all,940793,out_of_scope_segment,Debentures and Bonds
bse_all,940795,out_of_scope_segment,Debentures and Bonds
bse_all,940797,out_of_scope_segment,Debentures and Bonds
bse_all,940799,out_of_scope_segment,Debentures and Bonds
bse_all,940801,out_of_scope_segment,Debentures and Bonds
bse_all,940803,out_of_scope_segment,Debentures and Bonds
bse_all,940805,out_of_scope_segment,Debentures and Bonds
bse_all,940807,out_of_scope_segment,Debentures and Bonds
bse_all,940809,out_of_scope_segment,Debentures and Bonds
bse_all,940811,out_of_scope_segment,Debentures and Bonds
bse_all,940813,out_of_scope_segment,Debentures and Bonds
bse_all,940815,out_of_scope_segment,Debentures and Bonds
bse_all,940817,out_of_scope_segment,Debentures and Bonds
bse_all,940819,out_of_scope_segment,Debentures and Bonds
bse_all,940821,out_of_scope_segment,Debentures and Bonds
bse_all,940823,out_of_scope_segment,Debentures and Bonds
bse_all,940825,out_of_scope_segment,Debentures and Bonds
bse_all,940827,out_of_scope_segment,Debentures and Bonds
bse_all,940829,out_of_scope_segment,Debentures and Bonds
bse_all,940831,out_of_scope_segment,Debentures and Bonds
bse_all,940833,out_of_scope_segment,Debentures and Bonds
bse_all,940835,out_of_scope_segment,Debentures and Bonds
bse_all,940837,out_of_scope_segment,Debentures and Bonds
bse_all,940839,out_of_scope_segment,Debentures and Bonds
bse_all,940841,out_of_scope_segment,Debentures and Bonds
bse_all,940843,out_of_scope_segment,Debentures and Bonds
bse_all,940845,out_of_scope_segment,Debentures and Bonds
bse_all,940847,out_of_scope_segment,Debentures and Bonds
bse_all,940849,out_of_scope_segment,Debentures and Bonds
bse_all,940851,out_of_scope_segment,Debentures and Bonds
bse_all,940853,out_of_scope_segment,Debentures and Bonds
bse_all,940855,out_of_scope_segment,Debentures and Bonds
bse_all,940857,out_of_scope_segment,Debentures and Bonds
bse_all,940859,out_of_scope_segment,Debentures and Bonds
bse_all,940861,out_of_scope_segment,Debentures and Bonds
bse_all,940862,out_of_scope_segment,Debentures and Bonds
bse_all,940864,out_of_scope_segment,Debentures and Bonds
bse_all,940866,out_of_scope_segment,Debentures and Bonds
bse_all,940868,out_of_scope_segment,Debentures and Bonds
bse_all,940870,out_of_scope_segment,Debentures and Bonds
bse_all,940872,out_of_scope_segment,Debentures and Bonds
bse_all,940874,out_of_scope_segment,Debentures and Bonds
bse_all,940876,out_of_scope_segment,Debentures and Bonds
bse_all,940878,out_of_scope_segment,Debentures and Bonds
bse_all,940880,out_of_scope_segment,Debentures and Bonds
bse_all,940882,out_of_scope_segment,Debentures and Bonds
bse_all,940884,out_of_scope_segment,Debentures and Bonds
bse_all,940886,out_of_scope_segment,Debentures and Bonds
bse_all,940888,out_of_scope_segment,Debentures and Bonds
bse_all,940890,out_of_scope_segment,Debentures and Bonds
bse_all,940892,out_of_scope_segment,Debentures and Bonds
bse_all,940894,out_of_scope_segment,Debentures and Bonds
bse_all,940896,out_of_scope_segment,Debentures and Bonds
bse_all,940898,out_of_scope_segment,Debentures and Bonds
bse_all,940900,out_of_scope_segment,Debentures and Bonds
bse_all,940902,out_of_scope_segment,Debentures and Bonds
bse_all,940904,out_of_scope_segment,Debentures and Bonds
bse_all,940906,out_of_scope_segment,Debentures and Bonds
bse_all,940908,out_of_scope_segment,Debentures and Bonds
bse_all,940910,out_of_scope_segment,Debentures and Bonds
bse_all,940911,out_of_scope_segment,Debentures and Bonds
bse_all,940913,out_of_scope_segment,Debentures and Bonds
bse_all,940915,out_of_scope_segment,Debentures and Bonds
bse_all,940917,out_of_scope_segment,Debentures and Bonds
bse_all,940919,out_of_scope_segment,Debentures and Bonds
bse_all,940921,out_of_scope_segment,Debentures and Bonds
bse_all,940923,out_of_scope_segment,Debentures and Bonds
bse_all,940925,out_of_scope_segment,Debentures and Bonds
bse_all,940927,out_of_scope_segment,Debentures and Bonds
bse_all,940929,out_of_scope_segment,Debentures and Bonds
bse_all,940931,out_of_scope_segment,Debentures and Bonds
bse_all,940933,out_of_scope_segment,Debentures and Bonds
bse_all,940935,out_of_scope_segment,Debentures and Bonds
bse_all,940937,out_of_scope_segment,Debentures and Bonds
bse_all,940939,out_of_scope_segment,Debentures and Bonds
bse_all,940941,out_of_scope_segment,Debentures and Bonds
bse_all,940943,out_of_scope_segment,Debentures and Bonds
bse_all,940945,out_of_scope_segment,Debentures and Bonds
bse_all,940947,out_of_scope_segment,Debentures and Bonds
bse_all,940949,out_of_scope_segment,Debentures and Bonds
bse_all,940951,out_of_scope_segment,Debentures and Bonds
bse_all,940953,out_of_scope_segment,Debentures and Bonds
bse_all,940955,out_of_scope_segment,Debentures and Bonds
bse_all,940957,out_of_scope_segment,Debentures and Bonds
bse_all,940959,out_of_scope_segment,Debentures and Bonds
bse_all,940961,out_of_scope_segment,Debentures and Bonds
bse_all,940963,out_of_scope_segment,Debentures and Bonds
bse_all,940965,out_of_scope_segment,Debentures and Bonds
bse_all,940967,out_of_scope_segment,Debentures and Bonds
bse_all,940969,out_of_scope_segment,Debentures and Bonds
bse_all,940971,out_of_scope_segment,Debentures and Bonds
bse_all,940973,out_of_scope_segment,Debentures and Bonds
bse_all,940975,out_of_scope_segment,Debentures and Bonds
bse_all,940977,out_of_scope_segment,Debentures and Bonds
bse_all,940979,out_of_scope_segment,Debentures and Bonds
bse_all,940981,out_of_scope_segment,Debentures and Bonds
bse_all,940983,out_of_scope_segment,Debentures and Bonds
bse_all,940985,out_of_scope_segment,Debentures and Bonds
bse_all,940987,out_of_scope_segment,Debentures and Bonds
bse_all,940989,out_of_scope_segment,Debentures and Bonds
bse_all,940991,out_of_scope_segment,Debentures and Bonds
bse_all,940993,out_of_scope_segment,Debentures and Bonds
bse_all,940995,out_of_scope_segment,Debentures and Bonds
bse_all,940997,out_of_scope_segment,Debentures and Bonds
bse_all,940999,out_of_scope_segment,Debentures and Bonds
bse_all,941001,out_of_scope_segment,Debentures and Bonds
bse_all,941003,out_of_scope_segment,Debentures and Bonds
bse_all,941005,out_of_scope_segment,Debentures and Bonds
bse_all,941007,out_of_scope_segment,Debentures and Bonds
bse_all,941009,out_of_scope_segment,Debentures and Bonds
bse_all,941011,out_of_scope_segment,Debentures and Bonds
bse_all,941013,out_of_scope_segment,Debentures and Bonds
bse_all,941015,out_of_scope_segment,Debentures and Bonds
bse_all,941017,out_of_scope_segment,Debentures and Bonds
bse_all,941019,out_of_scope_segment,Debentures and Bonds
bse_all,941021,out_of_scope_segment,Debentures and Bonds
bse_all,941023,out_of_scope_segment,Debentures and Bonds
bse_all,941025,out_of_scope_segment,Debentures and Bonds
bse_all,941027,out_of_scope_segment,Debentures and Bonds
bse_all,941029,out_of_scope_segment,Debentures and Bonds
bse_all,941031,out_of_scope_segment,Debentures and Bonds
bse_all,941033,out_of_scope_segment,Debentures and Bonds
bse_all,941035,out_of_scope_segment,Debentures and Bonds
bse_all,941037,out_of_scope_segment,Debentures and Bonds
bse_all,941039,out_of_scope_segment,Debentures and Bonds
bse_all,941041,out_of_scope_segment,Debentures and Bonds
bse_all,941043,out_of_scope_segment,Debentures and Bonds
bse_all,941045,out_of_scope_segment,Debentures and Bonds
bse_all,941047,out_of_scope_segment,Debentures and Bonds
bse_all,941049,out_of_scope_segment,Debentures and Bonds
bse_all,941051,out_of_scope_segment,Debentures and Bonds
bse_all,941053,out_of_scope_segment,Debentures and Bonds
bse_all,941055,out_of_scope_segment,Debentures and Bonds
bse_all,941057,out_of_scope_segment,Debentures and Bonds
bse_all,941059,out_of_scope_segment,Debentures and Bonds
bse_all,941061,out_of_scope_segment,Debentures and Bonds
bse_all,941063,out_of_scope_segment,Debentures and Bonds
bse_all,941065,out_of_scope_segment,Debentures and Bonds
bse_all,941067,out_of_scope_segment,Debentures and Bonds
bse_all,941069,out_of_scope_segment,Debentures and Bonds
bse_all,941071,out_of_scope_segment,Debentures and Bonds
bse_all,941073,out_of_scope_segment,Debentures and Bonds
bse_all,941075,out_of_scope_segment,Debentures and Bonds
bse_all,941077,out_of_scope_segment,Debentures and Bonds
bse_all,941079,out_of_scope_segment,Debentures and Bonds
bse_all,941081,out_of_scope_segment,Debentures and Bonds
bse_all,941083,out_of_scope_segment,Debentures and Bonds
bse_all,941085,out_of_scope_segment,Debentures and Bonds
bse_all,941087,out_of_scope_segment,Debentures and Bonds
bse_all,941089,out_of_scope_segment,Debentures and Bonds
bse_all,941091,out_of_scope_segment,Debentures and Bonds
bse_all,941093,out_of_scope_segment,Debentures and Bonds
bse_all,941095,out_of_scope_segment,Debentures and Bonds
bse_all,941097,out_of_scope_segment,Debentures and Bonds
bse_all,941099,out_of_scope_segment,Debentures and Bonds
bse_all,941101,out_of_scope_segment,Debentures and Bonds
bse_all,941103,out_of_scope_segment,Debentures and Bonds
bse_all,941105,out_of_scope_segment,Debentures and Bonds
bse_all,941107,out_of_scope_segment,Debentures and Bonds
bse_all,941109,out_of_scope_segment,Debentures and Bonds
bse_all,941111,out_of_scope_segment,Debentures and Bonds
bse_all,941113,out_of_scope_segment,Debentures and Bonds
bse_all,941115,out_of_scope_segment,Debentures and Bonds
bse_all,941117,out_of_scope_segment,Debentures and Bonds
bse_all,941119,out_of_scope_segment,Debentures and Bonds
bse_all,941121,out_of_scope_segment,Debentures and Bonds
bse_all,941123,out_of_scope_segment,Debentures and Bonds
bse_all,941125,out_of_scope_segment,Debentures and Bonds
bse_all,941127,out_of_scope_segment,Debentures and Bonds
bse_all,941129,out_of_scope_segment,Debentures and Bonds
bse_all,941131,out_of_scope_segment,Debentures and Bonds
bse_all,941133,out_of_scope_segment,Debentures and Bonds
bse_all,941135,out_of_scope_segment,Debentures and Bonds
bse_all,941137,out_of_scope_segment,Debentures and Bonds
bse_all,941139,out_of_scope_segment,Debentures and Bonds
bse_all,941141,out_of_scope_segment,Debentures and Bonds
bse_all,941143,out_of_scope_segment,Debentures and Bonds
bse_all,941145,out_of_scope_segment,Debentures and Bonds
bse_all,941147,out_of_scope_segment,Debentures and Bonds
bse_all,941149,out_of_scope_segment,Debentures and Bonds
bse_all,941151,out_of_scope_segment,Debentures and Bonds
bse_all,941153,out_of_scope_segment,Debentures and Bonds
bse_all,941155,out_of_scope_segment,Debentures and Bonds
bse_all,941157,out_of_scope_segment,Debentures and Bonds
bse_all,941159,out_of_scope_segment,Debentures and Bonds
bse_all,941161,out_of_scope_segment,Debentures and Bonds
bse_all,941163,out_of_scope_segment,Debentures and Bonds
bse_all,941165,out_of_scope_segment,Debentures and Bonds
bse_all,941167,out_of_scope_segment,Debentures and Bonds
bse_all,941169,out_of_scope_segment,Debentures and Bonds
bse_all,941171,out_of_scope_segment,Debentures and Bonds
bse_all,941173,out_of_scope_segment,Debentures and Bonds
bse_all,941175,out_of_scope_segment,Debentures and Bonds
bse_all,941177,out_of_scope_segment,Debentures and Bonds
bse_all,941179,out_of_scope_segment,Debentures and Bonds
bse_all,941181,out_of_scope_segment,Debentures and Bonds
bse_all,941183,out_of_scope_segment,Debentures and Bonds
bse_all,941185,out_of_scope_segment,Debentures and Bonds
bse_all,941187,out_of_scope_segment,Debentures and Bonds
bse_all,941189,out_of_scope_segment,Debentures and Bonds
bse_all,941191,out_of_scope_segment,Debentures and Bonds
bse_all,941193,out_of_scope_segment,Debentures and Bonds
bse_all,941195,out_of_scope_segment,Debentures and Bonds
bse_all,941197,out_of_scope_segment,Debentures and Bonds
bse_all,941199,out_of_scope_segment,Debentures and Bonds
bse_all,941201,out_of_scope_segment,Debentures and Bonds
bse_all,941203,out_of_scope_segment,Debentures and Bonds
bse_all,941205,out_of_scope_segment,Debentures and Bonds
bse_all,941207,out_of_scope_segment,Debentures and Bonds
bse_all,941209,out_of_scope_segment,Debentures and Bonds
bse_all,941211,out_of_scope_segment,Debentures and Bonds
bse_all,941213,out_of_scope_segment,Debentures and Bonds
bse_all,941215,out_of_scope_segment,Debentures and Bonds
bse_all,941217,out_of_scope_segment,Debentures and Bonds
bse_all,941219,out_of_scope_segment,Debentures and Bonds
bse_all,941221,out_of_scope_segment,Debentures and Bonds
bse_all,941223,out_of_scope_segment,Debentures and Bonds
bse_all,941225,out_of_scope_segment,Debentures and Bonds
bse_all,941227,out_of_scope_segment,Debentures and Bonds
bse_all,941229,out_of_scope_segment,Debentures and Bonds
bse_all,941231,out_of_scope_segment,Debentures and Bonds
bse_all,941233,out_of_scope_segment,Debentures and Bonds
bse_all,941235,out_of_scope_segment,Debentures and Bonds
bse_all,941237,out_of_scope_segment,Debentures and Bonds
bse_all,941239,out_of_scope_segment,Debentures and Bonds
bse_all,941241,out_of_scope_segment,Debentures and Bonds
bse_all,941243,out_of_scope_segment,Debentures and Bonds
bse_all,941245,out_of_scope_segment,Debentures and Bonds
bse_all,941247,out_of_scope_segment,Debentures and Bonds
bse_all,941249,out_of_scope_segment,Debentures and Bonds
bse_all,946831,out_of_scope_segment,Debentures and Bonds
bse_all,947001,out_of_scope_segment,Debentures and Bonds
bse_all,947841,out_of_scope_segment,Debentures and Bonds
bse_all,948103,out_of_scope_segment,Debentures and Bonds
bse_all,948802,out_of_scope_segment,Debentures and Bonds
bse_all,949156,out_of_scope_segment,Debentures and Bonds
bse_all,949250,out_of_scope_segment,Debentures and Bonds
bse_all,949342,out_of_scope_segment,Debentures and Bonds
bse_all,949395,out_of_scope_segment,Debentures and Bonds
bse_all,949439,out_of_scope_segment,Debentures and Bonds
bse_all,949450,out_of_scope_segment,Debentures and Bonds
bse_all,949451,out_of_scope_segment,Debentures and Bonds
bse_all,949470,out_of_scope_segment,Debentures and Bonds
bse_all,949563,out_of_scope_segment,Debentures and Bonds
bse_all,950062,out_of_scope_segment,Debentures and Bonds
bse_all,950199,out_of_scope_segment,Debentures and Bonds
bse_all,950201,out_of_scope_segment,Debentures and Bonds
bse_all,950203,out_of_scope_segment,Debentures and Bonds
bse_all,950205,out_of_scope_segment,Debentures and Bonds
bse_all,950207,out_of_scope_segment,Debentures and Bonds
bse_all,950208,out_of_scope_segment,Debentures and Bonds
bse_all,950213,out_of_scope_segment,Debentures and Bonds
bse_all,950214,out_of_scope_segment,Debentures and Bonds
bse_all,950215,out_of_scope_segment,Debentures and Bonds
bse_all,950216,out_of_scope_segment,Debentures and Bonds
bse_all,950217,out_of_scope_segment,Debentures and Bonds
bse_all,950218,out_of_scope_segment,Debentures and Bonds
bse_all,950219,out_of_scope_segment,Debentures and Bonds
bse_all,950220,out_of_scope_segment,Debentures and Bonds
bse_all,950221,out_of_scope_segment,Debentures and Bonds
bse_all,950468,out_of_scope_segment,Debentures and Bonds
bse_all,950469,out_of_scope_segment,Debentures and Bonds
bse_all,950471,out_of_scope_segment,Debentures and Bonds
bse_all,950473,out_of_scope_segment,Debentures and Bonds
bse_all,950475,out_of_scope_segment,Debentures and Bonds
bse_all,950485,out_of_scope_segment,Debentures and Bonds
bse_all,950486,out_of_scope_segment,Debentures and Bonds
bse_all,950487,out_of_scope_segment,Debentures and Bonds
bse_all,950492,out_of_scope_segment,Debentures and Bonds
bse_all,950494,out_of_scope_segment,Debentures and Bonds
bse_all,950497,out_of_scope_segment,Debentures and Bonds
bse_all,950498,out_of_scope_segment,Debentures and Bonds
bse_all,950737,out_of_scope_segment,Debentures and Bonds
bse_all,950738,out_of_scope_segment,Debentures and Bonds
bse_all,950742,out_of_scope_segment,Debentures and Bonds
bse_all,950752,out_of_scope_segment,Debentures and Bonds
bse_all,950753,out_of_scope_segment,Debentures and Bonds
bse_all,950754,out_of_scope_segment,Debentures and Bonds
bse_all,950763,out_of_scope_segment,Debentures and Bonds
bse_all,951431,out_of_scope_segment,Debentures and Bonds
bse_all,951512,out_of_scope_segment,Debentures and Bonds
bse_all,951522,out_of_scope_segment,Debentures and Bonds
bse_all,951523,out_of_scope_segment,Debentures and Bonds
bse_all,951524,out_of_scope_segment,Debentures and Bonds
bse_all,951525,out_of_scope_segment,Debentures and Bonds
bse_all,951589,out_of_scope_segment,Debentures and Bonds
bse_all,951653,out_of_scope_segment,Debentures and Bonds
bse_all,951654,out_of_scope_segment,Debentures and Bonds
bse_all,951678,out_of_scope_segment,Debentures and Bonds
bse_all,951716,out_of_scope_segment,Debentures and Bonds
bse_all,951899,out_of_scope_segment,Debentures and Bonds
bse_all,951949,out_of_scope_segment,Debentures and Bonds
bse_all,952360,out_of_scope_segment,Debentures and Bonds
bse_all,952361,out_of_scope_segment,Debentures and Bonds
bse_all,952362,out_of_scope_segment,Debentures and Bonds
bse_all,952364,out_of_scope_segment,Debentures and Bonds
bse_all,952676,out_of_scope_segment,Debentures and Bonds
bse_all,952793,out_of_scope_segment,Debentures and Bonds
bse_all,952851,out_of_scope_segment,Debentures and Bonds
bse_all,953063,out_of_scope_segment,Debentures and Bonds
bse_all,953064,out_of_scope_segment,Debentures and Bonds
bse_all,953065,out_of_scope_segment,Debentures and Bonds
bse_all,953066,out_of_scope_segment,Debentures and Bonds
bse_all,953067,out_of_scope_segment,Debentures and Bonds
bse_all,953148,out_of_scope_segment,Debentures and Bonds
bse_all,953224,out_of_scope_segment,Debentures and Bonds
bse_all,953225,out_of_scope_segment,Debentures and Bonds
bse_all,953271,out_of_scope_segment,Debentures and Bonds
bse_all,953414,out_of_scope_segment,Debentures and Bonds
bse_all,953420,out_of_scope_segment,Debentures and Bonds
bse_all,953431,out_of_scope_segment,Debentures and Bonds
bse_all,953432,out_of_scope_segment,Debentures and Bonds
bse_all,953434,out_of_scope_segment,Debentures and Bonds
bse_all,953436,out_of_scope_segment,Debentures and Bonds
bse_all,953438,out_of_scope_segment,Debentures and Bonds
bse_all,953439,out_of_scope_segment,Debentures and Bonds
bse_all,953440,out_of_scope_segment,Debentures and Bonds
bse_all,953441,out_of_scope_segment,Debentures and Bonds
bse_all,953490,out_of_scope_segment,Debentures and Bonds
bse_all,953497,out_of_scope_segment,Debentures and Bonds
bse_all,953499,out_of_scope_segment,Debentures and Bonds
bse_all,953518,out_of_scope_segment,Debentures and Bonds
bse_all,953519,out_of_scope_segment,Debentures and Bonds
bse_all,953520,out_of_scope_segment,Debentures and Bonds
bse_all,953521,out_of_scope_segment,Debentures and Bonds
bse_all,953522,out_of_scope_segment,Debentures and Bonds
bse_all,953686,out_of_scope_segment,Debentures and Bonds
bse_all,954041,out_of_scope_segment,Debentures and Bonds
bse_all,954264,out_of_scope_segment,Debentures and Bonds
bse_all,954442,out_of_scope_segment,Debentures and Bonds
bse_all,954549,out_of_scope_segment,Debentures and Bonds
bse_all,954588,out_of_scope_segment,Debentures and Bonds
bse_all,954678,out_of_scope_segment,Debentures and Bonds
bse_all,954708,out_of_scope_segment,Debentures and Bonds
bse_all,954709,out_of_scope_segment,Debentures and Bonds
bse_all,954711,out_of_scope_segment,Debentures and Bonds
bse_all,954722,out_of_scope_segment,Debentures and Bonds
bse_all,954723,out_of_scope_segment,Debentures and Bonds
bse_all,954724,out_of_scope_segment,Debentures and Bonds
bse_all,954725,out_of_scope_segment,Debentures and Bonds
bse_all,954726,out_of_scope_segment,Debentures and Bonds
bse_all,954731,out_of_scope_segment,Debentures and Bonds
bse_all,954781,out_of_scope_segment,Debentures and Bonds
bse_all,954815,out_of_scope_segment,Debentures and Bonds
bse_all,954850,out_of_scope_segment,Debentures and Bonds
bse_all,954975,out_of_scope_segment,Debentures and Bonds
bse_all,954977,out_of_scope_segment,Debentures and Bonds
bse_all,954979,out_of_scope_segment,Debentures and Bonds
bse_all,954984,out_of_scope_segment,Debentures and Bonds
bse_all,954989,out_of_scope_segment,Debentures and Bonds
bse_all,954991,out_of_scope_segment,Debentures and Bonds
bse_all,955000,out_of_scope_segment,Debentures and Bonds
bse_all,955027,out_of_scope_segment,Debentures and Bonds
bse_all,955031,out_of_scope_segment,Debentures and Bonds
bse_all,955032,out_of_scope_segment,Debentures and Bonds
bse_all,955052,out_of_scope_segment,Debentures and Bonds
bse_all,955054,out_of_scope_segment,Debentures and Bonds
bse_all,955087,out_of_scope_segment,Debentures and Bonds
bse_all,955089,out_of_scope_segment,Debentures and Bonds
bse_all,955091,out_of_scope_segment,Debentures and Bonds
bse_all,955092,out_of_scope_segment,Debentures and Bonds
bse_all,955094,out_of_scope_segment,Debentures and Bonds
bse_all,955113,out_of_scope_segment,Debentures and Bonds
bse_all,955126,out_of_scope_segment,Debentures and Bonds
bse_all,955145,out_of_scope_segment,Debentures and Bonds
bse_all,955147,out_of_scope_segment,Debentures and Bonds
bse_all,955156,out_of_scope_segment,Debentures and Bonds
bse_all,955174,out_of_scope_segment,Debentures and Bonds
bse_all,955183,out_of_scope_segment,Debentures and Bonds
bse_all,955229,out_of_scope_segment,Debentures and Bonds
bse_all,955248,out_of_scope_segment,Debentures and Bonds
bse_all,955251,out_of_scope_segment,Debentures and Bonds
bse_all,955256,out_of_scope_segment,Debentures and Bonds
bse_all,955257,out_of_scope_segment,Debentures and Bonds
bse_all,955282,out_of_scope_segment,Debentures and Bonds
bse_all,955294,out_of_scope_segment,Debentures and Bonds
bse_all,955310,out_of_scope_segment,Debentures and Bonds
bse_all,955311,out_of_scope_segment,Debentures and Bonds
bse_all,955319,out_of_scope_segment,Debentures and Bonds
bse_all,955329,out_of_scope_segment,Debentures and Bonds
bse_all,955331,out_of_scope_segment,Debentures and Bonds
bse_all,955359,out_of_scope_segment,Debentures and Bonds
bse_all,955389,out_of_scope_segment,Debentures and Bonds
bse_all,955398,out_of_scope_segment,Debentures and Bonds
bse_all,955431,out_of_scope_segment,Debentures and Bonds
bse_all,955442,out_of_scope_segment,Debentures and Bonds
bse_all,955443,out_of_scope_segment,Debentures and Bonds
bse_all,955445,out_of_scope_segment,Debentures and Bonds
bse_all,955462,out_of_scope_segment,Debentures and Bonds
bse_all,955484,out_of_scope_segment,Debentures and Bonds
bse_all,955488,out_of_scope_segment,Debentures and Bonds
bse_all,955498,out_of_scope_segment,Debentures and Bonds
bse_all,955512,out_of_scope_segment,Debentures and Bonds
bse_all,955513,out_of_scope_segment,Debentures and Bonds
bse_all,955522,out_of_scope_segment,Debentures and Bonds
bse_all,955542,out_of_scope_segment,Debentures and Bonds
bse_all,955561,out_of_scope_segment,Debentures and Bonds
bse_all,955584,out_of_scope_segment,Debentures and Bonds
bse_all,955588,out_of_scope_segment,Debentures and Bonds
bse_all,955590,out_of_scope_segment,Debentures and Bonds
bse_all,955600,out_of_scope_segment,Debentures and Bonds
bse_all,955603,out_of_scope_segment,Debentures and Bonds
bse_all,955610,out_of_scope_segment,Debentures and Bonds
bse_all,955625,out_of_scope_segment,Debentures and Bonds
bse_all,955641,out_of_scope_segment,Debentures and Bonds
bse_all,955693,out_of_scope_segment,Debentures and Bonds
bse_all,955697,out_of_scope_segment,Debentures and Bonds
bse_all,955772,out_of_scope_segment,Debentures and Bonds
bse_all,955782,out_of_scope_segment,Debentures and Bonds
bse_all,955784,out_of_scope_segment,Debentures and Bonds
bse_all,955805,out_of_scope_segment,Debentures and Bonds
bse_all,955815,out_of_scope_segment,Debentures and Bonds
bse_all,955817,out_of_scope_segment,Debentures and Bonds
bse_all,955840,out_of_scope_segment,Debentures and Bonds
bse_all,955845,out_of_scope_segment,Debentures and Bonds
bse_all,955852,out_of_scope_segment,Debentures and Bonds
bse_all,955858,out_of_scope_segment,Debentures and Bonds
bse_all,955882,out_of_scope_segment,Debentures and Bonds
bse_all,955902,out_of_scope_segment,Debentures and Bonds
bse_all,955912,out_of_scope_segment,Debentures and Bonds
bse_all,955942,out_of_scope_segment,Debentures and Bonds
bse_all,955986,out_of_scope_segment,Debentures and Bonds
bse_all,955992,out_of_scope_segment,Debentures and Bonds
bse_all,955999,out_of_scope_segment,Debentures and Bonds
bse_all,956041,out_of_scope_segment,Debentures and Bonds
bse_all,956046,out_of_scope_segment,Debentures and Bonds
bse_all,956048,out_of_scope_segment,Debentures and Bonds
bse_all,956092,out_of_scope_segment,Debentures and Bonds
bse_all,956100,out_of_scope_segment,Debentures and Bonds
bse_all,956136,out_of_scope_segment,Debentures and Bonds
bse_all,956141,out_of_scope_segment,Debentures and Bonds
bse_all,956143,out_of_scope_segment,Debentures and Bonds
bse_all,956150,out_of_scope_segment,Debentures and Bonds
bse_all,956177,out_of_scope_segment,Debentures and Bonds
bse_all,956189,out_of_scope_segment,Debentures and Bonds
bse_all,956208,out_of_scope_segment,Debentures and Bonds
bse_all,956233,out_of_scope_segment,Debentures and Bonds
bse_all,956235,out_of_scope_segment,Debentures and Bonds
bse_all,956260,out_of_scope_segment,Debentures and Bonds
bse_all,956276,out_of_scope_segment,Debentures and Bonds
bse_all,956318,out_of_scope_segment,Debentures and Bonds
bse_all,956321,out_of_scope_segment,Debentures and Bonds
bse_all,956322,out_of_scope_segment,Debentures and Bonds
bse_all,956337,out_of_scope_segment,Debentures and Bonds
bse_all,956338,out_of_scope_segment,Debentures and Bonds
bse_all,956427,out_of_scope_segment,Debentures and Bonds
bse_all,956470,out_of_scope_segment,Debentures and Bonds
bse_all,956528,out_of_scope_segment,Debentures and Bonds
bse_all,956530,out_of_scope_segment,Debentures and Bonds
bse_all,956536,out_of_scope_segment,Debentures and Bonds
bse_all,956552,out_of_scope_segment,Debentures and Bonds
bse_all,956577,out_of_scope_segment,Debentures and Bonds
bse_all,956594,out_of_scope_segment,Debentures and Bonds
bse_all,956597,out_of_scope_segment,Debentures and Bonds
bse_all,956607,out_of_scope_segment,Debentures and Bonds
bse_all,956617,out_of_scope_segment,Debentures and Bonds
bse_all,956620,out_of_scope_segment,Debentures and Bonds
bse_all,956631,out_of_scope_segment,Debentures and Bonds
bse_all,956666,out_of_scope_segment,Debentures and Bonds
bse_all,956670,out_of_scope_segment,Debentures and Bonds
bse_all,956683,out_of_scope_segment,Debentures and Bonds
bse_all,956692,out_of_scope_segment,Debentures and Bonds
bse_all,956700,out_of_scope_segment,Debentures and Bonds
bse_all,956707,out_of_scope_segment,Debentures and Bonds
bse_all,956710,out_of_scope_segment,Debentures and Bonds
bse_all,956714,out_of_scope_segment,Debentures and Bonds
bse_all,956718,out_of_scope_segment,Debentures and Bonds
bse_all,956752,out_of_scope_segment,Debentures and Bonds
bse_all,956760,out_of_scope_segment,Debentures and Bonds
bse_all,956775,out_of_scope_segment,Debentures and Bonds
bse_all,956787,out_of_scope_segment,Debentures and Bonds
bse_all,956797,out_of_scope_segment,Debentures and Bonds
bse_all,956799,out_of_scope_segment,Debentures and Bonds
bse_all,956802,out_of_scope_segment,Debentures and Bonds
bse_all,956821,out_of_scope_segment,Debentures and Bonds
bse_all,956835,out_of_scope_segment,Debentures and Bonds
bse_all,956836,out_of_scope_segment,Debentures and Bonds
bse_all,956844,out_of_scope_segment,Debentures and Bonds
bse_all,956863,out_of_scope_segment,Debentures and Bonds
bse_all,956882,out_of_scope_segment,Debentures and Bonds
bse_all,956883,out_of_scope_segment,Debentures and Bonds
bse_all,956889,out_of_scope_segment,Debentures and Bonds
bse_all,956905,out_of_scope_segment,Debentures and Bonds
bse_all,956909,out_of_scope_segment,Debentures and Bonds
bse_all,956922,out_of_scope_segment,Debentures and Bonds
bse_all,956927,out_of_scope_segment,Debentures and Bonds
bse_all,956929,out_of_scope_segment,Debentures and Bonds
bse_all,956930,out_of_scope_segment,Debentures and Bonds
bse_all,956936,out_of_scope_segment,Debentures and Bonds
bse_all,956939,out_of_scope_segment,Debentures and Bonds
bse_all,956948,out_of_scope_segment,Debentures and Bonds
bse_all,957039,out_of_scope_segment,Debentures and Bonds
bse_all,957050,out_of_scope_segment,Debentures and Bonds
bse_all,957067,out_of_scope_segment,Debentures and Bonds
bse_all,957070,out_of_scope_segment,Debentures and Bonds
bse_all,957073,out_of_scope_segment,Debentures and Bonds
bse_all,957076,out_of_scope_segment,Debentures and Bonds
bse_all,957083,out_of_scope_segment,Debentures and Bonds
bse_all,957090,out_of_scope_segment,Debentures and Bonds
bse_all,957093,out_of_scope_segment,Debentures and Bonds
bse_all,957109,out_of_scope_segment,Debentures and Bonds
bse_all,957131,out_of_scope_segment,Debentures and Bonds
bse_all,957132,out_of_scope_segment,Debentures and Bonds
bse_all,957133,out_of_scope_segment,Debentures and Bonds
bse_all,957134,out_of_scope_segment,Debentures and Bonds
bse_all,957135,out_of_scope_segment,Debentures and Bonds
bse_all,957144,out_of_scope_segment,Debentures and Bonds
bse_all,957172,out_of_scope_segment,Debentures and Bonds
bse_all,957173,out_of_scope_segment,Debentures and Bonds
bse_all,957179,out_of_scope_segment,Debentures and Bonds
bse_all,957180,out_of_scope_segment,Debentures and Bonds
bse_all,957186,out_of_scope_segment,Debentures and Bonds
bse_all,957187,out_of_scope_segment,Debentures and Bonds
bse_all,957192,out_of_scope_segment,Debentures and Bonds
bse_all,957196,out_of_scope_segment,Debentures and Bonds
bse_all,957197,out_of_scope_segment,Debentures and Bonds
bse_all,957208,out_of_scope_segment,Debentures and Bonds
bse_all,957209,out_of_scope_segment,Debentures and Bonds
bse_all,957222,out_of_scope_segment,Debentures and Bonds
bse_all,957223,out_of_scope_segment,Debentures and Bonds
bse_all,957225,out_of_scope_segment,Debentures and Bonds
bse_all,957228,out_of_scope_segment,Debentures and Bonds
bse_all,957232,out_of_scope_segment,Debentures and Bonds
bse_all,957233,out_of_scope_segment,Debentures and Bonds
bse_all,957234,out_of_scope_segment,Debentures and Bonds
bse_all,957235,out_of_scope_segment,Debentures and Bonds
bse_all,957236,out_of_scope_segment,Debentures and Bonds
bse_all,957237,out_of_scope_segment,Debentures and Bonds
bse_all,957246,out_of_scope_segment,Debentures and Bonds
bse_all,957253,out_of_scope_segment,Debentures and Bonds
bse_all,957280,out_of_scope_segment,Debentures and Bonds
bse_all,957381,out_of_scope_segment,Debentures and Bonds
bse_all,957385,out_of_scope_segment,Debentures and Bonds
bse_all,957393,out_of_scope_segment,Debentures and Bonds
bse_all,957402,out_of_scope_segment,Debentures and Bonds
bse_all,957409,out_of_scope_segment,Debentures and Bonds
bse_all,957445,out_of_scope_segment,Debentures and Bonds
bse_all,957446,out_of_scope_segment,Debentures and Bonds
bse_all,957463,out_of_scope_segment,Debentures and Bonds
bse_all,957468,out_of_scope_segment,Debentures and Bonds
bse_all,957615,out_of_scope_segment,Debentures and Bonds
bse_all,957644,out_of_scope_segment,Debentures and Bonds
bse_all,957645,out_of_scope_segment,Debentures and Bonds
bse_all,957646,out_of_scope_segment,Debentures and Bonds
bse_all,957647,out_of_scope_segment,Debentures and Bonds
bse_all,957649,out_of_scope_segment,Debentures and Bonds
bse_all,957656,out_of_scope_segment,Debentures and Bonds
bse_all,957670,out_of_scope_segment,Debentures and Bonds
bse_all,957671,out_of_scope_segment,Debentures and Bonds
bse_all,957680,out_of_scope_segment,Debentures and Bonds
bse_all,957683,out_of_scope_segment,Debentures and Bonds
bse_all,957690,out_of_scope_segment,Debentures and Bonds
bse_all,957691,out_of_scope_segment,Debentures and Bonds
bse_all,957727,out_of_scope_segment,Debentures and Bonds
bse_all,957744,out_of_scope_segment,Debentures and Bonds
bse_all,957746,out_of_scope_segment,Debentures and Bonds
bse_all,957764,out_of_scope_segment,Debentures and Bonds
bse_all,957765,out_of_scope_segment,Debentures and Bonds
bse_all,957770,out_of_scope_segment,Debentures and Bonds
bse_all,957788,out_of_scope_segment,Debentures and Bonds
bse_all,957790,out_of_scope_segment,Debentures and Bonds
bse_all,957799,out_of_scope_segment,Debentures and Bonds
bse_all,957801,out_of_scope_segment,Debentures and Bonds
bse_all,957809,out_of_scope_segment,Debentures and Bonds
bse_all,957810,out_of_scope_segment,Debentures and Bonds
bse_all,957824,out_of_scope_segment,Debentures and Bonds
bse_all,957835,out_of_scope_segment,Debentures and Bonds
bse_all,957837,out_of_scope_segment,Debentures and Bonds
bse_all,957844,out_of_scope_segment,Debentures and Bonds
bse_all,957877,out_of_scope_segment,Debentures and Bonds
bse_all,957905,out_of_scope_segment,Debentures and Bonds
bse_all,957921,out_of_scope_segment,Debentures and Bonds
bse_all,957932,out_of_scope_segment,Debentures and Bonds
bse_all,957951,out_of_scope_segment,Debentures and Bonds
bse_all,957962,out_of_scope_segment,Debentures and Bonds
bse_all,957977,out_of_scope_segment,Debentures and Bonds
bse_all,957988,out_of_scope_segment,Debentures and Bonds
bse_all,958016,out_of_scope_segment,Debentures and Bonds
bse_all,958017,out_of_scope_segment,Debentures and Bonds
bse_all,958020,out_of_scope_segment,Debentures and Bonds
bse_all,958025,out_of_scope_segment,Debentures and Bonds
bse_all,958047,out_of_scope_segment,Debentures and Bonds
bse_all,958138,out_of_scope_segment,Debentures and Bonds
bse_all,958156,out_of_scope_segment,Debentures and Bonds
bse_all,958165,out_of_scope_segment,Debentures and Bonds
bse_all,958166,out_of_scope_segment,Debentures and Bonds
bse_all,958172,out_of_scope_segment,Debentures and Bonds
bse_all,958179,out_of_scope_segment,Debentures and Bonds
bse_all,958180,out_of_scope_segment,Debentures and Bonds
bse_all,958191,out_of_scope_segment,Debentures and Bonds
bse_all,958213,out_of_scope_segment,Debentures and Bonds
bse_all,958219,out_of_scope_segment,Debentures and Bonds
bse_all,958232,out_of_scope_segment,Debentures and Bonds
bse_all,958245,out_of_scope_segment,Debentures and Bonds
bse_all,958246,out_of_scope_segment,Debentures and Bonds
bse_all,958257,out_of_scope_segment,Debentures and Bonds
bse_all,958275,out_of_scope_segment,Debentures and Bonds
bse_all,958278,out_of_scope_segment,Debentures and Bonds
bse_all,958304,out_of_scope_segment,Debentures and Bonds
bse_all,958306,out_of_scope_segment,Debentures and Bonds
bse_all,958307,out_of_scope_segment,Debentures and Bonds
bse_all,958311,out_of_scope_segment,Debentures and Bonds
bse_all,958312,out_of_scope_segment,Debentures and Bonds
bse_all,958332,out_of_scope_segment,Debentures and Bonds
bse_all,958338,out_of_scope_segment,Debentures and Bonds
bse_all,958349,out_of_scope_segment,Debentures and Bonds
bse_all,958353,out_of_scope_segment,Debentures and Bonds
bse_all,958354,out_of_scope_segment,Debentures and Bonds
bse_all,958356,out_of_scope_segment,Debentures and Bonds
bse_all,958364,out_of_scope_segment,Debentures and Bonds
bse_all,958385,out_of_scope_segment,Debentures and Bonds
bse_all,958393,out_of_scope_segment,Debentures and Bonds
bse_all,958394,out_of_scope_segment,Debentures and Bonds
bse_all,958397,out_of_scope_segment,Debentures and Bonds
bse_all,958399,out_of_scope_segment,Debentures and Bonds
bse_all,958406,out_of_scope_segment,Debentures and Bonds
bse_all,958410,out_of_scope_segment,Debentures and Bonds
bse_all,958418,out_of_scope_segment,Debentures and Bonds
bse_all,958419,out_of_scope_segment,Debentures and Bonds
bse_all,958433,out_of_scope_segment,Debentures and Bonds
bse_all,958438,out_of_scope_segment,Debentures and Bonds
bse_all,958445,out_of_scope_segment,Debentures and Bonds
bse_all,958447,out_of_scope_segment,Debentures and Bonds
bse_all,958463,out_of_scope_segment,Debentures and Bonds
bse_all,958464,out_of_scope_segment,Debentures and Bonds
bse_all,958466,out_of_scope_segment,Debentures and Bonds
bse_all,958468,out_of_scope_segment,Debentures and Bonds
bse_all,958469,out_of_scope_segment,Debentures and Bonds
bse_all,958487,out_of_scope_segment,Debentures and Bonds
bse_all,958489,out_of_scope_segment,Debentures and Bonds
bse_all,958502,out_of_scope_segment,Debentures and Bonds
bse_all,958518,out_of_scope_segment,Debentures and Bonds
bse_all,958522,out_of_scope_segment,Debentures and Bonds
bse_all,958523,out_of_scope_segment,Debentures and Bonds
bse_all,958531,out_of_scope_segment,Debentures and Bonds
bse_all,958538,out_of_scope_segment,Debentures and Bonds
bse_all,958539,out_of_scope_segment,Debentures and Bonds
bse_all,958540,out_of_scope_segment,Debentures and Bonds
bse_all,958542,out_of_scope_segment,Debentures and Bonds
bse_all,958551,out_of_scope_segment,Debentures and Bonds
bse_all,958553,out_of_scope_segment,Debentures and Bonds
bse_all,958565,out_of_scope_segment,Debentures and Bonds
bse_all,958568,out_of_scope_segment,Debentures and Bonds
bse_all,958569,out_of_scope_segment,Debentures and Bonds
bse_all,958575,out_of_scope_segment,Debentures and Bonds
bse_all,958587,out_of_scope_segment,Debentures and Bonds
bse_all,958588,out_of_scope_segment,Debentures and Bonds
bse_all,958596,out_of_scope_segment,Debentures and Bonds
bse_all,958607,out_of_scope_segment,Debentures and Bonds
bse_all,958609,out_of_scope_segment,Debentures and Bonds
bse_all,958610,out_of_scope_segment,Debentures and Bonds
bse_all,958612,out_of_scope_segment,Debentures and Bonds
bse_all,958613,out_of_scope_segment,Debentures and Bonds
bse_all,958614,out_of_scope_segment,Debentures and Bonds
bse_all,958616,out_of_scope_segment,Debentures and Bonds
bse_all,958618,out_of_scope_segment,Debentures and Bonds
bse_all,958625,out_of_scope_segment,Debentures and Bonds
bse_all,958629,out_of_scope_segment,Debentures and Bonds
bse_all,958641,out_of_scope_segment,Debentures and Bonds
bse_all,958646,out_of_scope_segment,Debentures and Bonds
bse_all,958647,out_of_scope_segment,Debentures and Bonds
bse_all,958655,out_of_scope_segment,Debentures and Bonds
bse_all,958659,out_of_scope_segment,Debentures and Bonds
bse_all,958661,out_of_scope_segment,Debentures and Bonds
bse_all,958664,out_of_scope_segment,Debentures and Bonds
bse_all,958668,out_of_scope_segment,Debentures and Bonds
bse_all,958673,out_of_scope_segment,Debentures and Bonds
bse_all,958674,out_of_scope_segment,Debentures and Bonds
bse_all,958675,out_of_scope_segment,Debentures and Bonds
bse_all,958680,out_of_scope_segment,Debentures and Bonds
bse_all,958685,out_of_scope_segment,Debentures and Bonds
bse_all,958692,out_of_scope_segment,Debentures and Bonds
bse_all,958696,out_of_scope_segment,Debentures and Bonds
bse_all,958738,out_of_scope_segment,Debentures and Bonds
bse_all,958747,out_of_scope_segment,Debentures and Bonds
bse_all,958759,out_of_scope_segment,Debentures and Bonds
bse_all,958772,out_of_scope_segment,Debentures and Bonds
bse_all,958779,out_of_scope_segment,Debentures and Bonds
bse_all,958788,out_of_scope_segment,Debentures and Bonds
bse_all,958789,out_of_scope_segment,Debentures and Bonds
bse_all,958795,out_of_scope_segment,Debentures and Bonds
bse_all,958806,out_of_scope_segment,Debentures and Bonds
bse_all,958807,out_of_scope_segment,Debentures and Bonds
bse_all,958811,out_of_scope_segment,Debentures and Bonds
bse_all,958814,out_of_scope_segment,Debentures and Bonds
bse_all,958821,out_of_scope_segment,Debentures and Bonds
bse_all,958831,out_of_scope_segment,Debentures and Bonds
bse_all,958834,out_of_scope_segment,Debentures and Bonds
bse_all,958838,out_of_scope_segment,Debentures and Bonds
bse_all,958840,out_of_scope_segment,Debentures and Bonds
bse_all,958842,out_of_scope_segment,Debentures and Bonds
bse_all,958846,out_of_scope_segment,Debentures and Bonds
bse_all,958851,out_of_scope_segment,Debentures and Bonds
bse_all,958866,out_of_scope_segment,Debentures and Bonds
bse_all,958875,out_of_scope_segment,Debentures and Bonds
bse_all,958879,out_of_scope_segment,Debentures and Bonds
bse_all,958884,out_of_scope_segment,Debentures and Bonds
bse_all,958887,out_of_scope_segment,Debentures and Bonds
bse_all,958889,out_of_scope_segment,Debentures and Bonds
bse_all,958896,out_of_scope_segment,Debentures and Bonds
bse_all,958897,out_of_scope_segment,Debentures and Bonds
bse_all,958909,out_of_scope_segment,Debentures and Bonds
bse_all,958912,out_of_scope_segment,Debentures and Bonds
bse_all,958913,out_of_scope_segment,Debentures and Bonds
bse_all,958916,out_of_scope_segment,Debentures and Bonds
bse_all,958922,out_of_scope_segment,Debentures and Bonds
bse_all,958928,out_of_scope_segment,Debentures and Bonds
bse_all,958938,out_of_scope_segment,Debentures and Bonds
bse_all,958944,out_of_scope_segment,Debentures and Bonds
bse_all,958945,out_of_scope_segment,Debentures and Bonds
bse_all,958954,out_of_scope_segment,Debentures and Bonds
bse_all,958955,out_of_scope_segment,Debentures and Bonds
bse_all,958963,out_of_scope_segment,Debentures and Bonds
bse_all,958968,out_of_scope_segment,Debentures and Bonds
bse_all,958972,out_of_scope_segment,Debentures and Bonds
bse_all,958978,out_of_scope_segment,Debentures and Bonds
bse_all,958980,out_of_scope_segment,Debentures and Bonds
bse_all,958981,out_of_scope_segment,Debentures and Bonds
bse_all,958982,out_of_scope_segment,Debentures and Bonds
bse_all,958989,out_of_scope_segment,Debentures and Bonds
bse_all,958995,out_of_scope_segment,Debentures and Bonds
bse_all,959000,out_of_scope_segment,Debentures and Bonds
bse_all,959008,out_of_scope_segment,Debentures and Bonds
bse_all,959012,out_of_scope_segment,Debentures and Bonds
bse_all,959031,out_of_scope_segment,Debentures and Bonds
bse_all,959033,out_of_scope_segment,Debentures and Bonds
bse_all,959034,out_of_scope_segment,Debentures and Bonds
bse_all,959036,out_of_scope_segment,Debentures and Bonds
bse_all,959041,out_of_scope_segment,Debentures and Bonds
bse_all,959042,out_of_scope_segment,Debentures and Bonds
bse_all,959043,out_of_scope_segment,Debentures and Bonds
bse_all,959045,out_of_scope_segment,Debentures and Bonds
bse_all,959052,out_of_scope_segment,Debentures and Bonds
bse_all,959059,out_of_scope_segment,Debentures and Bonds
bse_all,959060,out_of_scope_segment,Debentures and Bonds
bse_all,959078,out_of_scope_segment,Debentures and Bonds
bse_all,959087,out_of_scope_segment,Debentures and Bonds
bse_all,959096,out_of_scope_segment,Debentures and Bonds
bse_all,959103,out_of_scope_segment,Debentures and Bonds
bse_all,959112,out_of_scope_segment,Debentures and Bonds
bse_all,959119,out_of_scope_segment,Debentures and Bonds
bse_all,959122,out_of_scope_segment,Debentures and Bonds
bse_all,959126,out_of_scope_segment,Debentures and Bonds
bse_all,959134,out_of_scope_segment,Debentures and Bonds
bse_all,959138,out_of_scope_segment,Debentures and Bonds
bse_all,959149,out_of_scope_segment,Debentures and Bonds
bse_all,959153,out_of_scope_segment,Debentures and Bonds
bse_all,959155,out_of_scope_segment,Debentures and Bonds
bse_all,959159,out_of_scope_segment,Debentures and Bonds
bse_all,959160,out_of_scope_segment,Debentures and Bonds
bse_all,959162,out_of_scope_segment,Debentures and Bonds
bse_all,959191,out_of_scope_segment,Debentures and Bonds
bse_all,959192,out_of_scope_segment,Debentures and Bonds
bse_all,959193,out_of_scope_segment,Debentures and Bonds
bse_all,959194,out_of_scope_segment,Debentures and Bonds
bse_all,959196,out_of_scope_segment,Debentures and Bonds
bse_all,959198,out_of_scope_segment,Debentures and Bonds
bse_all,959205,out_of_scope_segment,Debentures and Bonds
bse_all,959206,out_of_scope_segment,Debentures and Bonds
bse_all,959208,out_of_scope_segment,Debentures and Bonds
bse_all,959210,out_of_scope_segment,Debentures and Bonds
bse_all,959211,out_of_scope_segment,Debentures and Bonds
bse_all,959213,out_of_scope_segment,Debentures and Bonds
bse_all,959216,out_of_scope_segment,Debentures and Bonds
bse_all,959225,out_of_scope_segment,Debentures and Bonds
bse_all,959227,out_of_scope_segment,Debentures and Bonds
bse_all,959228,out_of_scope_segment,Debentures and Bonds
bse_all,959229,out_of_scope_segment,Debentures and Bonds
bse_all,959230,out_of_scope_segment,Debentures and Bonds
bse_all,959237,out_of_scope_segment,Debentures and Bonds
bse_all,959250,out_of_scope_segment,Debentures and Bonds
bse_all,959275,out_of_scope_segment,Debentures and Bonds
bse_all,959285,out_of_scope_segment,Debentures and Bonds
bse_all,959286,out_of_scope_segment,Debentures and Bonds
bse_all,959287,out_of_scope_segment,Debentures and Bonds
bse_all,959288,out_of_scope_segment,Debentures and Bonds
bse_all,959296,out_of_scope_segment,Debentures and Bonds
bse_all,959298,out_of_scope_segment,Debentures and Bonds
bse_all,959307,out_of_scope_segment,Debentures and Bonds
bse_all,959308,out_of_scope_segment,Debentures and Bonds
bse_all,959311,out_of_scope_segment,Debentures and Bonds
bse_all,959313,out_of_scope_segment,Debentures and Bonds
bse_all,959315,out_of_scope_segment,Debentures and Bonds
bse_all,959316,out_of_scope_segment,Debentures and Bonds
bse_all,959320,out_of_scope_segment,Debentures and Bonds
bse_all,959321,out_of_scope_segment,Debentures and Bonds
bse_all,959325,out_of_scope_segment,Debentures and Bonds
bse_all,959338,out_of_scope_segment,Debentures and Bonds
bse_all,959339,out_of_scope_segment,Debentures and Bonds
bse_all,959352,out_of_scope_segment,Debentures and Bonds
bse_all,959353,out_of_scope_segment,Debentures and Bonds
bse_all,959354,out_of_scope_segment,Debentures and Bonds
bse_all,959355,out_of_scope_segment,Debentures and Bonds
bse_all,959369,out_of_scope_segment,Debentures and Bonds
bse_all,959379,out_of_scope_segment,Debentures and Bonds
bse_all,959380,out_of_scope_segment,Debentures and Bonds
bse_all,959381,out_of_scope_segment,Debentures and Bonds
bse_all,959382,out_of_scope_segment,Debentures and Bonds
bse_all,959386,out_of_scope_segment,Debentures and Bonds
bse_all,959397,out_of_scope_segment,Debentures and Bonds
bse_all,959398,out_of_scope_segment,Debentures and Bonds
bse_all,959411,out_of_scope_segment,Debentures and Bonds
bse_all,959412,out_of_scope_segment,Debentures and Bonds
bse_all,959431,out_of_scope_segment,Debentures and Bonds
bse_all,959432,out_of_scope_segment,Debentures and Bonds
bse_all,959457,out_of_scope_segment,Debentures and Bonds
bse_all,959458,out_of_scope_segment,Debentures and Bonds
bse_all,959459,out_of_scope_segment,Debentures and Bonds
bse_all,959460,out_of_scope_segment,Debentures and Bonds
bse_all,959461,out_of_scope_segment,Debentures and Bonds
bse_all,959473,out_of_scope_segment,Debentures and Bonds
bse_all,959478,out_of_scope_segment,Debentures and Bonds
bse_all,959484,out_of_scope_segment,Debentures and Bonds
bse_all,959489,out_of_scope_segment,Debentures and Bonds
bse_all,959496,out_of_scope_segment,Debentures and Bonds
bse_all,959502,out_of_scope_segment,Debentures and Bonds
bse_all,959507,out_of_scope_segment,Debentures and Bonds
bse_all,959516,out_of_scope_segment,Debentures and Bonds
bse_all,959537,out_of_scope_segment,Debentures and Bonds
bse_all,959550,out_of_scope_segment,Debentures and Bonds
bse_all,959552,out_of_scope_segment,Debentures and Bonds
bse_all,959566,out_of_scope_segment,Debentures and Bonds
bse_all,959570,out_of_scope_segment,Debentures and Bonds
bse_all,959572,out_of_scope_segment,Debentures and Bonds
bse_all,959581,out_of_scope_segment,Debentures and Bonds
bse_all,959637,out_of_scope_segment,Debentures and Bonds
bse_all,959666,out_of_scope_segment,Debentures and Bonds
bse_all,959681,out_of_scope_segment,Debentures and Bonds
bse_all,959712,out_of_scope_segment,Debentures and Bonds
bse_all,959735,out_of_scope_segment,Debentures and Bonds
bse_all,959754,out_of_scope_segment,Debentures and Bonds
bse_all,959780,out_of_scope_segment,Debentures and Bonds
bse_all,959790,out_of_scope_segment,Debentures and Bonds
bse_all,959795,out_of_scope_segment,Debentures and Bonds
bse_all,959799,out_of_scope_segment,Debentures and Bonds
bse_all,959820,out_of_scope_segment,Debentures and Bonds
bse_all,959825,out_of_scope_segment,Debentures and Bonds
bse_all,959827,out_of_scope_segment,Debentures and Bonds
bse_all,959831,out_of_scope_segment,Debentures and Bonds
bse_all,959839,out_of_scope_segment,Debentures and Bonds
bse_all,959863,out_of_scope_segment,Debentures and Bonds
bse_all,959881,out_of_scope_segment,Debentures and Bonds
bse_all,959894,out_of_scope_segment,Debentures and Bonds
bse_all,959895,out_of_scope_segment,Debentures and Bonds
bse_all,959916,out_of_scope_segment,Debentures and Bonds
bse_all,959942,out_of_scope_segment,Debentures and Bonds
bse_all,959947,out_of_scope_segment,Debentures and Bonds
bse_all,959978,out_of_scope_segment,Debentures and Bonds
bse_all,959993,out_of_scope_segment,Debentures and Bonds
bse_all,960004,out_of_scope_segment,Debentures and Bonds
bse_all,960033,out_of_scope_segment,Debentures and Bonds
bse_all,960039,out_of_scope_segment,Debentures and Bonds
bse_all,960065,out_of_scope_segment,Debentures and Bonds
bse_all,960072,out_of_scope_segment,Debentures and Bonds
bse_all,960073,out_of_scope_segment,Debentures and Bonds
bse_all,960075,out_of_scope_segment,Debentures and Bonds
bse_all,960076,out_of_scope_segment,Debentures and Bonds
bse_all,960082,out_of_scope_segment,Debentures and Bonds
bse_all,960116,out_of_scope_segment,Debentures and Bonds
bse_all,960121,out_of_scope_segment,Debentures and Bonds
bse_all,960149,out_of_scope_segment,Debentures and Bonds
bse_all,960150,out_of_scope_segment,Debentures and Bonds
bse_all,960151,out_of_scope_segment,Debentures and Bonds
bse_all,960152,out_of_scope_segment,Debentures and Bonds
bse_all,960153,out_of_scope_segment,Debentures and Bonds
bse_all,960159,out_of_scope_segment,Debentures and Bonds
bse_all,960167,out_of_scope_segment,Debentures and Bonds
bse_all,960168,out_of_scope_segment,Debentures and Bonds
bse_all,960169,out_of_scope_segment,Debentures and Bonds
bse_all,960174,out_of_scope_segment,Debentures and Bonds
bse_all,960175,out_of_scope_segment,Debentures and Bonds
bse_all,960177,out_of_scope_segment,Debentures and Bonds
bse_all,960183,out_of_scope_segment,Debentures and Bonds
bse_all,960185,out_of_scope_segment,Debentures and Bonds
bse_all,960212,out_of_scope_segment,Debentures and Bonds
bse_all,960221,out_of_scope_segment,Debentures and Bonds
bse_all,960226,out_of_scope_segment,Debentures and Bonds
bse_all,960232,out_of_scope_segment,Debentures and Bonds
bse_all,960240,out_of_scope_segment,Debentures and Bonds
bse_all,960241,out_of_scope_segment,Debentures and Bonds
bse_all,960242,out_of_scope_segment,Debentures and Bonds
bse_all,960243,out_of_scope_segment,Debentures and Bonds
bse_all,960244,out_of_scope_segment,Debentures and Bonds
bse_all,960248,out_of_scope_segment,Debentures and Bonds
bse_all,960255,out_of_scope_segment,Debentures and Bonds
bse_all,960256,out_of_scope_segment,Debentures and Bonds
bse_all,960265,out_of_scope_segment,Debentures and Bonds
bse_all,960267,out_of_scope_segment,Debentures and Bonds
bse_all,960281,out_of_scope_segment,Debentures and Bonds
bse_all,960282,out_of_scope_segment,Debentures and Bonds
bse_all,960301,out_of_scope_segment,Debentures and Bonds
bse_all,960309,out_of_scope_segment,Debentures and Bonds
bse_all,960312,out_of_scope_segment,Debentures and Bonds
bse_all,960323,out_of_scope_segment,Debentures and Bonds
bse_all,960337,out_of_scope_segment,Debentures and Bonds
bse_all,960338,out_of_scope_segment,Debentures and Bonds
bse_all,960349,out_of_scope_segment,Debentures and Bonds
bse_all,960353,out_of_scope_segment,Debentures and Bonds
bse_all,960364,out_of_scope_segment,Debentures and Bonds
bse_all,960366,out_of_scope_segment,Debentures and Bonds
bse_all,960371,out_of_scope_segment,Debentures and Bonds
bse_all,960372,out_of_scope_segment,Debentures and Bonds
bse_all,960379,out_of_scope_segment,Debentures and Bonds
bse_all,960399,out_of_scope_segment,Debentures and Bonds
bse_all,960403,out_of_scope_segment,Debentures and Bonds
bse_all,960405,out_of_scope_segment,Debentures and Bonds
bse_all,960410,out_of_scope_segment,Debentures and Bonds
bse_all,960416,out_of_scope_segment,Debentures and Bonds
bse_all,960420,out_of_scope_segment,Debentures and Bonds
bse_all,960422,out_of_scope_segment,Debentures and Bonds
bse_all,960424,out_of_scope_segment,Debentures and Bonds
bse_all,960426,out_of_scope_segment,Debentures and Bonds
bse_all,960428,out_of_scope_segment,Debentures and Bonds
bse_all,960431,out_of_scope_segment,Debentures and Bonds
bse_all,960436,out_of_scope_segment,Debentures and Bonds
bse_all,960437,out_of_scope_segment,Debentures and Bonds
bse_all,960438,out_of_scope_segment,Debentures and Bonds
bse_all,960441,out_of_scope_segment,Debentures and Bonds
bse_all,960448,out_of_scope_segment,Debentures and Bonds
bse_all,960449,out_of_scope_segment,Debentures and Bonds
bse_all,960454,out_of_scope_segment,Debentures and Bonds
bse_all,960461,out_of_scope_segment,Debentures and Bonds
bse_all,960462,out_of_scope_segment,Debentures and Bonds
bse_all,960463,out_of_scope_segment,Debentures and Bonds
bse_all,960467,out_of_scope_segment,Debentures and Bonds
bse_all,960469,out_of_scope_segment,Debentures and Bonds
bse_all,960477,out_of_scope_segment,Debentures and Bonds
bse_all,960478,out_of_scope_segment,Debentures and Bonds
bse_all,960479,out_of_scope_segment,Debentures and Bonds
bse_all,960480,out_of_scope_segment,Debentures and Bonds
bse_all,960481,out_of_scope_segment,Debentures and Bonds
bse_all,960482,out_of_scope_segment,Debentures and Bonds
bse_all,960483,out_of_scope_segment,Debentures and Bonds
bse_all,960484,out_of_scope_segment,Debentures and Bonds
bse_all,960485,out_of_scope_segment,Debentures and Bonds
bse_all,960486,out_of_scope_segment,Debentures and Bonds
bse_all,960487,out_of_scope_segment,Debentures and Bonds
bse_all,960492,out_of_scope_segment,Debentures and Bonds
bse_all,960495,out_of_scope_segment,Debentures and Bonds
bse_all,961717,out_of_scope_segment,Debentures and Bonds
bse_all,961718,out_of_scope_segment,Debentures and Bonds
bse_all,961728,out_of_scope_segment,Debentures and Bonds
bse_all,961730,out_of_scope_segment,Debentures and Bonds
bse_all,961732,out_of_scope_segment,Debentures and Bonds
bse_all,961734,out_of_scope_segment,Debentures and Bonds
bse_all,961744,out_of_scope_segment,Debentures and Bonds
bse_all,961749,out_of_scope_segment,Debentures and Bonds
bse_all,961751,out_of_scope_segment,Debentures and Bonds
bse_all,961753,out_of_scope_segment,Debentures and Bonds
bse_all,961754,out_of_scope_segment,Debentures and Bonds
bse_all,961756,out_of_scope_segment,Debentures and Bonds
bse_all,961758,out_of_scope_segment,Debentures and Bonds
bse_all,961760,out_of_scope_segment,Debentures and Bonds
bse_all,961763,out_of_scope_segment,Debentures and Bonds
bse_all,961765,out_of_scope_segment,Debentures and Bonds
bse_all,961767,out_of_scope_segment,Debentures and Bonds
bse_all,961770,out_of_scope_segment,Debentures and Bonds
bse_all,961771,out_of_scope_segment,Debentures and Bonds
bse_all,961773,out_of_scope_segment,Debentures and Bonds
bse_all,961776,out_of_scope_segment,Debentures and Bonds
bse_all,961777,out_of_scope_segment,Debentures and Bonds
bse_all,961779,out_of_scope_segment,Debentures and Bonds
bse_all,961780,out_of_scope_segment,Debentures and Bonds
bse_all,961782,out_of_scope_segment,Debentures and Bonds
bse_all,961783,out_of_scope_segment,Debentures and Bonds
bse_all,961785,out_of_scope_segment,Debentures and Bonds
bse_all,961786,out_of_scope_segment,Debentures and Bonds
bse_all,961788,out_of_scope_segment,Debentures and Bonds
bse_all,961789,out_of_scope_segment,Debentures and Bonds
bse_all,961791,out_of_scope_segment,Debentures and Bonds
bse_all,961792,out_of_scope_segment,Debentures and Bonds
bse_all,961795,out_of_scope_segment,Debentures and Bonds
bse_all,961796,out_of_scope_segment,Debentures and Bonds
bse_all,961797,out_of_scope_segment,Debentures and Bonds
bse_all,961798,out_of_scope_segment,Debentures and Bonds
bse_all,961800,out_of_scope_segment,Debentures and Bonds
bse_all,961801,out_of_scope_segment,Debentures and Bonds
bse_all,961803,out_of_scope_segment,Debentures and Bonds
bse_all,961804,out_of_scope_segment,Debentures and Bonds
bse_all,961806,out_of_scope_segment,Debentures and Bonds
bse_all,961807,out_of_scope_segment,Debentures and Bonds
bse_all,961809,out_of_scope_segment,Debentures and Bonds
bse_all,961810,out_of_scope_segment,Debentures and Bonds
bse_all,961812,out_of_scope_segment,Debentures and Bonds
bse_all,961813,out_of_scope_segment,Debentures and Bonds
bse_all,961815,out_of_scope_segment,Debentures and Bonds
bse_all,961816,out_of_scope_segment,Debentures and Bonds
bse_all,961818,out_of_scope_segment,Debentures and Bonds
bse_all,961819,out_of_scope_segment,Debentures and Bonds
bse_all,961821,out_of_scope_segment,Debentures and Bonds
bse_all,961822,out_of_scope_segment,Debentures and Bonds
bse_all,961825,out_of_scope_segment,Debentures and Bonds
bse_all,961826,out_of_scope_segment,Debentures and Bonds
bse_all,961828,out_of_scope_segment,Debentures and Bonds
bse_all,961830,out_of_scope_segment,Debentures and Bonds
bse_all,961833,out_of_scope_segment,Debentures and Bonds
bse_all,961835,out_of_scope_segment,Debentures and Bonds
bse_all,961839,out_of_scope_segment,Debentures and Bonds
bse_all,961841,out_of_scope_segment,Debentures and Bonds
bse_all,961845,out_of_scope_segment,Debentures and Bonds
bse_all,961847,out_of_scope_segment,Debentures and Bonds
bse_all,961851,out_of_scope_segment,Debentures and Bonds
bse_all,961853,out_of_scope_segment,Debentures and Bonds
bse_all,961857,out_of_scope_segment,Debentures and Bonds
bse_all,961859,out_of_scope_segment,Debentures and Bonds
bse_all,961863,out_of_scope_segment,Debentures and Bonds
bse_all,961865,out_of_scope_segment,Debentures and Bonds
bse_all,961869,out_of_scope_segment,Debentures and Bonds
bse_all,961871,out_of_scope_segment,Debentures and Bonds
bse_all,961875,out_of_scope_segment,Debentures and Bonds
bse_all,961877,out_of_scope_segment,Debentures and Bonds
bse_all,961881,out_of_scope_segment,Debentures and Bonds
bse_all,961885,out_of_scope_segment,Debentures and Bonds
bse_all,961889,out_of_scope_segment,Debentures and Bonds
bse_all,961891,out_of_scope_segment,Debentures and Bonds
bse_all,961895,out_of_scope_segment,Debentures and Bonds
bse_all,961897,out_of_scope_segment,Debentures and Bonds
bse_all,961902,out_of_scope_segment,Debentures and Bonds
bse_all,961904,out_of_scope_segment,Debentures and Bonds
bse_all,961908,out_of_scope_segment,Debentures and Bonds
bse_all,961910,out_of_scope_segment,Debentures and Bonds
bse_all,972367,out_of_scope_segment,Debentures and Bonds
bse_all,972368,out_of_scope_segment,Debentures and Bonds
bse_all,972562,out_of_scope_segment,Debentures and Bonds
bse_all,972563,out_of_scope_segment,Debentures and Bonds
bse_all,972574,out_of_scope_segment,Debentures and Bonds
bse_all,972575,out_of_scope_segment,Debentures and Bonds
bse_all,972576,out_of_scope_segment,Debentures and Bonds
bse_all,972577,out_of_scope_segment,Debentures and Bonds
bse_all,972578,out_of_scope_segment,Debentures and Bonds
bse_all,972579,out_of_scope_segment,Debentures and Bonds
bse_all,972580,out_of_scope_segment,Debentures and Bonds
bse_all,972581,out_of_scope_segment,Debentures and Bonds
bse_all,972582,out_of_scope_segment,Debentures and Bonds
bse_all,972583,out_of_scope_segment,Debentures and Bonds
bse_all,972584,out_of_scope_segment,Debentures and Bonds
bse_all,972585,out_of_scope_segment,Debentures and Bonds
bse_all,972607,out_of_scope_segment,Debentures and Bonds
bse_all,972650,out_of_scope_segment,Debentures and Bonds
bse_all,972691,out_of_scope_segment,Debentures and Bonds
bse_all,972693,out_of_scope_segment,Debentures and Bonds
bse_all,972706,out_of_scope_segment,Debentures and Bonds
bse_all,972711,out_of_scope_segment,Debentures and Bonds
bse_all,972715,out_of_scope_segment,Debentures and Bonds
bse_all,972716,out_of_scope_segment,Debentures and Bonds
bse_all,972721,out_of_scope_segment,Debentures and Bonds
bse_all,972722,out_of_scope_segment,Debentures and Bonds
bse_all,972730,out_of_scope_segment,Debentures and Bonds
bse_all,972731,out_of_scope_segment,Debentures and Bonds
bse_all,972745,out_of_scope_segment,Debentures and Bonds
bse_all,972746,out_of_scope_segment,Debentures and Bonds
bse_all,972763,out_of_scope_segment,Debentures and Bonds
bse_all,972768,out_of_scope_segment,Debentures and Bonds
bse_all,972771,out_of_scope_segment,Debentures and Bonds
bse_all,972772,out_of_scope_segment,Debentures and Bonds
bse_all,972773,out_of_scope_segment,Debentures and Bonds
bse_all,972778,out_of_scope_segment,Debentures and Bonds
bse_all,972779,out_of_scope_segment,Debentures and Bonds
bse_all,972781,out_of_scope_segment,Debentures and Bonds
bse_all,972788,out_of_scope_segment,Debentures and Bonds
bse_all,972790,out_of_scope_segment,Debentures and Bonds
bse_all,972791,out_of_scope_segment,Debentures and Bonds
bse_all,972801,out_of_scope_segment,Debentures and Bonds
bse_all,972805,out_of_scope_segment,Debentures and Bonds
bse_all,972821,out_of_scope_segment,Debentures and Bonds
bse_all,972826,out_of_scope_segment,Debentures and Bonds
bse_all,972832,out_of_scope_segment,Debentures and Bonds
bse_all,972848,out_of_scope_segment,Debentures and Bonds
bse_all,972857,out_of_scope_segment,Debentures and Bonds
bse_all,972859,out_of_scope_segment,Debentures and Bonds
bse_all,972862,out_of_scope_segment,Debentures and Bonds
bse_all,972867,out_of_scope_segment,Debentures and Bonds
bse_all,972868,out_of_scope_segment,Debentures and Bonds
bse_all,972873,out_of_scope_segment,Debentures and Bonds
bse_all,972874,out_of_scope_segment,Debentures and Bonds
bse_all,972878,out_of_scope_segment,Debentures and Bonds
bse_all,972889,out_of_scope_segment,Debentures and Bonds
bse_all,972893,out_of_scope_segment,Debentures and Bonds
bse_all,973001,out_of_scope_segment,Debentures and Bonds
bse_all,973003,out_of_scope_segment,Debentures and Bonds
bse_all,973007,out_of_scope_segment,Debentures and Bonds
bse_all,973008,out_of_scope_segment,Debentures and Bonds
bse_all,973014,out_of_scope_segment,Debentures and Bonds
bse_all,973027,out_of_scope_segment,Debentures and Bonds
bse_all,973036,out_of_scope_segment,Debentures and Bonds
bse_all,973037,out_of_scope_segment,Debentures and Bonds
bse_all,973038,out_of_scope_segment,Debentures and Bonds
bse_all,973045,out_of_scope_segment,Debentures and Bonds
bse_all,973047,out_of_scope_segment,Debentures and Bonds
bse_all,973048,out_of_scope_segment,Debentures and Bonds
bse_all,973051,out_of_scope_segment,Debentures and Bonds
bse_all,973079,out_of_scope_segment,Debentures and Bonds
bse_all,973085,out_of_scope_segment,Debentures and Bonds
bse_all,973086,out_of_scope_segment,Debentures and Bonds
bse_all,973087,out_of_scope_segment,Debentures and Bonds
bse_all,973098,out_of_scope_segment,Debentures and Bonds
bse_all,973103,out_of_scope_segment,Debentures and Bonds
bse_all,973111,out_of_scope_segment,Debentures and Bonds
bse_all,973124,out_of_scope_segment,Debentures and Bonds
bse_all,973125,out_of_scope_segment,Debentures and Bonds
bse_all,973126,out_of_scope_segment,Debentures and Bonds
bse_all,973127,out_of_scope_segment,Debentures and Bonds
bse_all,973143,out_of_scope_segment,Debentures and Bonds
bse_all,973150,out_of_scope_segment,Debentures and Bonds
bse_all,973153,out_of_scope_segment,Debentures and Bonds
bse_all,973163,out_of_scope_segment,Debentures and Bonds
bse_all,973171,out_of_scope_segment,Debentures and Bonds
bse_all,973176,out_of_scope_segment,Debentures and Bonds
bse_all,973190,out_of_scope_segment,Debentures and Bonds
bse_all,973201,out_of_scope_segment,Debentures and Bonds
bse_all,973213,out_of_scope_segment,Debentures and Bonds
bse_all,973219,out_of_scope_segment,Debentures and Bonds
bse_all,973220,out_of_scope_segment,Debentures and Bonds
bse_all,973223,out_of_scope_segment,Debentures and Bonds
bse_all,973228,out_of_scope_segment,Debentures and Bonds
bse_all,973229,out_of_scope_segment,Debentures and Bonds
bse_all,973232,out_of_scope_segment,Debentures and Bonds
bse_all,973236,out_of_scope_segment,Debentures and Bonds
bse_all,973262,out_of_scope_segment,Debentures and Bonds
bse_all,973269,out_of_scope_segment,Debentures and Bonds
bse_all,973271,out_of_scope_segment,Debentures and Bonds
bse_all,973272,out_of_scope_segment,Debentures and Bonds
bse_all,973273,out_of_scope_segment,Debentures and Bonds
bse_all,973276,out_of_scope_segment,Debentures and Bonds
bse_all,973277,out_of_scope_segment,Debentures and Bonds
bse_all,973285,out_of_scope_segment,Debentures and Bonds
bse_all,973286,out_of_scope_segment,Debentures and Bonds
bse_all,973294,out_of_scope_segment,Debentures and Bonds
bse_all,973309,out_of_scope_segment,Debentures and Bonds
bse_all,973320,out_of_scope_segment,Debentures and Bonds
bse_all,973321,out_of_scope_segment,Debentures and Bonds
bse_all,973324,out_of_scope_segment,Debentures and Bonds
bse_all,973327,out_of_scope_segment,Debentures and Bonds
bse_all,973340,out_of_scope_segment,Debentures and Bonds
bse_all,973345,out_of_scope_segment,Debentures and Bonds
bse_all,973350,out_of_scope_segment,Debentures and Bonds
bse_all,973361,out_of_scope_segment,Debentures and Bonds
bse_all,973363,out_of_scope_segment,Debentures and Bonds
bse_all,973365,out_of_scope_segment,Debentures and Bonds
bse_all,973369,out_of_scope_segment,Debentures and Bonds
bse_all,973374,out_of_scope_segment,Debentures and Bonds
bse_all,973380,out_of_scope_segment,Debentures and Bonds
bse_all,973383,out_of_scope_segment,Debentures and Bonds
bse_all,973391,out_of_scope_segment,Debentures and Bonds
bse_all,973396,out_of_scope_segment,Debentures and Bonds
bse_all,973408,out_of_scope_segment,Debentures and Bonds
bse_all,973412,out_of_scope_segment,Debentures and Bonds
bse_all,973422,out_of_scope_segment,Debentures and Bonds
bse_all,973424,out_of_scope_segment,Debentures and Bonds
bse_all,973460,out_of_scope_segment,Debentures and Bonds
bse_all,973486,out_of_scope_segment,Debentures and Bonds
bse_all,973489,out_of_scope_segment,Debentures and Bonds
bse_all,973491,out_of_scope_segment,Debentures and Bonds
bse_all,973498,out_of_scope_segment,Debentures and Bonds
bse_all,973501,out_of_scope_segment,Debentures and Bonds
bse_all,973508,out_of_scope_segment,Debentures and Bonds
bse_all,973509,out_of_scope_segment,Debentures and Bonds
bse_all,973519,out_of_scope_segment,Debentures and Bonds
bse_all,973520,out_of_scope_segment,Debentures and Bonds
bse_all,973521,out_of_scope_segment,Debentures and Bonds
bse_all,973524,out_of_scope_segment,Debentures and Bonds
bse_all,973540,out_of_scope_segment,Debentures and Bonds
bse_all,973546,out_of_scope_segment,Debentures and Bonds
bse_all,973547,out_of_scope_segment,Debentures and Bonds
bse_all,973550,out_of_scope_segment,Debentures and Bonds
bse_all,973553,out_of_scope_segment,Debentures and Bonds
bse_all,973554,out_of_scope_segment,Debentures and Bonds
bse_all,973560,out_of_scope_segment,Debentures and Bonds
bse_all,973562,out_of_scope_segment,Debentures and Bonds
bse_all,973567,out_of_scope_segment,Debentures and Bonds
bse_all,973572,out_of_scope_segment,Debentures and Bonds
bse_all,973574,out_of_scope_segment,Debentures and Bonds
bse_all,973575,out_of_scope_segment,Debentures and Bonds
bse_all,973579,out_of_scope_segment,Debentures and Bonds
bse_all,973583,out_of_scope_segment,Debentures and Bonds
bse_all,973584,out_of_scope_segment,Debentures and Bonds
bse_all,973586,out_of_scope_segment,Debentures and Bonds
bse_all,973587,out_of_scope_segment,Debentures and Bonds
bse_all,973595,out_of_scope_segment,Debentures and Bonds
bse_all,973596,out_of_scope_segment,Debentures and Bonds
bse_all,973602,out_of_scope_segment,Debentures and Bonds
bse_all,973603,out_of_scope_segment,Debentures and Bonds
bse_all,973610,out_of_scope_segment,Debentures and Bonds
bse_all,973618,out_of_scope_segment,Debentures and Bonds
bse_all,973623,out_of_scope_segment,Debentures and Bonds
bse_all,973627,out_of_scope_segment,Debentures and Bonds
bse_all,973630,out_of_scope_segment,Debentures and Bonds
bse_all,973638,out_of_scope_segment,Debentures and Bonds
bse_all,973645,out_of_scope_segment,Debentures and Bonds
bse_all,973646,out_of_scope_segment,Debentures and Bonds
bse_all,973647,out_of_scope_segment,Debentures and Bonds
bse_all,973659,out_of_scope_segment,Debentures and Bonds
bse_all,973663,out_of_scope_segment,Debentures and Bonds
bse_all,973664,out_of_scope_segment,Debentures and Bonds
bse_all,973666,out_of_scope_segment,Debentures and Bonds
bse_all,973667,out_of_scope_segment,Debentures and Bonds
bse_all,973668,out_of_scope_segment,Debentures and Bonds
bse_all,973672,out_of_scope_segment,Debentures and Bonds
bse_all,973674,out_of_scope_segment,Debentures and Bonds
bse_all,973688,out_of_scope_segment,Debentures and Bonds
bse_all,973692,out_of_scope_segment,Debentures and Bonds
bse_all,973695,out_of_scope_segment,Debentures and Bonds
bse_all,973698,out_of_scope_segment,Debentures and Bonds
bse_all,973704,out_of_scope_segment,Debentures and Bonds
bse_all,973715,out_of_scope_segment,Debentures and Bonds
bse_all,973716,out_of_scope_segment,Debentures and Bonds
bse_all,973720,out_of_scope_segment,Debentures and Bonds
bse_all,973729,out_of_scope_segment,Debentures and Bonds
bse_all,973735,out_of_scope_segment,Debentures and Bonds
bse_all,973736,out_of_scope_segment,Debentures and Bonds
bse_all,973743,out_of_scope_segment,Debentures and Bonds
bse_all,973748,out_of_scope_segment,Debentures and Bonds
bse_all,973750,out_of_scope_segment,Debentures and Bonds
bse_all,973751,out_of_scope_segment,Debentures and Bonds
bse_all,973752,out_of_scope_segment,Debentures and Bonds
bse_all,973753,out_of_scope_segment,Debentures and Bonds
bse_all,973756,out_of_scope_segment,Debentures and Bonds
bse_all,973757,out_of_scope_segment,Debentures and Bonds
bse_all,973758,out_of_scope_segment,Debentures and Bonds
bse_all,973759,out_of_scope_segment,Debentures and Bonds
bse_all,973761,out_of_scope_segment,Debentures and Bonds
bse_all,973762,out_of_scope_segment,Debentures and Bonds
bse_all,973763,out_of_scope_segment,Debentures and Bonds
bse_all,973764,out_of_scope_segment,Debentures and Bonds
bse_all,973792,out_of_scope_segment,Debentures and Bonds
bse_all,973796,out_of_scope_segment,Debentures and Bonds
bse_all,973805,out_of_scope_segment,Debentures and Bonds
bse_all,973811,out_of_scope_segment,Debentures and Bonds
bse_all,973818,out_of_scope_segment,Debentures and Bonds
bse_all,973822,out_of_scope_segment,Debentures and Bonds
bse_all,973823,out_of_scope_segment,Debentures and Bonds
bse_all,973834,out_of_scope_segment,Debentures and Bonds
bse_all,973837,out_of_scope_segment,Debentures and Bonds
bse_all,973841,out_of_scope_segment,Debentures and Bonds
bse_all,973844,out_of_scope_segment,Debentures and Bonds
bse_all,973860,out_of_scope_segment,Debentures and Bonds
bse_all,973861,out_of_scope_segment,Debentures and Bonds
bse_all,973863,out_of_scope_segment,Debentures and Bonds
bse_all,973864,out_of_scope_segment,Debentures and Bonds
bse_all,973868,out_of_scope_segment,Debentures and Bonds
bse_all,973870,out_of_scope_segment,Debentures and Bonds
bse_all,973871,out_of_scope_segment,Debentures and Bonds
bse_all,973876,out_of_scope_segment,Debentures and Bonds
bse_all,973878,out_of_scope_segment,Debentures and Bonds
bse_all,973880,out_of_scope_segment,Debentures and Bonds
bse_all,973881,out_of_scope_segment,Debentures and Bonds
bse_all,973882,out_of_scope_segment,Debentures and Bonds
bse_all,973883,out_of_scope_segment,Debentures and Bonds
bse_all,973898,out_of_scope_segment,Debentures and Bonds
bse_all,973901,out_of_scope_segment,Debentures and Bonds
bse_all,973902,out_of_scope_segment,Debentures and Bonds
bse_all,973904,out_of_scope_segment,Debentures and Bonds
bse_all,973910,out_of_scope_segment,Debentures and Bonds
bse_all,973911,out_of_scope_segment,Debentures and Bonds
bse_all,973921,out_of_scope_segment,Debentures and Bonds
bse_all,973923,out_of_scope_segment,Debentures and Bonds
bse_all,973924,out_of_scope_segment,Debentures and Bonds
bse_all,973945,out_of_scope_segment,Debentures and Bonds
bse_all,973949,out_of_scope_segment,Debentures and Bonds
bse_all,973952,out_of_scope_segment,Debentures and Bonds
bse_all,973963,out_of_scope_segment,Debentures and Bonds
bse_all,973965,out_of_scope_segment,Debentures and Bonds
bse_all,973975,out_of_scope_segment,Debentures and Bonds
bse_all,973982,out_of_scope_segment,Debentures and Bonds
bse_all,973985,out_of_scope_segment,Debentures and Bonds
bse_all,973987,out_of_scope_segment,Debentures and Bonds
bse_all,973990,out_of_scope_segment,Debentures and Bonds
bse_all,973991,out_of_scope_segment,Debentures and Bonds
bse_all,973993,out_of_scope_segment,Debentures and Bonds
bse_all,973994,out_of_scope_segment,Debentures and Bonds
bse_all,974000,out_of_scope_segment,Debentures and Bonds
bse_all,974002,out_of_scope_segment,Debentures and Bonds
bse_all,974017,out_of_scope_segment,Debentures and Bonds
bse_all,974018,out_of_scope_segment,Debentures and Bonds
bse_all,974019,out_of_scope_segment,Debentures and Bonds
bse_all,974021,out_of_scope_segment,Debentures and Bonds
bse_all,974022,out_of_scope_segment,Debentures and Bonds
bse_all,974026,out_of_scope_segment,Debentures and Bonds
bse_all,974028,out_of_scope_segment,Debentures and Bonds
bse_all,974033,out_of_scope_segment,Debentures and Bonds
bse_all,974037,out_of_scope_segment,Debentures and Bonds
bse_all,974042,out_of_scope_segment,Debentures and Bonds
bse_all,974043,out_of_scope_segment,Debentures and Bonds
bse_all,974051,out_of_scope_segment,Debentures and Bonds
bse_all,974052,out_of_scope_segment,Debentures and Bonds
bse_all,974056,out_of_scope_segment,Debentures and Bonds
bse_all,974057,out_of_scope_segment,Debentures and Bonds
bse_all,974060,out_of_scope_segment,Debentures and Bonds
bse_all,974063,out_of_scope_segment,Debentures and Bonds
bse_all,974067,out_of_scope_segment,Debentures and Bonds
bse_all,974072,out_of_scope_segment,Debentures and Bonds
bse_all,974075,out_of_scope_segment,Debentures and Bonds
bse_all,974079,out_of_scope_segment,Debentures and Bonds
bse_all,974088,out_of_scope_segment,Debentures and Bonds
bse_all,974089,out_of_scope_segment,Debentures and Bonds
bse_all,974093,out_of_scope_segment,Debentures and Bonds
bse_all,974094,out_of_scope_segment,Debentures and Bonds
bse_all,974095,out_of_scope_segment,Debentures and Bonds
bse_all,974107,out_of_scope_segment,Debentures and Bonds
bse_all,974109,out_of_scope_segment,Debentures and Bonds
bse_all,974111,out_of_scope_segment,Debentures and Bonds
bse_all,974114,out_of_scope_segment,Debentures and Bonds
bse_all,974122,out_of_scope_segment,Debentures and Bonds
bse_all,974124,out_of_scope_segment,Debentures and Bonds
bse_all,974127,out_of_scope_segment,Debentures and Bonds
bse_all,974134,out_of_scope_segment,Debentures and Bonds
bse_all,974136,out_of_scope_segment,Debentures and Bonds
bse_all,974137,out_of_scope_segment,Debentures and Bonds
bse_all,974138,out_of_scope_segment,Debentures and Bonds
bse_all,974139,out_of_scope_segment,Debentures and Bonds
bse_all,974143,out_of_scope_segment,Debentures and Bonds
bse_all,974151,out_of_scope_segment,Debentures and Bonds
bse_all,974152,out_of_scope_segment,Debentures and Bonds
bse_all,974160,out_of_scope_segment,Debentures and Bonds
bse_all,974162,out_of_scope_segment,Debentures and Bonds
bse_all,974164,out_of_scope_segment,Debentures and Bonds
bse_all,974165,out_of_scope_segment,Debentures and Bonds
bse_all,974166,out_of_scope_segment,Debentures and Bonds
bse_all,974167,out_of_scope_segment,Debentures and Bonds
bse_all,974169,out_of_scope_segment,Debentures and Bonds
bse_all,974171,out_of_scope_segment,Debentures and Bonds
bse_all,974173,out_of_scope_segment,Debentures and Bonds
bse_all,974178,out_of_scope_segment,Debentures and Bonds
bse_all,974179,out_of_scope_segment,Debentures and Bonds
bse_all,974183,out_of_scope_segment,Debentures and Bonds
bse_all,974197,out_of_scope_segment,Debentures and Bonds
bse_all,974198,out_of_scope_segment,Debentures and Bonds
bse_all,974202,out_of_scope_segment,Debentures and Bonds
bse_all,974206,out_of_scope_segment,Debentures and Bonds
bse_all,974207,out_of_scope_segment,Debentures and Bonds
bse_all,974213,out_of_scope_segment,Debentures and Bonds
bse_all,974215,out_of_scope_segment,Debentures and Bonds
bse_all,974217,out_of_scope_segment,Debentures and Bonds
bse_all,974218,out_of_scope_segment,Debentures and Bonds
bse_all,974220,out_of_scope_segment,Debentures and Bonds
bse_all,974222,out_of_scope_segment,Debentures and Bonds
bse_all,974227,out_of_scope_segment,Debentures and Bonds
bse_all,974231,out_of_scope_segment,Debentures and Bonds
bse_all,974235,out_of_scope_segment,Debentures and Bonds
bse_all,974238,out_of_scope_segment,Debentures and Bonds
bse_all,974240,out_of_scope_segment,Debentures and Bonds
bse_all,974244,out_of_scope_segment,Debentures and Bonds
bse_all,974246,out_of_scope_segment,Debentures and Bonds
bse_all,974250,out_of_scope_segment,Debentures and Bonds
bse_all,974255,out_of_scope_segment,Debentures and Bonds
bse_all,974265,out_of_scope_segment,Debentures and Bonds
bse_all,974275,out_of_scope_segment,Debentures and Bonds
bse_all,974276,out_of_scope_segment,Debentures and Bonds
bse_all,974283,out_of_scope_segment,Debentures and Bonds
bse_all,974284,out_of_scope_segment,Debentures and Bonds
bse_all,974285,out_of_scope_segment,Debentures and Bonds
bse_all,974286,out_of_scope_segment,Debentures and Bonds
bse_all,974287,out_of_scope_segment,Debentures and Bonds
bse_all,974288,out_of_scope_segment,Debentures and Bonds
bse_all,974289,out_of_scope_segment,Debentures and Bonds
bse_all,974290,out_of_scope_segment,Debentures and Bonds
bse_all,974297,out_of_scope_segment,Debentures and Bonds
bse_all,974298,out_of_scope_segment,Debentures and Bonds
bse_all,974303,out_of_scope_segment,Debentures and Bonds
bse_all,974307,out_of_scope_segment,Debentures and Bonds
bse_all,974308,out_of_scope_segment,Debentures and Bonds
bse_all,974309,out_of_scope_segment,Debentures and Bonds
bse_all,974311,out_of_scope_segment,Debentures and Bonds
bse_all,974315,out_of_scope_segment,Debentures and Bonds
bse_all,974316,out_of_scope_segment,Debentures and Bonds
bse_all,974319,out_of_scope_segment,Debentures and Bonds
bse_all,974320,out_of_scope_segment,Debentures and Bonds
bse_all,974321,out_of_scope_segment,Debentures and Bonds
bse_all,974327,out_of_scope_segment,Debentures and Bonds
bse_all,974334,out_of_scope_segment,Debentures and Bonds
bse_all,974335,out_of_scope_segment,Debentures and Bonds
bse_all,974338,out_of_scope_segment,Debentures and Bonds
bse_all,974341,out_of_scope_segment,Debentures and Bonds
bse_all,974345,out_of_scope_segment,Debentures and Bonds
bse_all,974347,out_of_scope_segment,Debentures and Bonds
bse_all,974354,out_of_scope_segment,Debentures and Bonds
bse_all,974356,out_of_scope_segment,Debentures and Bonds
bse_all,974368,out_of_scope_segment,Debentures and Bonds
bse_all,974370,out_of_scope_segment,Debentures and Bonds
bse_all,974380,out_of_scope_segment,Debentures and Bonds
bse_all,974381,out_of_scope_segment,Debentures and Bonds
bse_all,974382,out_of_scope_segment,Debentures and Bonds
bse_all,974385,out_of_scope_segment,Debentures and Bonds
bse_all,974386,out_of_scope_segment,Debentures and Bonds
bse_all,974387,out_of_scope_segment,Debentures and Bonds
bse_all,974388,out_of_scope_segment,Debentures and Bonds
bse_all,974390,out_of_scope_segment,Debentures and Bonds
bse_all,974394,out_of_scope_segment,Debentures and Bonds
bse_all,974395,out_of_scope_segment,Debentures and Bonds
bse_all,974396,out_of_scope_segment,Debentures and Bonds
bse_all,974397,out_of_scope_segment,Debentures and Bonds
bse_all,974398,out_of_scope_segment,Debentures and Bonds
bse_all,974402,out_of_scope_segment,Debentures and Bonds
bse_all,974403,out_of_scope_segment,Debentures and Bonds
bse_all,974406,out_of_scope_segment,Debentures and Bonds
bse_all,974407,out_of_scope_segment,Debentures and Bonds
bse_all,974408,out_of_scope_segment,Debentures and Bonds
bse_all,974411,out_of_scope_segment,Debentures and Bonds
bse_all,974412,out_of_scope_segment,Debentures and Bonds
bse_all,974413,out_of_scope_segment,Debentures and Bonds
bse_all,974419,out_of_scope_segment,Debentures and Bonds
bse_all,974420,out_of_scope_segment,Debentures and Bonds
bse_all,974423,out_of_scope_segment,Debentures and Bonds
bse_all,974424,out_of_scope_segment,Debentures and Bonds
bse_all,974427,out_of_scope_segment,Debentures and Bonds
bse_all,974428,out_of_scope_segment,Debentures and Bonds
bse_all,974429,out_of_scope_segment,Debentures and Bonds
bse_all,974430,out_of_scope_segment,Debentures and Bonds
bse_all,974431,out_of_scope_segment,Debentures and Bonds
bse_all,974433,out_of_scope_segment,Debentures and Bonds
bse_all,974434,out_of_scope_segment,Debentures and Bonds
bse_all,974435,out_of_scope_segment,Debentures and Bonds
bse_all,974439,out_of_scope_segment,Debentures and Bonds
bse_all,974447,out_of_scope_segment,Debentures and Bonds
bse_all,974448,out_of_scope_segment,Debentures and Bonds
bse_all,974449,out_of_scope_segment,Debentures and Bonds
bse_all,974450,out_of_scope_segment,Debentures and Bonds
bse_all,974451,out_of_scope_segment,Debentures and Bonds
bse_all,974452,out_of_scope_segment,Debentures and Bonds
bse_all,974453,out_of_scope_segment,Debentures and Bonds
bse_all,974455,out_of_scope_segment,Debentures and Bonds
bse_all,974458,out_of_scope_segment,Debentures and Bonds
bse_all,974459,out_of_scope_segment,Debentures and Bonds
bse_all,974464,out_of_scope_segment,Debentures and Bonds
bse_all,974465,out_of_scope_segment,Debentures and Bonds
bse_all,974467,out_of_scope_segment,Debentures and Bonds
bse_all,974472,out_of_scope_segment,Debentures and Bonds
bse_all,974476,out_of_scope_segment,Debentures and Bonds
bse_all,974482,out_of_scope_segment,Debentures and Bonds
bse_all,974483,out_of_scope_segment,Debentures and Bonds
bse_all,974485,out_of_scope_segment,Debentures and Bonds
bse_all,974497,out_of_scope_segment,Debentures and Bonds
bse_all,974503,out_of_scope_segment,Debentures and Bonds
bse_all,974512,out_of_scope_segment,Debentures and Bonds
bse_all,974527,out_of_scope_segment,Debentures and Bonds
bse_all,974534,out_of_scope_segment,Debentures and Bonds
bse_all,974536,out_of_scope_segment,Debentures and Bonds
bse_all,974537,out_of_scope_segment,Debentures and Bonds
bse_all,974539,out_of_scope_segment,Debentures and Bonds
bse_all,974541,out_of_scope_segment,Debentures and Bonds
bse_all,974542,out_of_scope_segment,Debentures and Bonds
bse_all,974543,out_of_scope_segment,Debentures and Bonds
bse_all,974544,out_of_scope_segment,Debentures and Bonds
bse_all,974545,out_of_scope_segment,Debentures and Bonds
bse_all,974547,out_of_scope_segment,Debentures and Bonds
bse_all,974553,out_of_scope_segment,Debentures and Bonds
bse_all,974559,out_of_scope_segment,Debentures and Bonds
bse_all,974567,out_of_scope_segment,Debentures and Bonds
bse_all,974573,out_of_scope_segment,Debentures and Bonds
bse_all,974574,out_of_scope_segment,Debentures and Bonds
bse_all,974580,out_of_scope_segment,Debentures and Bonds
bse_all,974583,out_of_scope_segment,Debentures and Bonds
bse_all,974586,out_of_scope_segment,Debentures and Bonds
bse_all,974587,out_of_scope_segment,Debentures and Bonds
bse_all,974588,out_of_scope_segment,Debentures and Bonds
bse_all,974593,out_of_scope_segment,Debentures and Bonds
bse_all,974594,out_of_scope_segment,Debentures and Bonds
bse_all,974595,out_of_scope_segment,Debentures and Bonds
bse_all,974596,out_of_scope_segment,Debentures and Bonds
bse_all,974597,out_of_scope_segment,Debentures and Bonds
bse_all,974598,out_of_scope_segment,Debentures and Bonds
bse_all,974599,out_of_scope_segment,Debentures and Bonds
bse_all,974600,out_of_scope_segment,Debentures and Bonds
bse_all,974601,out_of_scope_segment,Debentures and Bonds
bse_all,974602,out_of_scope_segment,Debentures and Bonds
bse_all,974603,out_of_scope_segment,Debentures and Bonds
bse_all,974604,out_of_scope_segment,Debentures and Bonds
bse_all,974605,out_of_scope_segment,Debentures and Bonds
bse_all,974606,out_of_scope_segment,Debentures and Bonds
bse_all,974607,out_of_scope_segment,Debentures and Bonds
bse_all,974609,out_of_scope_segment,Debentures and Bonds
bse_all,974610,out_of_scope_segment,Debentures and Bonds
bse_all,974611,out_of_scope_segment,Debentures and Bonds
bse_all,974613,out_of_scope_segment,Debentures and Bonds
bse_all,974617,out_of_scope_segment,Debentures and Bonds
bse_all,974618,out_of_scope_segment,Debentures and Bonds
bse_all,974624,out_of_scope_segment,Debentures and Bonds
bse_all,974625,out_of_scope_segment,Debentures and Bonds
bse_all,974629,out_of_scope_segment,Debentures and Bonds
bse_all,974630,out_of_scope_segment,Debentures and Bonds
bse_all,974631,out_of_scope_segment,Debentures and Bonds
bse_all,974633,out_of_scope_segment,Debentures and Bonds
bse_all,974634,out_of_scope_segment,Debentures and Bonds
bse_all,974636,out_of_scope_segment,Debentures and Bonds
bse_all,974638,out_of_scope_segment,Debentures and Bonds
bse_all,974639,out_of_scope_segment,Debentures and Bonds
bse_all,974640,out_of_scope_segment,Debentures and Bonds
bse_all,974641,out_of_scope_segment,Debentures and Bonds
bse_all,974642,out_of_scope_segment,Debentures and Bonds
bse_all,974644,out_of_scope_segment,Debentures and Bonds
bse_all,974646,out_of_scope_segment,Debentures and Bonds
bse_all,974654,out_of_scope_segment,Debentures and Bonds
bse_all,974655,out_of_scope_segment,Debentures and Bonds
bse_all,974656,out_of_scope_segment,Debentures and Bonds
bse_all,974657,out_of_scope_segment,Debentures and Bonds
bse_all,974658,out_of_scope_segment,Debentures and Bonds
bse_all,974659,out_of_scope_segment,Debentures and Bonds
bse_all,974661,out_of_scope_segment,Debentures and Bonds
bse_all,974666,out_of_scope_segment,Debentures and Bonds
bse_all,974667,out_of_scope_segment,Debentures and Bonds
bse_all,974673,out_of_scope_segment,Debentures and Bonds
bse_all,974679,out_of_scope_segment,Debentures and Bonds
bse_all,974682,out_of_scope_segment,Debentures and Bonds
bse_all,974684,out_of_scope_segment,Debentures and Bonds
bse_all,974689,out_of_scope_segment,Debentures and Bonds
bse_all,974690,out_of_scope_segment,Debentures and Bonds
bse_all,974691,out_of_scope_segment,Debentures and Bonds
bse_all,974698,out_of_scope_segment,Debentures and Bonds
bse_all,974703,out_of_scope_segment,Debentures and Bonds
bse_all,974704,out_of_scope_segment,Debentures and Bonds
bse_all,974709,out_of_scope_segment,Debentures and Bonds
bse_all,974710,out_of_scope_segment,Debentures and Bonds
bse_all,974711,out_of_scope_segment,Debentures and Bonds
bse_all,974712,out_of_scope_segment,Debentures and Bonds
bse_all,974713,out_of_scope_segment,Debentures and Bonds
bse_all,974716,out_of_scope_segment,Debentures and Bonds
bse_all,974718,out_of_scope_segment,Debentures and Bonds
bse_all,974719,out_of_scope_segment,Debentures and Bonds
bse_all,974720,out_of_scope_segment,Debentures and Bonds
bse_all,974722,out_of_scope_segment,Debentures and Bonds
bse_all,974725,out_of_scope_segment,Debentures and Bonds
bse_all,974727,out_of_scope_segment,Debentures and Bonds
bse_all,974729,out_of_scope_segment,Debentures and Bonds
bse_all,974730,out_of_scope_segment,Debentures and Bonds
bse_all,974732,out_of_scope_segment,Debentures and Bonds
bse_all,974735,out_of_scope_segment,Debentures and Bonds
bse_all,974736,out_of_scope_segment,Debentures and Bonds
bse_all,974737,out_of_scope_segment,Debentures and Bonds
bse_all,974738,out_of_scope_segment,Debentures and Bonds
bse_all,974740,out_of_scope_segment,Debentures and Bonds
bse_all,974742,out_of_scope_segment,Debentures and Bonds
bse_all,974745,out_of_scope_segment,Debentures and Bonds
bse_all,974746,out_of_scope_segment,Debentures and Bonds
bse_all,974747,out_of_scope_segment,Debentures and Bonds
bse_all,974749,out_of_scope_segment,Debentures and Bonds
bse_all,974762,out_of_scope_segment,Debentures and Bonds
bse_all,974763,out_of_scope_segment,Debentures and Bonds
bse_all,974771,out_of_scope_segment,Debentures and Bonds
bse_all,974772,out_of_scope_segment,Debentures and Bonds
bse_all,974773,out_of_scope_segment,Debentures and Bonds
bse_all,974774,out_of_scope_segment,Debentures and Bonds
bse_all,974777,out_of_scope_segment,Debentures and Bonds
bse_all,974780,out_of_scope_segment,Debentures and Bonds
bse_all,974781,out_of_scope_segment,Debentures and Bonds
bse_all,974789,out_of_scope_segment,Debentures and Bonds
bse_all,974790,out_of_scope_segment,Debentures and Bonds
bse_all,974794,out_of_scope_segment,Debentures and Bonds
bse_all,974798,out_of_scope_segment,Debentures and Bonds
bse_all,974802,out_of_scope_segment,Debentures and Bonds
bse_all,974803,out_of_scope_segment,Debentures and Bonds
bse_all,974804,out_of_scope_segment,Debentures and Bonds
bse_all,974805,out_of_scope_segment,Debentures and Bonds
bse_all,974806,out_of_scope_segment,Debentures and Bonds
bse_all,974807,out_of_scope_segment,Debentures and Bonds
bse_all,974809,out_of_scope_segment,Debentures and Bonds
bse_all,974810,out_of_scope_segment,Debentures and Bonds
bse_all,974811,out_of_scope_segment,Debentures and Bonds
bse_all,974812,out_of_scope_segment,Debentures and Bonds
bse_all,974814,out_of_scope_segment,Debentures and Bonds
bse_all,974834,out_of_scope_segment,Debentures and Bonds
bse_all,974835,out_of_scope_segment,Debentures and Bonds
bse_all,974837,out_of_scope_segment,Debentures and Bonds
bse_all,974838,out_of_scope_segment,Debentures and Bonds
bse_all,974841,out_of_scope_segment,Debentures and Bonds
bse_all,974843,out_of_scope_segment,Debentures and Bonds
bse_all,974845,out_of_scope_segment,Debentures and Bonds
bse_all,974848,out_of_scope_segment,Debentures and Bonds
bse_all,974852,out_of_scope_segment,Debentures and Bonds
bse_all,974854,out_of_scope_segment,Debentures and Bonds
bse_all,974858,out_of_scope_segment,Debentures and Bonds
bse_all,974862,out_of_scope_segment,Debentures and Bonds
bse_all,974863,out_of_scope_segment,Debentures and Bonds
bse_all,974865,out_of_scope_segment,Debentures and Bonds
bse_all,974873,out_of_scope_segment,Debentures and Bonds
bse_all,974874,out_of_scope_segment,Debentures and Bonds
bse_all,974878,out_of_scope_segment,Debentures and Bonds
bse_all,974890,out_of_scope_segment,Debentures and Bonds
bse_all,974891,out_of_scope_segment,Debentures and Bonds
bse_all,974892,out_of_scope_segment,Debentures and Bonds
bse_all,974895,out_of_scope_segment,Debentures and Bonds
bse_all,974899,out_of_scope_segment,Debentures and Bonds
bse_all,974900,out_of_scope_segment,Debentures and Bonds
bse_all,974903,out_of_scope_segment,Debentures and Bonds
bse_all,974905,out_of_scope_segment,Debentures and Bonds
bse_all,974906,out_of_scope_segment,Debentures and Bonds
bse_all,974909,out_of_scope_segment,Debentures and Bonds
bse_all,974911,out_of_scope_segment,Debentures and Bonds
bse_all,974914,out_of_scope_segment,Debentures and Bonds
bse_all,974916,out_of_scope_segment,Debentures and Bonds
bse_all,974917,out_of_scope_segment,Debentures and Bonds
bse_all,974920,out_of_scope_segment,Debentures and Bonds
bse_all,974924,out_of_scope_segment,Debentures and Bonds
bse_all,974927,out_of_scope_segment,Debentures and Bonds
bse_all,974928,out_of_scope_segment,Debentures and Bonds
bse_all,974933,out_of_scope_segment,Debentures and Bonds
bse_all,974934,out_of_scope_segment,Debentures and Bonds
bse_all,974936,out_of_scope_segment,Debentures and Bonds
bse_all,974937,out_of_scope_segment,Debentures and Bonds
bse_all,974938,out_of_scope_segment,Debentures and Bonds
bse_all,974939,out_of_scope_segment,Debentures and Bonds
bse_all,974940,out_of_scope_segment,Debentures and Bonds
bse_all,974944,out_of_scope_segment,Debentures and Bonds
bse_all,974945,out_of_scope_segment,Debentures and Bonds
bse_all,974951,out_of_scope_segment,Debentures and Bonds
bse_all,974953,out_of_scope_segment,Debentures and Bonds
bse_all,974954,out_of_scope_segment,Debentures and Bonds
bse_all,974956,out_of_scope_segment,Debentures and Bonds
bse_all,974957,out_of_scope_segment,Debentures and Bonds
bse_all,974958,out_of_scope_segment,Debentures and Bonds
bse_all,974959,out_of_scope_segment,Debentures and Bonds
bse_all,974960,out_of_scope_segment,Debentures and Bonds
bse_all,974963,out_of_scope_segment,Debentures and Bonds
bse_all,974964,out_of_scope_segment,Debentures and Bonds
bse_all,974965,out_of_scope_segment,Debentures and Bonds
bse_all,974968,out_of_scope_segment,Debentures and Bonds
bse_all,974970,out_of_scope_segment,Debentures and Bonds
bse_all,974974,out_of_scope_segment,Debentures and Bonds
bse_all,974976,out_of_scope_segment,Debentures and Bonds
bse_all,974977,out_of_scope_segment,Debentures and Bonds
bse_all,974978,out_of_scope_segment,Debentures and Bonds
bse_all,974980,out_of_scope_segment,Debentures and Bonds
bse_all,974982,out_of_scope_segment,Debentures and Bonds
bse_all,974985,out_of_scope_segment,Debentures and Bonds
bse_all,974990,out_of_scope_segment,Debentures and Bonds
bse_all,974995,out_of_scope_segment,Debentures and Bonds
bse_all,974996,out_of_scope_segment,Debentures and Bonds
bse_all,974998,out_of_scope_segment,Debentures and Bonds
bse_all,974999,out_of_scope_segment,Debentures and Bonds
bse_all,975000,out_of_scope_segment,Debentures and Bonds
bse_all,975005,out_of_scope_segment,Debentures and Bonds
bse_all,975010,out_of_scope_segment,Debentures and Bonds
bse_all,975017,out_of_scope_segment,Debentures and Bonds
bse_all,975018,out_of_scope_segment,Debentures and Bonds
bse_all,975019,out_of_scope_segment,Debentures and Bonds
bse_all,975021,out_of_scope_segment,Debentures and Bonds
bse_all,975023,out_of_scope_segment,Debentures and Bonds
bse_all,975024,out_of_scope_segment,Debentures and Bonds
bse_all,975033,out_of_scope_segment,Debentures and Bonds
bse_all,975036,out_of_scope_segment,Debentures and Bonds
bse_all,975037,out_of_scope_segment,Debentures and Bonds
bse_all,975038,out_of_scope_segment,Debentures and Bonds
bse_all,975039,out_of_scope_segment,Debentures and Bonds
bse_all,975040,out_of_scope_segment,Debentures and Bonds
bse_all,975041,out_of_scope_segment,Debentures and Bonds
bse_all,975044,out_of_scope_segment,Debentures and Bonds
bse_all,975048,out_of_scope_segment,Debentures and Bonds
bse_all,975051,out_of_scope_segment,Debentures and Bonds
bse_all,975054,out_of_scope_segment,Debentures and Bonds
bse_all,975055,out_of_scope_segment,Debentures and Bonds
bse_all,975057,out_of_scope_segment,Debentures and Bonds
bse_all,975065,out_of_scope_segment,Debentures and Bonds
bse_all,975068,out_of_scope_segment,Debentures and Bonds
bse_all,975069,out_of_scope_segment,Debentures and Bonds
bse_all,975070,out_of_scope_segment,Debentures and Bonds
bse_all,975073,out_of_scope_segment,Debentures and Bonds
bse_all,975074,out_of_scope_segment,Debentures and Bonds
bse_all,975078,out_of_scope_segment,Debentures and Bonds
bse_all,975080,out_of_scope_segment,Debentures and Bonds
bse_all,975083,out_of_scope_segment,Debentures and Bonds
bse_all,975084,out_of_scope_segment,Debentures and Bonds
bse_all,975088,out_of_scope_segment,Debentures and Bonds
bse_all,975089,out_of_scope_segment,Debentures and Bonds
bse_all,975090,out_of_scope_segment,Debentures and Bonds
bse_all,975091,out_of_scope_segment,Debentures and Bonds
bse_all,975094,out_of_scope_segment,Debentures and Bonds
bse_all,975101,out_of_scope_segment,Debentures and Bonds
bse_all,975102,out_of_scope_segment,Debentures and Bonds
bse_all,975104,out_of_scope_segment,Debentures and Bonds
bse_all,975105,out_of_scope_segment,Debentures and Bonds
bse_all,975106,out_of_scope_segment,Debentures and Bonds
bse_all,975107,out_of_scope_segment,Debentures and Bonds
bse_all,975108,out_of_scope_segment,Debentures and Bonds
bse_all,975111,out_of_scope_segment,Debentures and Bonds
bse_all,975112,out_of_scope_segment,Debentures and Bonds
bse_all,975113,out_of_scope_segment,Debentures and Bonds
bse_all,975114,out_of_scope_segment,Debentures and Bonds
bse_all,975116,out_of_scope_segment,Debentures and Bonds
bse_all,975117,out_of_scope_segment,Debentures and Bonds
bse_all,975118,out_of_scope_segment,Debentures and Bonds
bse_all,975120,out_of_scope_segment,Debentures and Bonds
bse_all,975122,out_of_scope_segment,Debentures and Bonds
bse_all,975124,out_of_scope_segment,Debentures and Bonds
bse_all,975128,out_of_scope_segment,Debentures and Bonds
bse_all,975129,out_of_scope_segment,Debentures and Bonds
bse_all,975130,out_of_scope_segment,Debentures and Bonds
bse_all,975134,out_of_scope_segment,Debentures and Bonds
bse_all,975136,out_of_scope_segment,Debentures and Bonds
bse_all,975145,out_of_scope_segment,Debentures and Bonds
bse_all,975149,out_of_scope_segment,Debentures and Bonds
bse_all,975150,out_of_scope_segment,Debentures and Bonds
bse_all,975152,out_of_scope_segment,Debentures and Bonds
bse_all,975153,out_of_scope_segment,Debentures and Bonds
bse_all,975158,out_of_scope_segment,Debentures and Bonds
bse_all,975161,out_of_scope_segment,Debentures and Bonds
bse_all,975164,out_of_scope_segment,Debentures and Bonds
bse_all,975168,out_of_scope_segment,Debentures and Bonds
bse_all,975169,out_of_scope_segment,Debentures and Bonds
bse_all,975171,out_of_scope_segment,Debentures and Bonds
bse_all,975172,out_of_scope_segment,Debentures and Bonds
bse_all,975175,out_of_scope_segment,Debentures and Bonds
bse_all,975176,out_of_scope_segment,Debentures and Bonds
bse_all,975180,out_of_scope_segment,Debentures and Bonds
bse_all,975182,out_of_scope_segment,Debentures and Bonds
bse_all,975184,out_of_scope_segment,Debentures and Bonds
bse_all,975186,out_of_scope_segment,Debentures and Bonds
bse_all,975187,out_of_scope_segment,Debentures and Bonds
bse_all,975188,out_of_scope_segment,Debentures and Bonds
bse_all,975189,out_of_scope_segment,Debentures and Bonds
bse_all,975190,out_of_scope_segment,Debentures and Bonds
bse_all,975191,out_of_scope_segment,Debentures and Bonds
bse_all,975193,out_of_scope_segment,Debentures and Bonds
bse_all,975195,out_of_scope_segment,Debentures and Bonds
bse_all,975196,out_of_scope_segment,Debentures and Bonds
bse_all,975199,out_of_scope_segment,Debentures and Bonds
bse_all,975200,out_of_scope_segment,Debentures and Bonds
bse_all,975201,out_of_scope_segment,Debentures and Bonds
bse_all,975202,out_of_scope_segment,Debentures and Bonds
bse_all,975203,out_of_scope_segment,Debentures and Bonds
bse_all,975206,out_of_scope_segment,Debentures and Bonds
bse_all,975208,out_of_scope_segment,Debentures and Bonds
bse_all,975212,out_of_scope_segment,Debentures and Bonds
bse_all,975213,out_of_scope_segment,Debentures and Bonds
bse_all,975214,out_of_scope_segment,Debentures and Bonds
bse_all,975219,out_of_scope_segment,Debentures and Bonds
bse_all,975223,out_of_scope_segment,Debentures and Bonds
bse_all,975225,out_of_scope_segment,Debentures and Bonds
bse_all,975226,out_of_scope_segment,Debentures and Bonds
bse_all,975229,out_of_scope_segment,Debentures and Bonds
bse_all,975231,out_of_scope_segment,Debentures and Bonds
bse_all,975232,out_of_scope_segment,Debentures and Bonds
bse_all,975234,out_of_scope_segment,Debentures and Bonds
bse_all,975235,out_of_scope_segment,Debentures and Bonds
bse_all,975236,out_of_scope_segment,Debentures and Bonds
bse_all,975238,out_of_scope_segment,Debentures and Bonds
bse_all,975239,out_of_scope_segment,Debentures and Bonds
bse_all,975242,out_of_scope_segment,Debentures and Bonds
bse_all,975244,out_of_scope_segment,Debentures and Bonds
bse_all,975245,out_of_scope_segment,Debentures and Bonds
bse_all,975246,out_of_scope_segment,Debentures and Bonds
bse_all,975247,out_of_scope_segment,Debentures and Bonds
bse_all,975248,out_of_scope_segment,Debentures and Bonds
bse_all,975249,out_of_scope_segment,Debentures and Bonds
bse_all,975250,out_of_scope_segment,Debentures and Bonds
bse_all,975251,out_of_scope_segment,Debentures and Bonds
bse_all,975253,out_of_scope_segment,Debentures and Bonds
bse_all,975254,out_of_scope_segment,Debentures and Bonds
bse_all,975255,out_of_scope_segment,Debentures and Bonds
bse_all,975257,out_of_scope_segment,Debentures and Bonds
bse_all,975259,out_of_scope_segment,Debentures and Bonds
bse_all,975260,out_of_scope_segment,Debentures and Bonds
bse_all,975261,out_of_scope_segment,Debentures and Bonds
bse_all,975262,out_of_scope_segment,Debentures and Bonds
bse_all,975263,out_of_scope_segment,Debentures and Bonds
bse_all,975264,out_of_scope_segment,Debentures and Bonds
bse_all,975265,out_of_scope_segment,Debentures and Bonds
bse_all,975266,out_of_scope_segment,Debentures and Bonds
bse_all,975267,out_of_scope_segment,Debentures and Bonds
bse_all,975268,out_of_scope_segment,Debentures and Bonds
bse_all,975269,out_of_scope_segment,Debentures and Bonds
bse_all,975270,out_of_scope_segment,Debentures and Bonds
bse_all,975271,out_of_scope_segment,Debentures and Bonds
bse_all,975272,out_of_scope_segment,Debentures and Bonds
bse_all,975273,out_of_scope_segment,Debentures and Bonds
bse_all,975275,out_of_scope_segment,Debentures and Bonds
bse_all,975279,out_of_scope_segment,Debentures and Bonds
bse_all,975280,out_of_scope_segment,Debentures and Bonds
bse_all,975281,out_of_scope_segment,Debentures and Bonds
bse_all,975282,out_of_scope_segment,Debentures and Bonds
bse_all,975283,out_of_scope_segment,Debentures and Bonds
bse_all,975285,out_of_scope_segment,Debentures and Bonds
bse_all,975286,out_of_scope_segment,Debentures and Bonds
bse_all,975287,out_of_scope_segment,Debentures and Bonds
bse_all,975289,out_of_scope_segment,Debentures and Bonds
bse_all,975292,out_of_scope_segment,Debentures and Bonds
bse_all,975293,out_of_scope_segment,Debentures and Bonds
bse_all,975294,out_of_scope_segment,Debentures and Bonds
bse_all,975297,out_of_scope_segment,Debentures and Bonds
bse_all,975298,out_of_scope_segment,Debentures and Bonds
bse_all,975304,out_of_scope_segment,Debentures and Bonds
bse_all,975305,out_of_scope_segment,Debentures and Bonds
bse_all,975306,out_of_scope_segment,Debentures and Bonds
bse_all,975309,out_of_scope_segment,Debentures and Bonds
bse_all,975312,out_of_scope_segment,Debentures and Bonds
bse_all,975313,out_of_scope_segment,Debentures and Bonds
bse_all,975314,out_of_scope_segment,Debentures and Bonds
bse_all,975315,out_of_scope_segment,Debentures and Bonds
bse_all,975316,out_of_scope_segment,Debentures and Bonds
bse_all,975317,out_of_scope_segment,Debentures and Bonds
bse_all,975319,out_of_scope_segment,Debentures and Bonds
bse_all,975321,out_of_scope_segment,Debentures and Bonds
bse_all,975323,out_of_scope_segment,Debentures and Bonds
bse_all,975325,out_of_scope_segment,Debentures and Bonds
bse_all,975326,out_of_scope_segment,Debentures and Bonds
bse_all,975328,out_of_scope_segment,Debentures and Bonds
bse_all,975329,out_of_scope_segment,Debentures and Bonds
bse_all,975330,out_of_scope_segment,Debentures and Bonds
bse_all,975333,out_of_scope_segment,Debentures and Bonds
bse_all,975334,out_of_scope_segment,Debentures and Bonds
bse_all,975335,out_of_scope_segment,Debentures and Bonds
bse_all,975336,out_of_scope_segment,Debentures and Bonds
bse_all,975337,out_of_scope_segment,Debentures and Bonds
bse_all,975339,out_of_scope_segment,Debentures and Bonds
bse_all,975340,out_of_scope_segment,Debentures and Bonds
bse_all,975341,out_of_scope_segment,Debentures and Bonds
bse_all,975342,out_of_scope_segment,Debentures and Bonds
bse_all,975343,out_of_scope_segment,Debentures and Bonds
bse_all,975345,out_of_scope_segment,Debentures and Bonds
bse_all,975346,out_of_scope_segment,Debentures and Bonds
bse_all,975350,out_of_scope_segment,Debentures and Bonds
bse_all,975351,out_of_scope_segment,Debentures and Bonds
bse_all,975353,out_of_scope_segment,Debentures and Bonds
bse_all,975354,out_of_scope_segment,Debentures and Bonds
bse_all,975355,out_of_scope_segment,Debentures and Bonds
bse_all,975358,out_of_scope_segment,Debentures and Bonds
bse_all,975361,out_of_scope_segment,Debentures and Bonds
bse_all,975362,out_of_scope_segment,Debentures and Bonds
bse_all,975364,out_of_scope_segment,Debentures and Bonds
bse_all,975365,out_of_scope_segment,Debentures and Bonds
bse_all,975368,out_of_scope_segment,Debentures and Bonds
bse_all,975370,out_of_scope_segment,Debentures and Bonds
bse_all,975373,out_of_scope_segment,Debentures and Bonds
bse_all,975374,out_of_scope_segment,Debentures and Bonds
bse_all,975375,out_of_scope_segment,Debentures and Bonds
bse_all,975376,out_of_scope_segment,Debentures and Bonds
bse_all,975378,out_of_scope_segment,Debentures and Bonds
bse_all,975381,out_of_scope_segment,Debentures and Bonds
bse_all,975382,out_of_scope_segment,Debentures and Bonds
bse_all,975383,out_of_scope_segment,Debentures and Bonds
bse_all,975384,out_of_scope_segment,Debentures and Bonds
bse_all,975386,out_of_scope_segment,Debentures and Bonds
bse_all,975387,out_of_scope_segment,Debentures and Bonds
bse_all,975388,out_of_scope_segment,Debentures and Bonds
bse_all,975390,out_of_scope_segment,Debentures and Bonds
bse_all,975392,out_of_scope_segment,Debentures and Bonds
bse_all,975393,out_of_scope_segment,Debentures and Bonds
bse_all,975396,out_of_scope_segment,Debentures and Bonds
bse_all,975398,out_of_scope_segment,Debentures and Bonds
bse_all,975399,out_of_scope_segment,Debentures and Bonds
bse_all,975400,out_of_scope_segment,Debentures and Bonds
bse_all,975401,out_of_scope_segment,Debentures and Bonds
bse_all,975403,out_of_scope_segment,Debentures and Bonds
bse_all,975404,out_of_scope_segment,Debentures and Bonds
bse_all,975406,out_of_scope_segment,Debentures and Bonds
bse_all,975407,out_of_scope_segment,Debentures and Bonds
bse_all,975408,out_of_scope_segment,Debentures and Bonds
bse_all,975409,out_of_scope_segment,Debentures and Bonds
bse_all,975410,out_of_scope_segment,Debentures and Bonds
bse_all,975411,out_of_scope_segment,Debentures and Bonds
bse_all,975412,out_of_scope_segment,Debentures and Bonds
bse_all,975413,out_of_scope_segment,Debentures and Bonds
bse_all,975417,out_of_scope_segment,Debentures and Bonds
bse_all,975419,out_of_scope_segment,Debentures and Bonds
bse_all,975420,out_of_scope_segment,Debentures and Bonds
bse_all,975422,out_of_scope_segment,Debentures and Bonds
bse_all,975423,out_of_scope_segment,Debentures and Bonds
bse_all,975424,out_of_scope_segment,Debentures and Bonds
bse_all,975426,out_of_scope_segment,Debentures and Bonds
bse_all,975429,out_of_scope_segment,Debentures and Bonds
bse_all,975430,out_of_scope_segment,Debentures and Bonds
bse_all,975432,out_of_scope_segment,Debentures and Bonds
bse_all,975433,out_of_scope_segment,Debentures and Bonds
bse_all,975434,out_of_scope_segment,Debentures and Bonds
bse_all,975437,out_of_scope_segment,Debentures and Bonds
bse_all,975438,out_of_scope_segment,Debentures and Bonds
bse_all,975442,out_of_scope_segment,Debentures and Bonds
bse_all,975443,out_of_scope_segment,Debentures and Bonds
bse_all,975445,out_of_scope_segment,Debentures and Bonds
bse_all,975447,out_of_scope_segment,Debentures and Bonds
bse_all,975449,out_of_scope_segment,Debentures and Bonds
bse_all,975452,out_of_scope_segment,Debentures and Bonds
bse_all,975453,out_of_scope_segment,Debentures and Bonds
bse_all,975455,out_of_scope_segment,Debentures and Bonds
bse_all,975456,out_of_scope_segment,Debentures and Bonds
bse_all,975459,out_of_scope_segment,Debentures and Bonds
bse_all,975462,out_of_scope_segment,Debentures and Bonds
bse_all,975464,out_of_scope_segment,Debentures and Bonds
bse_all,975467,out_of_scope_segment,Debentures and Bonds
bse_all,975470,out_of_scope_segment,Debentures and Bonds
bse_all,975473,out_of_scope_segment,Debentures and Bonds
bse_all,975474,out_of_scope_segment,Debentures and Bonds
bse_all,975476,out_of_scope_segment,Debentures and Bonds
bse_all,975477,out_of_scope_segment,Debentures and Bonds
bse_all,975479,out_of_scope_segment,Debentures and Bonds
bse_all,975481,out_of_scope_segment,Debentures and Bonds
bse_all,975482,out_of_scope_segment,Debentures and Bonds
bse_all,975483,out_of_scope_segment,Debentures and Bonds
bse_all,975484,out_of_scope_segment,Debentures and Bonds
bse_all,975485,out_of_scope_segment,Debentures and Bonds
bse_all,975486,out_of_scope_segment,Debentures and Bonds
bse_all,975487,out_of_scope_segment,Debentures and Bonds
bse_all,975488,out_of_scope_segment,Debentures and Bonds
bse_all,975489,out_of_scope_segment,Debentures and Bonds
bse_all,975490,out_of_scope_segment,Debentures and Bonds
bse_all,975491,out_of_scope_segment,Debentures and Bonds
bse_all,975493,out_of_scope_segment,Debentures and Bonds
bse_all,975494,out_of_scope_segment,Debentures and Bonds
bse_all,975495,out_of_scope_segment,Debentures and Bonds
bse_all,975496,out_of_scope_segment,Debentures and Bonds
bse_all,975497,out_of_scope_segment,Debentures and Bonds
bse_all,975499,out_of_scope_segment,Debentures and Bonds
bse_all,975501,out_of_scope_segment,Debentures and Bonds
bse_all,975502,out_of_scope_segment,Debentures and Bonds
bse_all,975503,out_of_scope_segment,Debentures and Bonds
bse_all,975505,out_of_scope_segment,Debentures and Bonds
bse_all,975506,out_of_scope_segment,Debentures and Bonds
bse_all,975507,out_of_scope_segment,Debentures and Bonds
bse_all,975508,out_of_scope_segment,Debentures and Bonds
bse_all,975509,out_of_scope_segment,Debentures and Bonds
bse_all,975510,out_of_scope_segment,Debentures and Bonds
bse_all,975511,out_of_scope_segment,Debentures and Bonds
bse_all,975513,out_of_scope_segment,Debentures and Bonds
bse_all,975514,out_of_scope_segment,Debentures and Bonds
bse_all,975515,out_of_scope_segment,Debentures and Bonds
bse_all,975516,out_of_scope_segment,Debentures and Bonds
bse_all,975518,out_of_scope_segment,Debentures and Bonds
bse_all,975519,out_of_scope_segment,Debentures and Bonds
bse_all,975520,out_of_scope_segment,Debentures and Bonds
bse_all,975522,out_of_scope_segment,Debentures and Bonds
bse_all,975523,out_of_scope_segment,Debentures and Bonds
bse_all,975525,out_of_scope_segment,Debentures and Bonds
bse_all,975526,out_of_scope_segment,Debentures and Bonds
bse_all,975527,out_of_scope_segment,Debentures and Bonds
bse_all,975528,out_of_scope_segment,Debentures and Bonds
bse_all,975530,out_of_scope_segment,Debentures and Bonds
bse_all,975531,out_of_scope_segment,Debentures and Bonds
bse_all,975533,out_of_scope_segment,Debentures and Bonds
bse_all,975534,out_of_scope_segment,Debentures and Bonds
bse_all,975535,out_of_scope_segment,Debentures and Bonds
bse_all,975536,out_of_scope_segment,Debentures and Bonds
bse_all,975537,out_of_scope_segment,Debentures and Bonds
bse_all,975540,out_of_scope_segment,Debentures and Bonds
bse_all,975541,out_of_scope_segment,Debentures and Bonds
bse_all,975542,out_of_scope_segment,Debentures and Bonds
bse_all,975543,out_of_scope_segment,Debentures and Bonds
bse_all,975546,out_of_scope_segment,Debentures and Bonds
bse_all,975548,out_of_scope_segment,Debentures and Bonds
bse_all,975549,out_of_scope_segment,Debentures and Bonds
bse_all,975550,out_of_scope_segment,Debentures and Bonds
bse_all,975551,out_of_scope_segment,Debentures and Bonds
bse_all,975552,out_of_scope_segment,Debentures and Bonds
bse_all,975553,out_of_scope_segment,Debentures and Bonds
bse_all,975555,out_of_scope_segment,Debentures and Bonds
bse_all,975556,out_of_scope_segment,Debentures and Bonds
bse_all,975558,out_of_scope_segment,Debentures and Bonds
bse_all,975561,out_of_scope_segment,Debentures and Bonds
bse_all,975565,out_of_scope_segment,Debentures and Bonds
bse_all,975567,out_of_scope_segment,Debentures and Bonds
bse_all,975568,out_of_scope_segment,Debentures and Bonds
bse_all,975569,out_of_scope_segment,Debentures and Bonds
bse_all,975570,out_of_scope_segment,Debentures and Bonds
bse_all,975571,out_of_scope_segment,Debentures and Bonds
bse_all,975572,out_of_scope_segment,Debentures and Bonds
bse_all,975573,out_of_scope_segment,Debentures and Bonds
bse_all,975574,out_of_scope_segment,Debentures and Bonds
bse_all,975575,out_of_scope_segment,Debentures and Bonds
bse_all,975576,out_of_scope_segment,Debentures and Bonds
bse_all,975577,out_of_scope_segment,Debentures and Bonds
bse_all,975578,out_of_scope_segment,Debentures and Bonds
bse_all,975580,out_of_scope_segment,Debentures and Bonds
bse_all,975584,out_of_scope_segment,Debentures and Bonds
bse_all,975585,out_of_scope_segment,Debentures and Bonds
bse_all,975586,out_of_scope_segment,Debentures and Bonds
bse_all,975587,out_of_scope_segment,Debentures and Bonds
bse_all,975589,out_of_scope_segment,Debentures and Bonds
bse_all,975590,out_of_scope_segment,Debentures and Bonds
bse_all,975593,out_of_scope_segment,Debentures and Bonds
bse_all,975594,out_of_scope_segment,Debentures and Bonds
bse_all,975597,out_of_scope_segment,Debentures and Bonds
bse_all,975598,out_of_scope_segment,Debentures and Bonds
bse_all,975599,out_of_scope_segment,Debentures and Bonds
bse_all,975601,out_of_scope_segment,Debentures and Bonds
bse_all,975602,out_of_scope_segment,Debentures and Bonds
bse_all,975603,out_of_scope_segment,Debentures and Bonds
bse_all,975605,out_of_scope_segment,Debentures and Bonds
bse_all,975607,out_of_scope_segment,Debentures and Bonds
bse_all,975608,out_of_scope_segment,Debentures and Bonds
bse_all,975610,out_of_scope_segment,Debentures and Bonds
bse_all,975613,out_of_scope_segment,Debentures and Bonds
bse_all,975614,out_of_scope_segment,Debentures and Bonds
bse_all,975615,out_of_scope_segment,Debentures and Bonds
bse_all,975617,out_of_scope_segment,Debentures and Bonds
bse_all,975620,out_of_scope_segment,Debentures and Bonds
bse_all,975621,out_of_scope_segment,Debentures and Bonds
bse_all,975625,out_of_scope_segment,Debentures and Bonds
bse_all,975627,out_of_scope_segment,Debentures and Bonds
bse_all,975628,out_of_scope_segment,Debentures and Bonds
bse_all,975630,out_of_scope_segment,Debentures and Bonds
bse_all,975631,out_of_scope_segment,Debentures and Bonds
bse_all,975632,out_of_scope_segment,Debentures and Bonds
bse_all,975633,out_of_scope_segment,Debentures and Bonds
bse_all,975634,out_of_scope_segment,Debentures and Bonds
bse_all,975635,out_of_scope_segment,Debentures and Bonds
bse_all,975640,out_of_scope_segment,Debentures and Bonds
bse_all,975643,out_of_scope_segment,Debentures and Bonds
bse_all,975646,out_of_scope_segment,Debentures and Bonds
bse_all,975647,out_of_scope_segment,Debentures and Bonds
bse_all,975648,out_of_scope_segment,Debentures and Bonds
bse_all,975649,out_of_scope_segment,Debentures and Bonds
bse_all,975650,out_of_scope_segment,Debentures and Bonds
bse_all,975654,out_of_scope_segment,Debentures and Bonds
bse_all,975655,out_of_scope_segment,Debentures and Bonds
bse_all,975656,out_of_scope_segment,Debentures and Bonds
bse_all,975659,out_of_scope_segment,Debentures and Bonds
bse_all,975660,out_of_scope_segment,Debentures and Bonds
bse_all,975661,out_of_scope_segment,Debentures and Bonds
bse_all,975662,out_of_scope_segment,Debentures and Bonds
bse_all,975663,out_of_scope_segment,Debentures and Bonds
bse_all,975664,out_of_scope_segment,Debentures and Bonds
bse_all,975666,out_of_scope_segment,Debentures and Bonds
bse_all,975667,out_of_scope_segment,Debentures and Bonds
bse_all,975672,out_of_scope_segment,Debentures and Bonds
bse_all,975673,out_of_scope_segment,Debentures and Bonds
bse_all,975676,out_of_scope_segment,Debentures and Bonds
bse_all,975680,out_of_scope_segment,Debentures and Bonds
bse_all,975681,out_of_scope_segment,Debentures and Bonds
bse_all,975684,out_of_scope_segment,Debentures and Bonds
bse_all,975687,out_of_scope_segment,Debentures and Bonds
bse_all,975688,out_of_scope_segment,Debentures and Bonds
bse_all,975689,out_of_scope_segment,Debentures and Bonds
bse_all,975690,out_of_scope_segment,Debentures and Bonds
bse_all,975692,out_of_scope_segment,Debentures and Bonds
bse_all,975693,out_of_scope_segment,Debentures and Bonds
bse_all,975695,out_of_scope_segment,Debentures and Bonds
bse_all,975696,out_of_scope_segment,Debentures and Bonds
bse_all,975697,out_of_scope_segment,Debentures and Bonds
bse_all,975698,out_of_scope_segment,Debentures and Bonds
bse_all,975699,out_of_scope_segment,Debentures and Bonds
bse_all,975701,out_of_scope_segment,Debentures and Bonds
bse_all,975702,out_of_scope_segment,Debentures and Bonds
bse_all,975703,out_of_scope_segment,Debentures and Bonds
bse_all,975704,out_of_scope_segment,Debentures and Bonds
bse_all,975707,out_of_scope_segment,Debentures and Bonds
bse_all,975708,out_of_scope_segment,Debentures and Bonds
bse_all,975710,out_of_scope_segment,Debentures and Bonds
bse_all,975712,out_of_scope_segment,Debentures and Bonds
bse_all,975713,out_of_scope_segment,Debentures and Bonds
bse_all,975714,out_of_scope_segment,Debentures and Bonds
bse_all,975715,out_of_scope_segment,Debentures and Bonds
bse_all,975716,out_of_scope_segment,Debentures and Bonds
bse_all,975717,out_of_scope_segment,Debentures and Bonds
bse_all,975721,out_of_scope_segment,Debentures and Bonds
bse_all,975724,out_of_scope_segment,Debentures and Bonds
bse_all,975725,out_of_scope_segment,Debentures and Bonds
bse_all,975727,out_of_scope_segment,Debentures and Bonds
bse_all,975728,out_of_scope_segment,Debentures and Bonds
bse_all,975729,out_of_scope_segment,Debentures and Bonds
bse_all,975731,out_of_scope_segment,Debentures and Bonds
bse_all,975732,out_of_scope_segment,Debentures and Bonds
bse_all,975733,out_of_scope_segment,Debentures and Bonds
bse_all,975734,out_of_scope_segment,Debentures and Bonds
bse_all,975735,out_of_scope_segment,Debentures and Bonds
bse_all,975737,out_of_scope_segment,Debentures and Bonds
bse_all,975738,out_of_scope_segment,Debentures and Bonds
bse_all,975740,out_of_scope_segment,Debentures and Bonds
bse_all,975741,out_of_scope_segment,Debentures and Bonds
bse_all,975742,out_of_scope_segment,Debentures and Bonds
bse_all,975743,out_of_scope_segment,Debentures and Bonds
bse_all,975746,out_of_scope_segment,Debentures and Bonds
bse_all,975747,out_of_scope_segment,Debentures and Bonds
bse_all,975754,out_of_scope_segment,Debentures and Bonds
bse_all,975756,out_of_scope_segment,Debentures and Bonds
bse_all,975757,out_of_scope_segment,Debentures and Bonds
bse_all,975758,out_of_scope_segment,Debentures and Bonds
bse_all,975759,out_of_scope_segment,Debentures and Bonds
bse_all,975760,out_of_scope_segment,Debentures and Bonds
bse_all,975762,out_of_scope_segment,Debentures and Bonds
bse_all,975763,out_of_scope_segment,Debentures and Bonds
bse_all,975764,out_of_scope_segment,Debentures and Bonds
bse_all,975765,out_of_scope_segment,Debentures and Bonds
bse_all,975769,out_of_scope_segment,Debentures and Bonds
bse_all,975771,out_of_scope_segment,Debentures and Bonds
bse_all,975772,out_of_scope_segment,Debentures and Bonds
bse_all,975773,out_of_scope_segment,Debentures and Bonds
bse_all,975774,out_of_scope_segment,Debentures and Bonds
bse_all,975776,out_of_scope_segment,Debentures and Bonds
bse_all,975777,out_of_scope_segment,Debentures and Bonds
bse_all,975778,out_of_scope_segment,Debentures and Bonds
bse_all,975779,out_of_scope_segment,Debentures and Bonds
bse_all,975781,out_of_scope_segment,Debentures and Bonds
bse_all,975782,out_of_scope_segment,Debentures and Bonds
bse_all,975783,out_of_scope_segment,Debentures and Bonds
bse_all,975785,out_of_scope_segment,Debentures and Bonds
bse_all,975787,out_of_scope_segment,Debentures and Bonds
bse_all,975788,out_of_scope_segment,Debentures and Bonds
bse_all,975789,out_of_scope_segment,Debentures and Bonds
bse_all,975790,out_of_scope_segment,Debentures and Bonds
bse_all,975791,out_of_scope_segment,Debentures and Bonds
bse_all,975793,out_of_scope_segment,Debentures and Bonds
bse_all,975794,out_of_scope_segment,Debentures and Bonds
bse_all,975797,out_of_scope_segment,Debentures and Bonds
bse_all,975800,out_of_scope_segment,Debentures and Bonds
bse_all,975801,out_of_scope_segment,Debentures and Bonds
bse_all,975802,out_of_scope_segment,Debentures and Bonds
bse_all,975803,out_of_scope_segment,Debentures and Bonds
bse_all,975807,out_of_scope_segment,Debentures and Bonds
bse_all,975808,out_of_scope_segment,Debentures and Bonds
bse_all,975810,out_of_scope_segment,Debentures and Bonds
bse_all,975812,out_of_scope_segment,Debentures and Bonds
bse_all,975813,out_of_scope_segment,Debentures and Bonds
bse_all,975815,out_of_scope_segment,Debentures and Bonds
bse_all,975818,out_of_scope_segment,Debentures and Bonds
bse_all,975819,out_of_scope_segment,Debentures and Bonds
bse_all,975820,out_of_scope_segment,Debentures and Bonds
bse_all,975821,out_of_scope_segment,Debentures and Bonds
bse_all,975822,out_of_scope_segment,Debentures and Bonds
bse_all,975826,out_of_scope_segment,Debentures and Bonds
bse_all,975827,out_of_scope_segment,Debentures and Bonds
bse_all,975828,out_of_scope_segment,Debentures and Bonds
bse_all,975829,out_of_scope_segment,Debentures and Bonds
bse_all,975830,out_of_scope_segment,Debentures and Bonds
bse_all,975831,out_of_scope_segment,Debentures and Bonds
bse_all,975833,out_of_scope_segment,Debentures and Bonds
bse_all,975835,out_of_scope_segment,Debentures and Bonds
bse_all,975836,out_of_scope_segment,Debentures and Bonds
bse_all,975837,out_of_scope_segment,Debentures and Bonds
bse_all,975841,out_of_scope_segment,Debentures and Bonds
bse_all,975842,out_of_scope_segment,Debentures and Bonds
bse_all,975844,out_of_scope_segment,Debentures and Bonds
bse_all,975846,out_of_scope_segment,Debentures and Bonds
bse_all,975847,out_of_scope_segment,Debentures and Bonds
bse_all,975848,out_of_scope_segment,Debentures and Bonds
bse_all,975849,out_of_scope_segment,Debentures and Bonds
bse_all,975850,out_of_scope_segment,Debentures and Bonds
bse_all,975851,out_of_scope_segment,Debentures and Bonds
bse_all,975854,out_of_scope_segment,Debentures and Bonds
bse_all,975856,out_of_scope_segment,Debentures and Bonds
bse_all,975857,out_of_scope_segment,Debentures and Bonds
bse_all,975858,out_of_scope_segment,Debentures and Bonds
bse_all,975860,out_of_scope_segment,Debentures and Bonds
bse_all,975861,out_of_scope_segment,Debentures and Bonds
bse_all,975862,out_of_scope_segment,Debentures and Bonds
bse_all,975863,out_of_scope_segment,Debentures and Bonds
bse_all,975864,out_of_scope_segment,Debentures and Bonds
bse_all,975865,out_of_scope_segment,Debentures and Bonds
bse_all,975866,out_of_scope_segment,Debentures and Bonds
bse_all,975867,out_of_scope_segment,Debentures and Bonds
bse_all,975870,out_of_scope_segment,Debentures and Bonds
bse_all,975871,out_of_scope_segment,Debentures and Bonds
bse_all,975872,out_of_scope_segment,Debentures and Bonds
bse_all,975873,out_of_scope_segment,Debentures and Bonds
bse_all,975875,out_of_scope_segment,Debentures and Bonds
bse_all,975876,out_of_scope_segment,Debentures and Bonds
bse_all,975878,out_of_scope_segment,Debentures and Bonds
bse_all,975879,out_of_scope_segment,Debentures and Bonds
bse_all,975881,out_of_scope_segment,Debentures and Bonds
bse_all,975882,out_of_scope_segment,Debentures and Bonds
bse_all,975883,out_of_scope_segment,Debentures and Bonds
bse_all,975884,out_of_scope_segment,Debentures and Bonds
bse_all,975885,out_of_scope_segment,Debentures and Bonds
bse_all,975886,out_of_scope_segment,Debentures and Bonds
bse_all,975888,out_of_scope_segment,Debentures and Bonds
bse_all,975889,out_of_scope_segment,Debentures and Bonds
bse_all,975890,out_of_scope_segment,Debentures and Bonds
bse_all,975891,out_of_scope_segment,Debentures and Bonds
bse_all,975892,out_of_scope_segment,Debentures and Bonds
bse_all,975893,out_of_scope_segment,Debentures and Bonds
bse_all,975894,out_of_scope_segment,Debentures and Bonds
bse_all,975895,out_of_scope_segment,Debentures and Bonds
bse_all,975897,out_of_scope_segment,Debentures and Bonds
bse_all,975898,out_of_scope_segment,Debentures and Bonds
bse_all,975899,out_of_scope_segment,Debentures and Bonds
bse_all,975900,out_of_scope_segment,Debentures and Bonds
bse_all,975901,out_of_scope_segment,Debentures and Bonds
bse_all,975902,out_of_scope_segment,Debentures and Bonds
bse_all,975904,out_of_scope_segment,Debentures and Bonds
bse_all,975905,out_of_scope_segment,Debentures and Bonds
bse_all,975907,out_of_scope_segment,Debentures and Bonds
bse_all,975910,out_of_scope_segment,Debentures and Bonds
bse_all,975913,out_of_scope_segment,Debentures and Bonds
bse_all,975918,out_of_scope_segment,Debentures and Bonds
bse_all,975920,out_of_scope_segment,Debentures and Bonds
bse_all,975921,out_of_scope_segment,Debentures and Bonds
bse_all,975922,out_of_scope_segment,Debentures and Bonds
bse_all,975923,out_of_scope_segment,Debentures and Bonds
bse_all,975924,out_of_scope_segment,Debentures and Bonds
bse_all,975925,out_of_scope_segment,Debentures and Bonds
bse_all,975929,out_of_scope_segment,Debentures and Bonds
bse_all,975930,out_of_scope_segment,Debentures and Bonds
bse_all,975933,out_of_scope_segment,Debentures and Bonds
bse_all,975934,out_of_scope_segment,Debentures and Bonds
bse_all,975935,out_of_scope_segment,Debentures and Bonds
bse_all,975936,out_of_scope_segment,Debentures and Bonds
bse_all,975937,out_of_scope_segment,Debentures and Bonds
bse_all,975939,out_of_scope_segment,Debentures and Bonds
bse_all,975940,out_of_scope_segment,Debentures and Bonds
bse_all,975948,out_of_scope_segment,Debentures and Bonds
bse_all,975949,out_of_scope_segment,Debentures and Bonds
bse_all,975950,out_of_scope_segment,Debentures and Bonds
bse_all,975952,out_of_scope_segment,Debentures and Bonds
bse_all,975953,out_of_scope_segment,Debentures and Bonds
bse_all,975955,out_of_scope_segment,Debentures and Bonds
bse_all,975956,out_of_scope_segment,Debentures and Bonds
bse_all,975957,out_of_scope_segment,Debentures and Bonds
bse_all,975958,out_of_scope_segment,Debentures and Bonds
bse_all,975959,out_of_scope_segment,Debentures and Bonds
bse_all,975960,out_of_scope_segment,Debentures and Bonds
bse_all,975964,out_of_scope_segment,Debentures and Bonds
bse_all,975965,out_of_scope_segment,Debentures and Bonds
bse_all,975967,out_of_scope_segment,Debentures and Bonds
bse_all,975968,out_of_scope_segment,Debentures and Bonds
bse_all,975969,out_of_scope_segment,Debentures and Bonds
bse_all,975971,out_of_scope_segment,Debentures and Bonds
bse_all,975972,out_of_scope_segment,Debentures and Bonds
bse_all,975973,out_of_scope_segment,Debentures and Bonds
bse_all,975974,out_of_scope_segment,Debentures and Bonds
bse_all,975976,out_of_scope_segment,Debentures and Bonds
bse_all,975978,out_of_scope_segment,Debentures and Bonds
bse_all,975980,out_of_scope_segment,Debentures and Bonds
bse_all,975981,out_of_scope_segment,Debentures and Bonds
bse_all,975983,out_of_scope_segment,Debentures and Bonds
bse_all,975984,out_of_scope_segment,Debentures and Bonds
bse_all,975985,out_of_scope_segment,Debentures and Bonds
bse_all,975986,out_of_scope_segment,Debentures and Bonds
bse_all,975987,out_of_scope_segment,Debentures and Bonds
bse_all,975988,out_of_scope_segment,Debentures and Bonds
bse_all,975989,out_of_scope_segment,Debentures and Bonds
bse_all,975990,out_of_scope_segment,Debentures and Bonds
bse_all,975992,out_of_scope_segment,Debentures and Bonds
bse_all,975993,out_of_scope_segment,Debentures and Bonds
bse_all,975994,out_of_scope_segment,Debentures and Bonds
bse_all,975995,out_of_scope_segment,Debentures and Bonds
bse_all,975996,out_of_scope_segment,Debentures and Bonds
bse_all,975997,out_of_scope_segment,Debentures and Bonds
bse_all,975999,out_of_scope_segment,Debentures and Bonds
bse_all,976000,out_of_scope_segment,Debentures and Bonds
bse_all,976001,out_of_scope_segment,Debentures and Bonds
bse_all,976002,out_of_scope_segment,Debentures and Bonds
bse_all,976003,out_of_scope_segment,Debentures and Bonds
bse_all,976004,out_of_scope_segment,Debentures and Bonds
bse_all,976005,out_of_scope_segment,Debentures and Bonds
bse_all,976007,out_of_scope_segment,Debentures and Bonds
bse_all,976011,out_of_scope_segment,Debentures and Bonds
bse_all,976012,out_of_scope_segment,Debentures and Bonds
bse_all,976018,out_of_scope_segment,Debentures and Bonds
bse_all,976020,out_of_scope_segment,Debentures and Bonds
bse_all,976021,out_of_scope_segment,Debentures and Bonds
bse_all,976025,out_of_scope_segment,Debentures and Bonds
bse_all,976026,out_of_scope_segment,Debentures and Bonds
bse_all,976027,out_of_scope_segment,Debentures and Bonds
bse_all,976028,out_of_scope_segment,Debentures and Bonds
bse_all,976029,out_of_scope_segment,Debentures and Bonds
bse_all,976030,out_of_scope_segment,Debentures and Bonds
bse_all,976031,out_of_scope_segment,Debentures and Bonds
bse_all,976032,out_of_scope_segment,Debentures and Bonds
bse_all,976033,out_of_scope_segment,Debentures and Bonds
bse_all,976034,out_of_scope_segment,Debentures and Bonds
bse_all,976036,out_of_scope_segment,Debentures and Bonds
bse_all,976037,out_of_scope_segment,Debentures and Bonds
bse_all,976038,out_of_scope_segment,Debentures and Bonds
bse_all,976039,out_of_scope_segment,Debentures and Bonds
bse_all,976040,out_of_scope_segment,Debentures and Bonds
bse_all,976041,out_of_scope_segment,Debentures and Bonds
bse_all,976042,out_of_scope_segment,Debentures and Bonds
bse_all,976043,out_of_scope_segment,Debentures and Bonds
bse_all,976045,out_of_scope_segment,Debentures and Bonds
bse_all,976046,out_of_scope_segment,Debentures and Bonds
bse_all,976047,out_of_scope_segment,Debentures and Bonds
bse_all,976048,out_of_scope_segment,Debentures and Bonds
bse_all,976049,out_of_scope_segment,Debentures and Bonds
bse_all,976051,out_of_scope_segment,Debentures and Bonds
bse_all,976052,out_of_scope_segment,Debentures and Bonds
bse_all,976053,out_of_scope_segment,Debentures and Bonds
bse_all,976057,out_of_scope_segment,Debentures and Bonds
bse_all,976058,out_of_scope_segment,Debentures and Bonds
bse_all,976059,out_of_scope_segment,Debentures and Bonds
bse_all,976061,out_of_scope_segment,Debentures and Bonds
bse_all,976062,out_of_scope_segment,Debentures and Bonds
bse_all,976064,out_of_scope_segment,Debentures and Bonds
bse_all,976065,out_of_scope_segment,Debentures and Bonds
bse_all,976066,out_of_scope_segment,Debentures and Bonds
bse_all,976067,out_of_scope_segment,Debentures and Bonds
bse_all,976068,out_of_scope_segment,Debentures and Bonds
bse_all,976069,out_of_scope_segment,Debentures and Bonds
bse_all,976071,out_of_scope_segment,Debentures and Bonds
bse_all,976072,out_of_scope_segment,Debentures and Bonds
bse_all,976073,out_of_scope_segment,Debentures and Bonds
bse_all,976074,out_of_scope_segment,Debentures and Bonds
bse_all,976075,out_of_scope_segment,Debentures and Bonds
bse_all,976076,out_of_scope_segment,Debentures and Bonds
bse_all,976077,out_of_scope_segment,Debentures and Bonds
bse_all,976078,out_of_scope_segment,Debentures and Bonds
bse_all,976079,out_of_scope_segment,Debentures and Bonds
bse_all,976080,out_of_scope_segment,Debentures and Bonds
bse_all,976081,out_of_scope_segment,Debentures and Bonds
bse_all,976083,out_of_scope_segment,Debentures and Bonds
bse_all,976084,out_of_scope_segment,Debentures and Bonds
bse_all,976085,out_of_scope_segment,Debentures and Bonds
bse_all,976086,out_of_scope_segment,Debentures and Bonds
bse_all,976087,out_of_scope_segment,Debentures and Bonds
bse_all,976088,out_of_scope_segment,Debentures and Bonds
bse_all,976089,out_of_scope_segment,Debentures and Bonds
bse_all,976090,out_of_scope_segment,Debentures and Bonds
bse_all,976091,out_of_scope_segment,Debentures and Bonds
bse_all,976092,out_of_scope_segment,Debentures and Bonds
bse_all,976093,out_of_scope_segment,Debentures and Bonds
bse_all,976094,out_of_scope_segment,Debentures and Bonds
bse_all,976095,out_of_scope_segment,Debentures and Bonds
bse_all,976096,out_of_scope_segment,Debentures and Bonds
bse_all,976098,out_of_scope_segment,Debentures and Bonds
bse_all,976099,out_of_scope_segment,Debentures and Bonds
bse_all,976100,out_of_scope_segment,Debentures and Bonds
bse_all,976103,out_of_scope_segment,Debentures and Bonds
bse_all,976104,out_of_scope_segment,Debentures and Bonds
bse_all,976105,out_of_scope_segment,Debentures and Bonds
bse_all,976106,out_of_scope_segment,Debentures and Bonds
bse_all,976107,out_of_scope_segment,Debentures and Bonds
bse_all,976108,out_of_scope_segment,Debentures and Bonds
bse_all,976109,out_of_scope_segment,Debentures and Bonds
bse_all,976110,out_of_scope_segment,Debentures and Bonds
bse_all,976114,out_of_scope_segment,Debentures and Bonds
bse_all,976115,out_of_scope_segment,Debentures and Bonds
bse_all,976116,out_of_scope_segment,Debentures and Bonds
bse_all,976118,out_of_scope_segment,Debentures and Bonds
bse_all,976119,out_of_scope_segment,Debentures and Bonds
bse_all,976120,out_of_scope_segment,Debentures and Bonds
bse_all,976121,out_of_scope_segment,Debentures and Bonds
bse_all,976122,out_of_scope_segment,Debentures and Bonds
bse_all,976123,out_of_scope_segment,Debentures and Bonds
bse_all,976124,out_of_scope_segment,Debentures and Bonds
bse_all,976125,out_of_scope_segment,Debentures and Bonds
bse_all,976127,out_of_scope_segment,Debentures and Bonds
bse_all,976128,out_of_scope_segment,Debentures and Bonds
bse_all,976129,out_of_scope_segment,Debentures and Bonds
bse_all,976130,out_of_scope_segment,Debentures and Bonds
bse_all,976131,out_of_scope_segment,Debentures and Bonds
bse_all,976132,out_of_scope_segment,Debentures and Bonds
bse_all,976133,out_of_scope_segment,Debentures and Bonds
bse_all,976134,out_of_scope_segment,Debentures and Bonds
bse_all,976136,out_of_scope_segment,Debentures and Bonds
bse_all,976137,out_of_scope_segment,Debentures and Bonds
bse_all,976139,out_of_scope_segment,Debentures and Bonds
bse_all,976141,out_of_scope_segment,Debentures and Bonds
bse_all,976142,out_of_scope_segment,Debentures and Bonds
bse_all,976143,out_of_scope_segment,Debentures and Bonds
bse_all,976144,out_of_scope_segment,Debentures and Bonds
bse_all,976145,out_of_scope_segment,Debentures and Bonds
bse_all,976146,out_of_scope_segment,Debentures and Bonds
bse_all,976148,out_of_scope_segment,Debentures and Bonds
bse_all,976149,out_of_scope_segment,Debentures and Bonds
bse_all,976150,out_of_scope_segment,Debentures and Bonds
bse_all,976151,out_of_scope_segment,Debentures and Bonds
bse_all,976152,out_of_scope_segment,Debentures and Bonds
bse_all,976153,out_of_scope_segment,Debentures and Bonds
bse_all,976156,out_of_scope_segment,Debentures and Bonds
bse_all,976158,out_of_scope_segment,Debentures and Bonds
bse_all,976159,out_of_scope_segment,Debentures and Bonds
bse_all,976161,out_of_scope_segment,Debentures and Bonds
bse_all,976162,out_of_scope_segment,Debentures and Bonds
bse_all,976163,out_of_scope_segment,Debentures and Bonds
bse_all,976164,out_of_scope_segment,Debentures and Bonds
bse_all,976165,out_of_scope_segment,Debentures and Bonds
bse_all,976166,out_of_scope_segment,Debentures and Bonds
bse_all,976167,out_of_scope_segment,Debentures and Bonds
bse_all,976168,out_of_scope_segment,Debentures and Bonds
bse_all,976169,out_of_scope_segment,Debentures and Bonds
bse_all,976170,out_of_scope_segment,Debentures and Bonds
bse_all,976171,out_of_scope_segment,Debentures and Bonds
bse_all,976172,out_of_scope_segment,Debentures and Bonds
bse_all,976173,out_of_scope_segment,Debentures and Bonds
bse_all,976174,out_of_scope_segment,Debentures and Bonds
bse_all,976175,out_of_scope_segment,Debentures and Bonds
bse_all,976176,out_of_scope_segment,Debentures and Bonds
bse_all,976177,out_of_scope_segment,Debentures and Bonds
bse_all,976178,out_of_scope_segment,Debentures and Bonds
bse_all,976179,out_of_scope_segment,Debentures and Bonds
bse_all,976180,out_of_scope_segment,Debentures and Bonds
bse_all,976183,out_of_scope_segment,Debentures and Bonds
bse_all,976184,out_of_scope_segment,Debentures and Bonds
bse_all,976186,out_of_scope_segment,Debentures and Bonds
bse_all,976187,out_of_scope_segment,Debentures and Bonds
bse_all,976189,out_of_scope_segment,Debentures and Bonds
bse_all,976193,out_of_scope_segment,Debentures and Bonds
bse_all,976194,out_of_scope_segment,Debentures and Bonds
bse_all,976195,out_of_scope_segment,Debentures and Bonds
bse_all,976196,out_of_scope_segment,Debentures and Bonds
bse_all,976198,out_of_scope_segment,Debentures and Bonds
bse_all,976199,out_of_scope_segment,Debentures and Bonds
bse_all,976200,out_of_scope_segment,Debentures and Bonds
bse_all,976201,out_of_scope_segment,Debentures and Bonds
bse_all,976202,out_of_scope_segment,Debentures and Bonds
bse_all,976203,out_of_scope_segment,Debentures and Bonds
bse_all,976205,out_of_scope_segment,Debentures and Bonds
bse_all,976206,out_of_scope_segment,Debentures and Bonds
bse_all,976207,out_of_scope_segment,Debentures and Bonds
bse_all,976208,out_of_scope_segment,Debentures and Bonds
bse_all,976209,out_of_scope_segment,Debentures and Bonds
bse_all,976211,out_of_scope_segment,Debentures and Bonds
bse_all,976212,out_of_scope_segment,Debentures and Bonds
bse_all,976213,out_of_scope_segment,Debentures and Bonds
bse_all,976214,out_of_scope_segment,Debentures and Bonds
bse_all,976215,out_of_scope_segment,Debentures and Bonds
bse_all,976218,out_of_scope_segment,Debentures and Bonds
bse_all,976219,out_of_scope_segment,Debentures and Bonds
bse_all,976220,out_of_scope_segment,Debentures and Bonds
bse_all,976221,out_of_scope_segment,Debentures and Bonds
bse_all,976222,out_of_scope_segment,Debentures and Bonds
bse_all,976223,out_of_scope_segment,Debentures and Bonds
bse_all,976224,out_of_scope_segment,Debentures and Bonds
bse_all,976226,out_of_scope_segment,Debentures and Bonds
bse_all,976227,out_of_scope_segment,Debentures and Bonds
bse_all,976228,out_of_scope_segment,Debentures and Bonds
bse_all,976229,out_of_scope_segment,Debentures and Bonds
bse_all,976230,out_of_scope_segment,Debentures and Bonds
bse_all,976232,out_of_scope_segment,Debentures and Bonds
bse_all,976233,out_of_scope_segment,Debentures and Bonds
bse_all,976234,out_of_scope_segment,Debentures and Bonds
bse_all,976235,out_of_scope_segment,Debentures and Bonds
bse_all,976236,out_of_scope_segment,Debentures and Bonds
bse_all,976237,out_of_scope_segment,Debentures and Bonds
bse_all,976238,out_of_scope_segment,Debentures and Bonds
bse_all,976240,out_of_scope_segment,Debentures and Bonds
bse_all,976241,out_of_scope_segment,Debentures and Bonds
bse_all,976242,out_of_scope_segment,Debentures and Bonds
bse_all,976243,out_of_scope_segment,Debentures and Bonds
bse_all,976244,out_of_scope_segment,Debentures and Bonds
bse_all,976245,out_of_scope_segment,Debentures and Bonds
bse_all,976246,out_of_scope_segment,Debentures and Bonds
bse_all,976247,out_of_scope_segment,Debentures and Bonds
bse_all,976248,out_of_scope_segment,Debentures and Bonds
bse_all,976249,out_of_scope_segment,Debentures and Bonds
bse_all,976250,out_of_scope_segment,Debentures and Bonds
bse_all,976251,out_of_scope_segment,Debentures and Bonds
bse_all,976252,out_of_scope_segment,Debentures and Bonds
bse_all,976253,out_of_scope_segment,Debentures and Bonds
bse_all,976254,out_of_scope_segment,Debentures and Bonds
bse_all,976255,out_of_scope_segment,Debentures and Bonds
bse_all,976256,out_of_scope_segment,Debentures and Bonds
bse_all,976257,out_of_scope_segment,Debentures and Bonds
bse_all,976258,out_of_scope_segment,Debentures and Bonds
bse_all,976259,out_of_scope_segment,Debentures and Bonds
bse_all,976261,out_of_scope_segment,Debentures and Bonds
bse_all,976262,out_of_scope_segment,Debentures and Bonds
bse_all,976264,out_of_scope_segment,Debentures and Bonds
bse_all,976265,out_of_scope_segment,Debentures and Bonds
bse_all,976266,out_of_scope_segment,Debentures and Bonds
bse_all,976267,out_of_scope_segment,Debentures and Bonds
bse_all,976268,out_of_scope_segment,Debentures and Bonds
bse_all,976269,out_of_scope_segment,Debentures and Bonds
bse_all,976270,out_of_scope_segment,Debentures and Bonds
bse_all,976271,out_of_scope_segment,Debentures and Bonds
bse_all,976272,out_of_scope_segment,Debentures and Bonds
bse_all,976273,out_of_scope_segment,Debentures and Bonds
bse_all,976275,out_of_scope_segment,Debentures and Bonds
bse_all,976277,out_of_scope_segment,Debentures and Bonds
bse_all,976278,out_of_scope_segment,Debentures and Bonds
bse_all,976279,out_of_scope_segment,Debentures and Bonds
bse_all,976280,out_of_scope_segment,Debentures and Bonds
bse_all,976281,out_of_scope_segment,Debentures and Bonds
bse_all,976283,out_of_scope_segment,Debentures and Bonds
bse_all,976284,out_of_scope_segment,Debentures and Bonds
bse_all,976285,out_of_scope_segment,Debentures and Bonds
bse_all,976286,out_of_scope_segment,Debentures and Bonds
bse_all,976287,out_of_scope_segment,Debentures and Bonds
bse_all,976288,out_of_scope_segment,Debentures and Bonds
bse_all,976289,out_of_scope_segment,Debentures and Bonds
bse_all,976290,out_of_scope_segment,Debentures and Bonds
bse_all,976291,out_of_scope_segment,Debentures and Bonds
bse_all,976292,out_of_scope_segment,Debentures and Bonds
bse_all,976293,out_of_scope_segment,Debentures and Bonds
bse_all,976294,out_of_scope_segment,Debentures and Bonds
bse_all,976295,out_of_scope_segment,Debentures and Bonds
bse_all,976296,out_of_scope_segment,Debentures and Bonds
bse_all,976297,out_of_scope_segment,Debentures and Bonds
bse_all,976298,out_of_scope_segment,Debentures and Bonds
bse_all,976299,out_of_scope_segment,Debentures and Bonds
bse_all,976300,out_of_scope_segment,Debentures and Bonds
bse_all,976301,out_of_scope_segment,Debentures and Bonds
bse_all,976302,out_of_scope_segment,Debentures and Bonds
bse_all,976303,out_of_scope_segment,Debentures and Bonds
bse_all,976304,out_of_scope_segment,Debentures and Bonds
bse_all,976305,out_of_scope_segment,Debentures and Bonds
bse_all,976306,out_of_scope_segment,Debentures and Bonds
bse_all,976307,out_of_scope_segment,Debentures and Bonds
bse_all,976308,out_of_scope_segment,Debentures and Bonds
bse_all,976311,out_of_scope_segment,Debentures and Bonds
bse_all,976312,out_of_scope_segment,Debentures and Bonds
bse_all,976313,out_of_scope_segment,Debentures and Bonds
bse_all,976315,out_of_scope_segment,Debentures and Bonds
bse_all,976316,out_of_scope_segment,Debentures and Bonds
bse_all,976317,out_of_scope_segment,Debentures and Bonds
bse_all,976320,out_of_scope_segment,Debentures and Bonds
bse_all,976321,out_of_scope_segment,Debentures and Bonds
bse_all,976322,out_of_scope_segment,Debentures and Bonds
bse_all,976323,out_of_scope_segment,Debentures and Bonds
bse_all,976324,out_of_scope_segment,Debentures and Bonds
bse_all,976325,out_of_scope_segment,Debentures and Bonds
bse_all,976326,out_of_scope_segment,Debentures and Bonds
bse_all,976327,out_of_scope_segment,Debentures and Bonds
bse_all,976328,out_of_scope_segment,Debentures and Bonds
bse_all,976329,out_of_scope_segment,Debentures and Bonds
bse_all,976330,out_of_scope_segment,Debentures and Bonds
bse_all,976331,out_of_scope_segment,Debentures and Bonds
bse_all,976332,out_of_scope_segment,Debentures and Bonds
bse_all,976333,out_of_scope_segment,Debentures and Bonds
bse_all,976334,out_of_scope_segment,Debentures and Bonds
bse_all,976335,out_of_scope_segment,Debentures and Bonds
bse_all,976336,out_of_scope_segment,Debentures and Bonds
bse_all,976337,out_of_scope_segment,Debentures and Bonds
bse_all,976338,out_of_scope_segment,Debentures and Bonds
bse_all,976340,out_of_scope_segment,Debentures and Bonds
bse_all,976342,out_of_scope_segment,Debentures and Bonds
bse_all,976343,out_of_scope_segment,Debentures and Bonds
bse_all,976344,out_of_scope_segment,Debentures and Bonds
bse_all,976346,out_of_scope_segment,Debentures and Bonds
bse_all,976347,out_of_scope_segment,Debentures and Bonds
bse_all,976349,out_of_scope_segment,Debentures and Bonds
bse_all,976350,out_of_scope_segment,Debentures and Bonds
bse_all,976352,out_of_scope_segment,Debentures and Bonds
bse_all,976353,out_of_scope_segment,Debentures and Bonds
bse_all,976354,out_of_scope_segment,Debentures and Bonds
bse_all,976355,out_of_scope_segment,Debentures and Bonds
bse_all,976356,out_of_scope_segment,Debentures and Bonds
bse_all,976357,out_of_scope_segment,Debentures and Bonds
bse_all,976358,out_of_scope_segment,Debentures and Bonds
bse_all,976359,out_of_scope_segment,Debentures and Bonds
bse_all,976361,out_of_scope_segment,Debentures and Bonds
bse_all,976362,out_of_scope_segment,Debentures and Bonds
bse_all,976363,out_of_scope_segment,Debentures and Bonds
bse_all,976364,out_of_scope_segment,Debentures and Bonds
bse_all,976365,out_of_scope_segment,Debentures and Bonds
bse_all,976366,out_of_scope_segment,Debentures and Bonds
bse_all,976367,out_of_scope_segment,Debentures and Bonds
bse_all,976368,out_of_scope_segment,Debentures and Bonds
bse_all,976369,out_of_scope_segment,Debentures and Bonds
bse_all,976370,out_of_scope_segment,Debentures and Bonds
bse_all,976371,out_of_scope_segment,Debentures and Bonds
bse_all,976372,out_of_scope_segment,Debentures and Bonds
bse_all,976373,out_of_scope_segment,Debentures and Bonds
bse_all,976374,out_of_scope_segment,Debentures and Bonds
bse_all,976375,out_of_scope_segment,Debentures and Bonds
bse_all,976376,out_of_scope_segment,Debentures and Bonds
bse_all,976377,out_of_scope_segment,Debentures and Bonds
bse_all,976378,out_of_scope_segment,Debentures and Bonds
bse_all,976379,out_of_scope_segment,Debentures and Bonds
bse_all,976380,out_of_scope_segment,Debentures and Bonds
bse_all,976381,out_of_scope_segment,Debentures and Bonds
bse_all,976383,out_of_scope_segment,Debentures and Bonds
bse_all,976384,out_of_scope_segment,Debentures and Bonds
bse_all,976385,out_of_scope_segment,Debentures and Bonds
bse_all,976386,out_of_scope_segment,Debentures and Bonds
bse_all,976387,out_of_scope_segment,Debentures and Bonds
bse_all,976388,out_of_scope_segment,Debentures and Bonds
bse_all,976389,out_of_scope_segment,Debentures and Bonds
bse_all,976390,out_of_scope_segment,Debentures and Bonds
bse_all,976393,out_of_scope_segment,Debentures and Bonds
bse_all,976394,out_of_scope_segment,Debentures and Bonds
bse_all,976395,out_of_scope_segment,Debentures and Bonds
bse_all,976396,out_of_scope_segment,Debentures and Bonds
bse_all,976397,out_of_scope_segment,Debentures and Bonds
bse_all,976398,out_of_scope_segment,Debentures and Bonds
bse_all,976400,out_of_scope_segment,Debentures and Bonds
bse_all,976401,out_of_scope_segment,Debentures and Bonds
bse_all,976402,out_of_scope_segment,Debentures and Bonds
bse_all,976403,out_of_scope_segment,Debentures and Bonds
bse_all,976404,out_of_scope_segment,Debentures and Bonds
bse_all,976405,out_of_scope_segment,Debentures and Bonds
bse_all,976406,out_of_scope_segment,Debentures and Bonds
bse_all,976407,out_of_scope_segment,Debentures and Bonds
bse_all,976409,out_of_scope_segment,Debentures and Bonds
bse_all,976410,out_of_scope_segment,Debentures and Bonds
bse_all,976411,out_of_scope_segment,Debentures and Bonds
bse_all,976412,out_of_scope_segment,Debentures and Bonds
bse_all,976413,out_of_scope_segment,Debentures and Bonds
bse_all,976414,out_of_scope_segment,Debentures and Bonds
bse_all,976416,out_of_scope_segment,Debentures and Bonds
bse_all,976417,out_of_scope_segment,Debentures and Bonds
bse_all,976418,out_of_scope_segment,Debentures and Bonds
bse_all,976419,out_of_scope_segment,Debentures and Bonds
bse_all,976420,out_of_scope_segment,Debentures and Bonds
bse_all,976421,out_of_scope_segment,Debentures and Bonds
bse_all,976422,out_of_scope_segment,Debentures and Bonds
bse_all,976424,out_of_scope_segment,Debentures and Bonds
bse_all,976425,out_of_scope_segment,Debentures and Bonds
bse_all,976426,out_of_scope_segment,Debentures and Bonds
bse_all,976427,out_of_scope_segment,Debentures and Bonds
bse_all,976428,out_of_scope_segment,Debentures and Bonds
bse_all,976429,out_of_scope_segment,Debentures and Bonds
bse_all,976430,out_of_scope_segment,Debentures and Bonds
bse_all,976431,out_of_scope_segment,Debentures and Bonds
bse_all,976432,out_of_scope_segment,Debentures and Bonds
bse_all,976433,out_of_scope_segment,Debentures and Bonds
bse_all,976434,out_of_scope_segment,Debentures and Bonds
bse_all,976435,out_of_scope_segment,Debentures and Bonds
bse_all,976436,out_of_scope_segment,Debentures and Bonds
bse_all,976437,out_of_scope_segment,Debentures and Bonds
bse_all,976438,out_of_scope_segment,Debentures and Bonds
bse_all,976439,out_of_scope_segment,Debentures and Bonds
bse_all,976440,out_of_scope_segment,Debentures and Bonds
bse_all,976443,out_of_scope_segment,Debentures and Bonds
bse_all,976444,out_of_scope_segment,Debentures and Bonds
bse_all,976445,out_of_scope_segment,Debentures and Bonds
bse_all,976448,out_of_scope_segment,Debentures and Bonds
bse_all,976449,out_of_scope_segment,Debentures and Bonds
bse_all,976450,out_of_scope_segment,Debentures and Bonds
bse_all,976451,out_of_scope_segment,Debentures and Bonds
bse_all,976452,out_of_scope_segment,Debentures and Bonds
bse_all,976453,out_of_scope_segment,Debentures and Bonds
bse_all,976454,out_of_scope_segment,Debentures and Bonds
bse_all,976455,out_of_scope_segment,Debentures and Bonds
bse_all,976456,out_of_scope_segment,Debentures and Bonds
bse_all,976457,out_of_scope_segment,Debentures and Bonds
bse_all,976458,out_of_scope_segment,Debentures and Bonds
bse_all,976459,out_of_scope_segment,Debentures and Bonds
bse_all,976462,out_of_scope_segment,Debentures and Bonds
bse_all,976463,out_of_scope_segment,Debentures and Bonds
bse_all,976464,out_of_scope_segment,Debentures and Bonds
bse_all,976465,out_of_scope_segment,Debentures and Bonds
bse_all,976466,out_of_scope_segment,Debentures and Bonds
bse_all,976467,out_of_scope_segment,Debentures and Bonds
bse_all,976468,out_of_scope_segment,Debentures and Bonds
bse_all,976469,out_of_scope_segment,Debentures and Bonds
bse_all,976471,out_of_scope_segment,Debentures and Bonds
bse_all,976472,out_of_scope_segment,Debentures and Bonds
bse_all,976473,out_of_scope_segment,Debentures and Bonds
bse_all,976474,out_of_scope_segment,Debentures and Bonds
bse_all,976475,out_of_scope_segment,Debentures and Bonds
bse_all,976476,out_of_scope_segment,Debentures and Bonds
bse_all,976477,out_of_scope_segment,Debentures and Bonds
bse_all,976478,out_of_scope_segment,Debentures and Bonds
bse_all,976479,out_of_scope_segment,Debentures and Bonds
bse_all,976480,out_of_scope_segment,Debentures and Bonds
bse_all,976481,out_of_scope_segment,Debentures and Bonds
bse_all,976483,out_of_scope_segment,Debentures and Bonds
bse_all,976484,out_of_scope_segment,Debentures and Bonds
bse_all,976485,out_of_scope_segment,Debentures and Bonds
bse_all,976486,out_of_scope_segment,Debentures and Bonds
bse_all,976487,out_of_scope_segment,Debentures and Bonds
bse_all,976488,out_of_scope_segment,Debentures and Bonds
bse_all,976489,out_of_scope_segment,Debentures and Bonds
bse_all,976490,out_of_scope_segment,Debentures and Bonds
bse_all,976491,out_of_scope_segment,Debentures and Bonds
bse_all,976492,out_of_scope_segment,Debentures and Bonds
bse_all,976493,out_of_scope_segment,Debentures and Bonds
bse_all,976494,out_of_scope_segment,Debentures and Bonds
bse_all,976496,out_of_scope_segment,Debentures and Bonds
bse_all,976497,out_of_scope_segment,Debentures and Bonds
bse_all,976499,out_of_scope_segment,Debentures and Bonds
bse_all,976500,out_of_scope_segment,Debentures and Bonds
bse_all,976501,out_of_scope_segment,Debentures and Bonds
bse_all,976502,out_of_scope_segment,Debentures and Bonds
bse_all,976504,out_of_scope_segment,Debentures and Bonds
bse_all,976505,out_of_scope_segment,Debentures and Bonds
bse_all,976506,out_of_scope_segment,Debentures and Bonds
bse_all,976507,out_of_scope_segment,Debentures and Bonds
bse_all,976508,out_of_scope_segment,Debentures and Bonds
bse_all,976509,out_of_scope_segment,Debentures and Bonds
bse_all,976510,out_of_scope_segment,Debentures and Bonds
bse_all,976511,out_of_scope_segment,Debentures and Bonds
bse_all,976512,out_of_scope_segment,Debentures and Bonds
bse_all,976513,out_of_scope_segment,Debentures and Bonds
bse_all,976515,out_of_scope_segment,Debentures and Bonds
bse_all,976516,out_of_scope_segment,Debentures and Bonds
bse_all,976517,out_of_scope_segment,Debentures and Bonds
bse_all,976518,out_of_scope_segment,Debentures and Bonds
bse_all,976519,out_of_scope_segment,Debentures and Bonds
bse_all,976520,out_of_scope_segment,Debentures and Bonds
bse_all,976521,out_of_scope_segment,Debentures and Bonds
bse_all,976522,out_of_scope_segment,Debentures and Bonds
bse_all,976523,out_of_scope_segment,Debentures and Bonds
bse_all,976524,out_of_scope_segment,Debentures and Bonds
bse_all,976525,out_of_scope_segment,Debentures and Bonds
bse_all,976526,out_of_scope_segment,Debentures and Bonds
bse_all,976527,out_of_scope_segment,Debentures and Bonds
bse_all,976528,out_of_scope_segment,Debentures and Bonds
bse_all,976529,out_of_scope_segment,Debentures and Bonds
bse_all,976530,out_of_scope_segment,Debentures and Bonds
bse_all,976531,out_of_scope_segment,Debentures and Bonds
bse_all,976532,out_of_scope_segment,Debentures and Bonds
bse_all,976533,out_of_scope_segment,Debentures and Bonds
bse_all,976534,out_of_scope_segment,Debentures and Bonds
bse_all,976535,out_of_scope_segment,Debentures and Bonds
bse_all,976537,out_of_scope_segment,Debentures and Bonds
bse_all,976538,out_of_scope_segment,Debentures and Bonds
bse_all,976539,out_of_scope_segment,Debentures and Bonds
bse_all,976540,out_of_scope_segment,Debentures and Bonds
bse_all,976541,out_of_scope_segment,Debentures and Bonds
bse_all,976542,out_of_scope_segment,Debentures and Bonds
bse_all,976543,out_of_scope_segment,Debentures and Bonds
bse_all,976544,out_of_scope_segment,Debentures and Bonds
bse_all,976545,out_of_scope_segment,Debentures and Bonds
bse_all,976546,out_of_scope_segment,Debentures and Bonds
bse_all,976547,out_of_scope_segment,Debentures and Bonds
bse_all,976548,out_of_scope_segment,Debentures and Bonds
bse_all,976549,out_of_scope_segment,Debentures and Bonds
bse_all,976550,out_of_scope_segment,Debentures and Bonds
bse_all,976551,out_of_scope_segment,Debentures and Bonds
bse_all,976552,out_of_scope_segment,Debentures and Bonds
bse_all,976553,out_of_scope_segment,Debentures and Bonds
bse_all,976554,out_of_scope_segment,Debentures and Bonds
bse_all,976555,out_of_scope_segment,Debentures and Bonds
bse_all,976556,out_of_scope_segment,Debentures and Bonds
bse_all,976557,out_of_scope_segment,Debentures and Bonds
bse_all,976558,out_of_scope_segment,Debentures and Bonds
bse_all,976559,out_of_scope_segment,Debentures and Bonds
bse_all,976560,out_of_scope_segment,Debentures and Bonds
bse_all,976561,out_of_scope_segment,Debentures and Bonds
bse_all,976562,out_of_scope_segment,Debentures and Bonds
bse_all,976563,out_of_scope_segment,Debentures and Bonds
bse_all,976564,out_of_scope_segment,Debentures and Bonds
bse_all,976565,out_of_scope_segment,Debentures and Bonds
bse_all,976566,out_of_scope_segment,Debentures and Bonds
bse_all,976567,out_of_scope_segment,Debentures and Bonds
bse_all,976568,out_of_scope_segment,Debentures and Bonds
bse_all,976569,out_of_scope_segment,Debentures and Bonds
bse_all,976570,out_of_scope_segment,Debentures and Bonds
bse_all,976572,out_of_scope_segment,Debentures and Bonds
bse_all,976573,out_of_scope_segment,Debentures and Bonds
bse_all,976574,out_of_scope_segment,Debentures and Bonds
bse_all,976575,out_of_scope_segment,Debentures and Bonds
bse_all,976576,out_of_scope_segment,Debentures and Bonds
bse_all,976577,out_of_scope_segment,Debentures and Bonds
bse_all,976578,out_of_scope_segment,Debentures and Bonds
bse_all,976579,out_of_scope_segment,Debentures and Bonds
bse_all,976580,out_of_scope_segment,Debentures and Bonds
bse_all,976581,out_of_scope_segment,Debentures and Bonds
bse_all,976582,out_of_scope_segment,Debentures and Bonds
bse_all,976583,out_of_scope_segment,Debentures and Bonds
bse_all,976584,out_of_scope_segment,Debentures and Bonds
bse_all,976586,out_of_scope_segment,Debentures and Bonds
bse_all,976587,out_of_scope_segment,Debentures and Bonds
bse_all,976589,out_of_scope_segment,Debentures and Bonds
bse_all,976590,out_of_scope_segment,Debentures and Bonds
bse_all,976591,out_of_scope_segment,Debentures and Bonds
bse_all,976592,out_of_scope_segment,Debentures and Bonds
bse_all,976593,out_of_scope_segment,Debentures and Bonds
bse_all,976594,out_of_scope_segment,Debentures and Bonds
bse_all,976595,out_of_scope_segment,Debentures and Bonds
bse_all,976597,out_of_scope_segment,Debentures and Bonds
bse_all,976598,out_of_scope_segment,Debentures and Bonds
bse_all,976599,out_of_scope_segment,Debentures and Bonds
bse_all,976600,out_of_scope_segment,Debentures and Bonds
bse_all,976601,out_of_scope_segment,Debentures and Bonds
bse_all,976602,out_of_scope_segment,Debentures and Bonds
bse_all,976603,out_of_scope_segment,Debentures and Bonds
bse_all,976604,out_of_scope_segment,Debentures and Bonds
bse_all,976605,out_of_scope_segment,Debentures and Bonds
bse_all,976606,out_of_scope_segment,Debentures and Bonds
bse_all,976607,out_of_scope_segment,Debentures and Bonds
bse_all,976608,out_of_scope_segment,Debentures and Bonds
bse_all,976609,out_of_scope_segment,Debentures and Bonds
bse_all,976610,out_of_scope_segment,Debentures and Bonds
bse_all,976611,out_of_scope_segment,Debentures and Bonds
bse_all,976612,out_of_scope_segment,Debentures and Bonds
bse_all,976613,out_of_scope_segment,Debentures and Bonds
bse_all,976614,out_of_scope_segment,Debentures and Bonds
bse_all,976615,out_of_scope_segment,Debentures and Bonds
bse_all,976616,out_of_scope_segment,Debentures and Bonds
bse_all,976617,out_of_scope_segment,Debentures and Bonds
bse_all,976618,out_of_scope_segment,Debentures and Bonds
bse_all,976619,out_of_scope_segment,Debentures and Bonds
bse_all,976620,out_of_scope_segment,Debentures and Bonds
bse_all,976621,out_of_scope_segment,Debentures and Bonds
bse_all,976622,out_of_scope_segment,Debentures and Bonds
bse_all,976624,out_of_scope_segment,Debentures and Bonds
bse_all,976626,out_of_scope_segment,Debentures and Bonds
bse_all,976627,out_of_scope_segment,Debentures and Bonds
bse_all,976628,out_of_scope_segment,Debentures and Bonds
bse_all,976629,out_of_scope_segment,Debentures and Bonds
bse_all,976630,out_of_scope_segment,Debentures and Bonds
bse_all,976631,out_of_scope_segment,Debentures and Bonds
bse_all,976632,out_of_scope_segment,Debentures and Bonds
bse_all,976633,out_of_scope_segment,Debentures and Bonds
bse_all,976634,out_of_scope_segment,Debentures and Bonds
bse_all,976635,out_of_scope_segment,Debentures and Bonds
bse_all,976636,out_of_scope_segment,Debentures and Bonds
bse_all,976637,out_of_scope_segment,Debentures and Bonds
bse_all,976638,out_of_scope_segment,Debentures and Bonds
bse_all,976639,out_of_scope_segment,Debentures and Bonds
bse_all,976640,out_of_scope_segment,Debentures and Bonds
bse_all,976642,out_of_scope_segment,Debentures and Bonds
bse_all,976643,out_of_scope_segment,Debentures and Bonds
bse_all,976644,out_of_scope_segment,Debentures and Bonds
bse_all,976645,out_of_scope_segment,Debentures and Bonds
bse_all,976646,out_of_scope_segment,Debentures and Bonds
bse_all,976647,out_of_scope_segment,Debentures and Bonds
bse_all,976648,out_of_scope_segment,Debentures and Bonds
bse_all,976649,out_of_scope_segment,Debentures and Bonds
bse_all,976650,out_of_scope_segment,Debentures and Bonds
bse_all,976651,out_of_scope_segment,Debentures and Bonds
bse_all,976652,out_of_scope_segment,Debentures and Bonds
bse_all,976653,out_of_scope_segment,Debentures and Bonds
bse_all,976654,out_of_scope_segment,Debentures and Bonds
bse_all,976655,out_of_scope_segment,Debentures and Bonds
bse_all,976656,out_of_scope_segment,Debentures and Bonds
bse_all,976657,out_of_scope_segment,Debentures and Bonds
bse_all,976658,out_of_scope_segment,Debentures and Bonds
bse_all,976659,out_of_scope_segment,Debentures and Bonds
bse_all,976660,out_of_scope_segment,Debentures and Bonds
bse_all,976661,out_of_scope_segment,Debentures and Bonds
bse_all,976662,out_of_scope_segment,Debentures and Bonds
bse_all,976663,out_of_scope_segment,Debentures and Bonds
bse_all,976664,out_of_scope_segment,Debentures and Bonds
bse_all,976665,out_of_scope_segment,Debentures and Bonds
bse_all,976666,out_of_scope_segment,Debentures and Bonds
bse_all,976667,out_of_scope_segment,Debentures and Bonds
bse_all,976668,out_of_scope_segment,Debentures and Bonds
bse_all,976669,out_of_scope_segment,Debentures and Bonds
bse_all,976670,out_of_scope_segment,Debentures and Bonds
bse_all,976671,out_of_scope_segment,Debentures and Bonds
bse_all,976672,out_of_scope_segment,Debentures and Bonds
bse_all,976673,out_of_scope_segment,Debentures and Bonds
bse_all,976674,out_of_scope_segment,Debentures and Bonds
bse_all,976675,out_of_scope_segment,Debentures and Bonds
bse_all,976676,out_of_scope_segment,Debentures and Bonds
bse_all,976677,out_of_scope_segment,Debentures and Bonds
bse_all,976678,out_of_scope_segment,Debentures and Bonds
bse_all,976679,out_of_scope_segment,Debentures and Bonds
bse_all,976680,out_of_scope_segment,Debentures and Bonds
bse_all,976681,out_of_scope_segment,Debentures and Bonds
bse_all,976682,out_of_scope_segment,Debentures and Bonds
bse_all,976683,out_of_scope_segment,Debentures and Bonds
bse_all,976684,out_of_scope_segment,Debentures and Bonds
bse_all,976685,out_of_scope_segment,Debentures and Bonds
bse_all,976686,out_of_scope_segment,Debentures and Bonds
bse_all,976687,out_of_scope_segment,Debentures and Bonds
bse_all,976688,out_of_scope_segment,Debentures and Bonds
bse_all,976689,out_of_scope_segment,Debentures and Bonds
bse_all,976690,out_of_scope_segment,Debentures and Bonds
bse_all,976691,out_of_scope_segment,Debentures and Bonds
bse_all,976692,out_of_scope_segment,Debentures and Bonds
bse_all,976694,out_of_scope_segment,Debentures and Bonds
bse_all,976695,out_of_scope_segment,Debentures and Bonds
bse_all,976696,out_of_scope_segment,Debentures and Bonds
bse_all,976697,out_of_scope_segment,Debentures and Bonds
bse_all,976698,out_of_scope_segment,Debentures and Bonds
bse_all,976699,out_of_scope_segment,Debentures and Bonds
bse_all,976700,out_of_scope_segment,Debentures and Bonds
bse_all,976701,out_of_scope_segment,Debentures and Bonds
bse_all,976702,out_of_scope_segment,Debentures and Bonds
bse_all,976703,out_of_scope_segment,Debentures and Bonds
bse_all,976704,out_of_scope_segment,Debentures and Bonds
bse_all,976705,out_of_scope_segment,Debentures and Bonds
bse_all,976707,out_of_scope_segment,Debentures and Bonds
bse_all,976708,out_of_scope_segment,Debentures and Bonds
bse_all,976709,out_of_scope_segment,Debentures and Bonds
bse_all,976710,out_of_scope_segment,Debentures and Bonds
bse_all,976711,out_of_scope_segment,Debentures and Bonds
bse_all,976712,out_of_scope_segment,Debentures and Bonds
bse_all,976713,out_of_scope_segment,Debentures and Bonds
bse_all,976714,out_of_scope_segment,Debentures and Bonds
bse_all,976715,out_of_scope_segment,Debentures and Bonds
bse_all,976716,out_of_scope_segment,Debentures and Bonds
bse_all,976717,out_of_scope_segment,Debentures and Bonds
bse_all,976718,out_of_scope_segment,Debentures and Bonds
bse_all,976719,out_of_scope_segment,Debentures and Bonds
bse_all,976720,out_of_scope_segment,Debentures and Bonds
bse_all,976721,out_of_scope_segment,Debentures and Bonds
bse_all,976722,out_of_scope_segment,Debentures and Bonds
bse_all,976723,out_of_scope_segment,Debentures and Bonds
bse_all,976724,out_of_scope_segment,Debentures and Bonds
bse_all,976725,out_of_scope_segment,Debentures and Bonds
bse_all,976726,out_of_scope_segment,Debentures and Bonds
bse_all,976727,out_of_scope_segment,Debentures and Bonds
bse_all,976728,out_of_scope_segment,Debentures and Bonds
bse_all,976729,out_of_scope_segment,Debentures and Bonds
bse_all,976730,out_of_scope_segment,Debentures and Bonds
bse_all,976731,out_of_scope_segment,Debentures and Bonds
bse_all,976733,out_of_scope_segment,Debentures and Bonds
bse_all,976734,out_of_scope_segment,Debentures and Bonds
bse_all,976735,out_of_scope_segment,Debentures and Bonds
bse_all,976736,out_of_scope_segment,Debentures and Bonds
bse_all,976737,out_of_scope_segment,Debentures and Bonds
bse_all,976738,out_of_scope_segment,Debentures and Bonds
bse_all,976739,out_of_scope_segment,Debentures and Bonds
bse_all,976740,out_of_scope_segment,Debentures and Bonds
bse_all,976741,out_of_scope_segment,Debentures and Bonds
bse_all,976742,out_of_scope_segment,Debentures and Bonds
bse_all,976744,out_of_scope_segment,Debentures and Bonds
bse_all,976745,out_of_scope_segment,Debentures and Bonds
bse_all,976746,out_of_scope_segment,Debentures and Bonds
bse_all,976747,out_of_scope_segment,Debentures and Bonds
bse_all,976748,out_of_scope_segment,Debentures and Bonds
bse_all,976749,out_of_scope_segment,Debentures and Bonds
bse_all,976750,out_of_scope_segment,Debentures and Bonds
bse_all,976751,out_of_scope_segment,Debentures and Bonds
bse_all,976752,out_of_scope_segment,Debentures and Bonds
bse_all,976753,out_of_scope_segment,Debentures and Bonds
bse_all,976754,out_of_scope_segment,Debentures and Bonds
bse_all,976755,out_of_scope_segment,Debentures and Bonds
bse_all,976756,out_of_scope_segment,Debentures and Bonds
bse_all,976757,out_of_scope_segment,Debentures and Bonds
bse_all,976758,out_of_scope_segment,Debentures and Bonds
bse_all,976759,out_of_scope_segment,Debentures and Bonds
bse_all,976760,out_of_scope_segment,Debentures and Bonds
bse_all,976761,out_of_scope_segment,Debentures and Bonds
bse_all,976762,out_of_scope_segment,Debentures and Bonds
bse_all,976763,out_of_scope_segment,Debentures and Bonds
bse_all,976764,out_of_scope_segment,Debentures and Bonds
bse_all,976765,out_of_scope_segment,Debentures and Bonds
bse_all,976766,out_of_scope_segment,Debentures and Bonds
bse_all,976767,out_of_scope_segment,Debentures and Bonds
bse_all,976768,out_of_scope_segment,Debentures and Bonds
bse_all,976769,out_of_scope_segment,Debentures and Bonds
bse_all,976771,out_of_scope_segment,Debentures and Bonds
bse_all,976772,out_of_scope_segment,Debentures and Bonds
bse_all,976773,out_of_scope_segment,Debentures and Bonds
bse_all,976774,out_of_scope_segment,Debentures and Bonds
bse_all,976775,out_of_scope_segment,Debentures and Bonds
bse_all,976776,out_of_scope_segment,Debentures and Bonds
bse_all,976777,out_of_scope_segment,Debentures and Bonds
bse_all,976778,out_of_scope_segment,Debentures and Bonds
bse_all,976779,out_of_scope_segment,Debentures and Bonds
bse_all,976780,out_of_scope_segment,Debentures and Bonds
bse_all,976781,out_of_scope_segment,Debentures and Bonds
bse_all,976782,out_of_scope_segment,Debentures and Bonds
bse_all,976784,out_of_scope_segment,Debentures and Bonds
bse_all,976785,out_of_scope_segment,Debentures and Bonds
bse_all,976786,out_of_scope_segment,Debentures and Bonds
bse_all,976787,out_of_scope_segment,Debentures and Bonds
bse_all,976788,out_of_scope_segment,Debentures and Bonds
bse_all,976789,out_of_scope_segment,Debentures and Bonds
bse_all,976790,out_of_scope_segment,Debentures and Bonds
bse_all,976791,out_of_scope_segment,Debentures and Bonds
bse_all,976792,out_of_scope_segment,Debentures and Bonds
bse_all,976793,out_of_scope_segment,Debentures and Bonds
bse_all,976794,out_of_scope_segment,Debentures and Bonds
bse_all,976795,out_of_scope_segment,Debentures and Bonds
bse_all,976796,out_of_scope_segment,Debentures and Bonds
bse_all,976797,out_of_scope_segment,Debentures and Bonds
bse_all,976798,out_of_scope_segment,Debentures and Bonds
bse_all,976799,out_of_scope_segment,Debentures and Bonds
bse_all,976801,out_of_scope_segment,Debentures and Bonds
bse_all,976802,out_of_scope_segment,Debentures and Bonds
bse_all,976803,out_of_scope_segment,Debentures and Bonds
bse_all,976804,out_of_scope_segment,Debentures and Bonds
bse_all,976805,out_of_scope_segment,Debentures and Bonds
bse_all,976806,out_of_scope_segment,Debentures and Bonds
bse_all,976807,out_of_scope_segment,Debentures and Bonds
bse_all,976808,out_of_scope_segment,Debentures and Bonds
bse_all,976809,out_of_scope_segment,Debentures and Bonds
bse_all,976810,out_of_scope_segment,Debentures and Bonds
bse_all,976811,out_of_scope_segment,Debentures and Bonds
bse_all,976812,out_of_scope_segment,Debentures and Bonds
bse_all,976813,out_of_scope_segment,Debentures and Bonds
bse_all,976814,out_of_scope_segment,Debentures and Bonds
bse_all,976815,out_of_scope_segment,Debentures and Bonds
bse_all,976816,out_of_scope_segment,Debentures and Bonds
bse_all,976817,out_of_scope_segment,Debentures and Bonds
bse_all,976818,out_of_scope_segment,Debentures and Bonds
bse_all,976819,out_of_scope_segment,Debentures and Bonds
bse_all,976820,out_of_scope_segment,Debentures and Bonds
bse_all,976821,out_of_scope_segment,Debentures and Bonds
bse_all,976822,out_of_scope_segment,Debentures and Bonds
bse_all,976823,out_of_scope_segment,Debentures and Bonds
bse_all,976824,out_of_scope_segment,Debentures and Bonds
bse_all,976825,out_of_scope_segment,Debentures and Bonds
bse_all,976826,out_of_scope_segment,Debentures and Bonds
bse_all,976827,out_of_scope_segment,Debentures and Bonds
bse_all,976828,out_of_scope_segment,Debentures and Bonds
bse_all,976829,out_of_scope_segment,Debentures and Bonds
bse_all,976830,out_of_scope_segment,Debentures and Bonds
bse_all,976831,out_of_scope_segment,Debentures and Bonds
bse_all,976832,out_of_scope_segment,Debentures and Bonds
bse_all,976834,out_of_scope_segment,Debentures and Bonds
bse_all,976835,out_of_scope_segment,Debentures and Bonds
bse_all,976836,out_of_scope_segment,Debentures and Bonds
bse_all,976840,out_of_scope_segment,Debentures and Bonds
bse_all,976841,out_of_scope_segment,Debentures and Bonds
bse_all,976845,out_of_scope_segment,Debentures and Bonds
bse_all,976847,out_of_scope_segment,Debentures and Bonds
bse_all,976851,out_of_scope_segment,Debentures and Bonds
bse_all,976852,out_of_scope_segment,Debentures and Bonds
bse_all,976853,out_of_scope_segment,Debentures and Bonds
bse_all,976854,out_of_scope_segment,Debentures and Bonds
bse_all,976855,out_of_scope_segment,Debentures and Bonds
bse_all,976856,out_of_scope_segment,Debentures and Bonds
bse_all,976857,out_of_scope_segment,Debentures and Bonds
bse_all,976858,out_of_scope_segment,Debentures and Bonds
bse_all,976859,out_of_scope_segment,Debentures and Bonds
bse_all,976861,out_of_scope_segment,Debentures and Bonds
bse_all,976862,out_of_scope_segment,Debentures and Bonds
bse_all,976863,out_of_scope_segment,Debentures and Bonds
bse_all,976864,out_of_scope_segment,Debentures and Bonds
bse_all,976865,out_of_scope_segment,Debentures and Bonds
bse_all,976866,out_of_scope_segment,Debentures and Bonds
bse_all,976867,out_of_scope_segment,Debentures and Bonds
bse_all,976868,out_of_scope_segment,Debentures and Bonds
bse_all,976869,out_of_scope_segment,Debentures and Bonds
bse_all,976870,out_of_scope_segment,Debentures and Bonds
bse_all,976871,out_of_scope_segment,Debentures and Bonds
bse_all,976872,out_of_scope_segment,Debentures and Bonds
bse_all,976873,out_of_scope_segment,Debentures and Bonds
bse_all,976874,out_of_scope_segment,Debentures and Bonds
bse_all,976875,out_of_scope_segment,Debentures and Bonds
bse_all,976877,out_of_scope_segment,Debentures and Bonds
bse_all,976878,out_of_scope_segment,Debentures and Bonds
bse_all,976879,out_of_scope_segment,Debentures and Bonds
bse_all,976880,out_of_scope_segment,Debentures and Bonds
bse_all,976881,out_of_scope_segment,Debentures and Bonds
bse_all,976882,out_of_scope_segment,Debentures and Bonds
bse_all,976883,out_of_scope_segment,Debentures and Bonds
bse_all,976884,out_of_scope_segment,Debentures and Bonds
bse_all,976885,out_of_scope_segment,Debentures and Bonds
bse_all,976886,out_of_scope_segment,Debentures and Bonds
bse_all,976887,out_of_scope_segment,Debentures and Bonds
bse_all,976890,out_of_scope_segment,Debentures and Bonds
bse_all,976891,out_of_scope_segment,Debentures and Bonds
bse_all,976892,out_of_scope_segment,Debentures and Bonds
bse_all,976893,out_of_scope_segment,Debentures and Bonds
bse_all,976894,out_of_scope_segment,Debentures and Bonds
bse_all,976895,out_of_scope_segment,Debentures and Bonds
bse_all,976896,out_of_scope_segment,Debentures and Bonds
bse_all,976897,out_of_scope_segment,Debentures and Bonds
bse_all,976898,out_of_scope_segment,Debentures and Bonds
bse_all,976899,out_of_scope_segment,Debentures and Bonds
bse_all,976900,out_of_scope_segment,Debentures and Bonds
bse_all,976901,out_of_scope_segment,Debentures and Bonds
bse_all,976902,out_of_scope_segment,Debentures and Bonds
bse_all,976903,out_of_scope_segment,Debentures and Bonds
bse_all,976904,out_of_scope_segment,Debentures and Bonds
bse_all,976905,out_of_scope_segment,Debentures and Bonds
bse_all,976906,out_of_scope_segment,Debentures and Bonds
bse_all,976907,out_of_scope_segment,Debentures and Bonds
bse_all,976908,out_of_scope_segment,Debentures and Bonds
bse_all,976909,out_of_scope_segment,Debentures and Bonds
bse_all,976910,out_of_scope_segment,Debentures and Bonds
bse_all,976911,out_of_scope_segment,Debentures and Bonds
bse_all,976912,out_of_scope_segment,Debentures and Bonds
bse_all,976913,out_of_scope_segment,Debentures and Bonds
bse_all,976914,out_of_scope_segment,Debentures and Bonds
bse_all,976915,out_of_scope_segment,Debentures and Bonds
bse_all,976916,out_of_scope_segment,Debentures and Bonds
bse_all,976917,out_of_scope_segment,Debentures and Bonds
bse_all,976918,out_of_scope_segment,Debentures and Bonds
bse_all,976919,out_of_scope_segment,Debentures and Bonds
bse_all,976921,out_of_scope_segment,Debentures and Bonds
bse_all,976922,out_of_scope_segment,Debentures and Bonds
bse_all,976923,out_of_scope_segment,Debentures and Bonds
bse_all,976924,out_of_scope_segment,Debentures and Bonds
bse_all,976925,out_of_scope_segment,Debentures and Bonds
bse_all,976926,out_of_scope_segment,Debentures and Bonds
bse_all,976927,out_of_scope_segment,Debentures and Bonds
bse_all,976928,out_of_scope_segment,Debentures and Bonds
bse_all,976929,out_of_scope_segment,Debentures and Bonds
bse_all,976930,out_of_scope_segment,Debentures and Bonds
bse_all,976931,out_of_scope_segment,Debentures and Bonds
bse_all,976932,out_of_scope_segment,Debentures and Bonds
bse_all,976933,out_of_scope_segment,Debentures and Bonds
bse_all,976934,out_of_scope_segment,Debentures and Bonds
bse_all,976935,out_of_scope_segment,Debentures and Bonds
bse_all,976936,out_of_scope_segment,Debentures and Bonds
bse_all,976937,out_of_scope_segment,Debentures and Bonds
bse_all,976938,out_of_scope_segment,Debentures and Bonds
bse_all,976939,out_of_scope_segment,Debentures and Bonds
bse_all,976940,out_of_scope_segment,Debentures and Bonds
bse_all,976941,out_of_scope_segment,Debentures and Bonds
bse_all,976942,out_of_scope_segment,Debentures and Bonds
bse_all,976943,out_of_scope_segment,Debentures and Bonds
bse_all,976944,out_of_scope_segment,Debentures and Bonds
bse_all,976945,out_of_scope_segment,Debentures and Bonds
bse_all,976946,out_of_scope_segment,Debentures and Bonds
bse_all,976947,out_of_scope_segment,Debentures and Bonds
bse_all,976948,out_of_scope_segment,Debentures and Bonds
bse_all,976949,out_of_scope_segment,Debentures and Bonds
bse_all,976950,out_of_scope_segment,Debentures and Bonds
bse_all,976951,out_of_scope_segment,Debentures and Bonds
bse_all,976952,out_of_scope_segment,Debentures and Bonds
bse_all,976953,out_of_scope_segment,Debentures and Bonds
bse_all,976954,out_of_scope_segment,Debentures and Bonds
bse_all,976955,out_of_scope_segment,Debentures and Bonds
bse_all,976956,out_of_scope_segment,Debentures and Bonds
bse_all,976957,out_of_scope_segment,Debentures and Bonds
bse_all,976958,out_of_scope_segment,Debentures and Bonds
bse_all,976959,out_of_scope_segment,Debentures and Bonds
bse_all,976960,out_of_scope_segment,Debentures and Bonds
bse_all,976961,out_of_scope_segment,Debentures and Bonds
bse_all,976963,out_of_scope_segment,Debentures and Bonds
bse_all,976964,out_of_scope_segment,Debentures and Bonds
bse_all,976965,out_of_scope_segment,Debentures and Bonds
bse_all,976966,out_of_scope_segment,Debentures and Bonds
bse_all,976967,out_of_scope_segment,Debentures and Bonds
bse_all,976968,out_of_scope_segment,Debentures and Bonds
bse_all,976969,out_of_scope_segment,Debentures and Bonds
bse_all,976970,out_of_scope_segment,Debentures and Bonds
bse_all,976971,out_of_scope_segment,Debentures and Bonds
bse_all,976972,out_of_scope_segment,Debentures and Bonds
bse_all,976973,out_of_scope_segment,Debentures and Bonds
bse_all,976974,out_of_scope_segment,Debentures and Bonds
bse_all,976975,out_of_scope_segment,Debentures and Bonds
bse_all,976976,out_of_scope_segment,Debentures and Bonds
bse_all,976977,out_of_scope_segment,Debentures and Bonds
bse_all,976978,out_of_scope_segment,Debentures and Bonds
bse_all,976979,out_of_scope_segment,Debentures and Bonds
bse_all,976980,out_of_scope_segment,Debentures and Bonds
bse_all,976981,out_of_scope_segment,Debentures and Bonds
bse_all,976982,out_of_scope_segment,Debentures and Bonds
bse_all,976983,out_of_scope_segment,Debentures and Bonds
bse_all,976984,out_of_scope_segment,Debentures and Bonds
bse_all,976985,out_of_scope_segment,Debentures and Bonds
bse_all,976986,out_of_scope_segment,Debentures and Bonds
bse_all,976987,out_of_scope_segment,Debentures and Bonds
bse_all,976988,out_of_scope_segment,Debentures and Bonds
bse_all,976989,out_of_scope_segment,Debentures and Bonds
bse_all,976990,out_of_scope_segment,Debentures and Bonds
bse_all,976991,out_of_scope_segment,Debentures and Bonds
bse_all,976993,out_of_scope_segment,Debentures and Bonds
bse_all,976994,out_of_scope_segment,Debentures and Bonds
bse_all,976995,out_of_scope_segment,Debentures and Bonds
bse_all,976996,out_of_scope_segment,Debentures and Bonds
bse_all,976997,out_of_scope_segment,Debentures and Bonds
bse_all,976998,out_of_scope_segment,Debentures and Bonds
bse_all,976999,out_of_scope_segment,Debentures and Bonds
bse_all,977000,out_of_scope_segment,Debentures and Bonds
bse_all,977001,out_of_scope_segment,Debentures and Bonds
bse_all,977002,out_of_scope_segment,Debentures and Bonds
bse_all,977003,out_of_scope_segment,Debentures and Bonds
bse_all,977004,out_of_scope_segment,Debentures and Bonds
bse_all,977005,out_of_scope_segment,Debentures and Bonds
bse_all,977006,out_of_scope_segment,Debentures and Bonds
bse_all,977007,out_of_scope_segment,Debentures and Bonds
bse_all,977008,out_of_scope_segment,Debentures and Bonds
bse_all,977009,out_of_scope_segment,Debentures and Bonds
bse_all,977010,out_of_scope_segment,Debentures and Bonds
bse_all,977011,out_of_scope_segment,Debentures and Bonds
bse_all,977012,out_of_scope_segment,Debentures and Bonds
bse_all,977013,out_of_scope_segment,Debentures and Bonds
bse_all,977014,out_of_scope_segment,Debentures and Bonds
bse_all,977015,out_of_scope_segment,Debentures and Bonds
bse_all,977016,out_of_scope_segment,Debentures and Bonds
bse_all,977017,out_of_scope_segment,Debentures and Bonds
bse_all,977018,out_of_scope_segment,Debentures and Bonds
bse_all,977019,out_of_scope_segment,Debentures and Bonds
bse_all,977020,out_of_scope_segment,Debentures and Bonds
bse_all,977021,out_of_scope_segment,Debentures and Bonds
bse_all,977022,out_of_scope_segment,Debentures and Bonds
bse_all,977023,out_of_scope_segment,Debentures and Bonds
bse_all,977024,out_of_scope_segment,Debentures and Bonds
bse_all,977025,out_of_scope_segment,Debentures and Bonds
bse_all,977026,out_of_scope_segment,Debentures and Bonds
bse_all,977027,out_of_scope_segment,Debentures and Bonds
bse_all,977028,out_of_scope_segment,Debentures and Bonds
bse_all,977029,out_of_scope_segment,Debentures and Bonds
bse_all,977030,out_of_scope_segment,Debentures and Bonds
bse_all,977031,out_of_scope_segment,Debentures and Bonds
bse_all,977032,out_of_scope_segment,Debentures and Bonds
bse_all,977033,out_of_scope_segment,Debentures and Bonds
bse_all,977034,out_of_scope_segment,Debentures and Bonds
bse_all,977035,out_of_scope_segment,Debentures and Bonds
bse_all,977036,out_of_scope_segment,Debentures and Bonds
bse_all,977037,out_of_scope_segment,Debentures and Bonds
bse_all,977038,out_of_scope_segment,Debentures and Bonds
bse_all,977039,out_of_scope_segment,Debentures and Bonds
bse_all,977040,out_of_scope_segment,Debentures and Bonds
bse_all,977041,out_of_scope_segment,Debentures and Bonds
bse_all,977042,out_of_scope_segment,Debentures and Bonds
bse_all,977043,out_of_scope_segment,Debentures and Bonds
bse_all,977044,out_of_scope_segment,Debentures and Bonds
bse_all,977045,out_of_scope_segment,Debentures and Bonds
bse_all,977046,out_of_scope_segment,Debentures and Bonds
bse_all,977047,out_of_scope_segment,Debentures and Bonds
bse_all,977048,out_of_scope_segment,Debentures and Bonds
bse_all,977049,out_of_scope_segment,Debentures and Bonds
bse_all,977050,out_of_scope_segment,Debentures and Bonds
bse_all,977051,out_of_scope_segment,Debentures and Bonds
bse_all,977052,out_of_scope_segment,Debentures and Bonds
bse_all,977053,out_of_scope_segment,Debentures and Bonds
bse_all,977054,out_of_scope_segment,Debentures and Bonds
bse_all,977055,out_of_scope_segment,Debentures and Bonds
bse_all,977056,out_of_scope_segment,Debentures and Bonds
bse_all,977057,out_of_scope_segment,Debentures and Bonds
bse_all,977058,out_of_scope_segment,Debentures and Bonds
bse_all,977059,out_of_scope_segment,Debentures and Bonds
bse_all,977060,out_of_scope_segment,Debentures and Bonds
bse_all,977061,out_of_scope_segment,Debentures and Bonds
bse_all,977063,out_of_scope_segment,Debentures and Bonds
bse_all,977064,out_of_scope_segment,Debentures and Bonds
bse_all,977065,out_of_scope_segment,Debentures and Bonds
bse_all,977066,out_of_scope_segment,Debentures and Bonds
bse_all,977067,out_of_scope_segment,Debentures and Bonds
bse_all,977068,out_of_scope_segment,Debentures and Bonds
bse_all,977069,out_of_scope_segment,Debentures and Bonds
bse_all,977070,out_of_scope_segment,Debentures and Bonds
bse_all,977071,out_of_scope_segment,Debentures and Bonds
bse_all,977072,out_of_scope_segment,Debentures and Bonds
bse_all,977073,out_of_scope_segment,Debentures and Bonds
bse_all,977074,out_of_scope_segment,Debentures and Bonds
bse_all,977075,out_of_scope_segment,Debentures and Bonds
bse_all,977076,out_of_scope_segment,Debentures and Bonds
bse_all,977077,out_of_scope_segment,Debentures and Bonds
bse_all,977078,out_of_scope_segment,Debentures and Bonds
bse_all,977079,out_of_scope_segment,Debentures and Bonds
bse_all,977080,out_of_scope_segment,Debentures and Bonds
bse_all,977081,out_of_scope_segment,Debentures and Bonds
bse_all,977083,out_of_scope_segment,Debentures and Bonds
bse_all,977084,out_of_scope_segment,Debentures and Bonds
bse_all,977085,out_of_scope_segment,Debentures and Bonds
bse_all,977086,out_of_scope_segment,Debentures and Bonds
bse_all,977087,out_of_scope_segment,Debentures and Bonds
bse_all,977088,out_of_scope_segment,Debentures and Bonds
bse_all,977089,out_of_scope_segment,Debentures and Bonds
bse_all,977090,out_of_scope_segment,Debentures and Bonds
bse_all,977091,out_of_scope_segment,Debentures and Bonds
bse_all,977092,out_of_scope_segment,Debentures and Bonds
bse_all,977093,out_of_scope_segment,Debentures and Bonds
bse_all,977094,out_of_scope_segment,Debentures and Bonds
bse_all,977095,out_of_scope_segment,Debentures and Bonds
bse_all,977096,out_of_scope_segment,Debentures and Bonds
bse_all,977097,out_of_scope_segment,Debentures and Bonds
bse_all,977098,out_of_scope_segment,Debentures and Bonds
bse_all,977099,out_of_scope_segment,Debentures and Bonds
bse_all,977100,out_of_scope_segment,Debentures and Bonds
bse_all,977101,out_of_scope_segment,Debentures and Bonds
bse_all,977102,out_of_scope_segment,Debentures and Bonds
bse_all,977103,out_of_scope_segment,Debentures and Bonds
bse_all,977104,out_of_scope_segment,Debentures and Bonds
bse_all,977105,out_of_scope_segment,Debentures and Bonds
bse_all,977106,out_of_scope_segment,Debentures and Bonds
bse_all,977107,out_of_scope_segment,Debentures and Bonds
bse_all,977108,out_of_scope_segment,Debentures and Bonds
bse_all,977109,out_of_scope_segment,Debentures and Bonds
bse_all,977110,out_of_scope_segment,Debentures and Bonds
bse_all,977111,out_of_scope_segment,Debentures and Bonds
bse_all,977113,out_of_scope_segment,Debentures and Bonds
bse_all,977114,out_of_scope_segment,Debentures and Bonds
bse_all,977115,out_of_scope_segment,Debentures and Bonds
bse_all,977116,out_of_scope_segment,Debentures and Bonds
bse_all,977117,out_of_scope_segment,Debentures and Bonds
bse_all,977118,out_of_scope_segment,Debentures and Bonds
bse_all,977119,out_of_scope_segment,Debentures and Bonds
bse_all,977120,out_of_scope_segment,Debentures and Bonds
bse_all,977121,out_of_scope_segment,Debentures and Bonds
bse_all,977122,out_of_scope_segment,Debentures and Bonds
bse_all,977123,out_of_scope_segment,Debentures and Bonds
bse_all,977124,out_of_scope_segment,Debentures and Bonds
bse_all,977125,out_of_scope_segment,Debentures and Bonds
bse_all,977126,out_of_scope_segment,Debentures and Bonds
bse_all,977127,out_of_scope_segment,Debentures and Bonds
bse_all,977128,out_of_scope_segment,Debentures and Bonds
bse_all,977131,out_of_scope_segment,Debentures and Bonds
bse_all,977132,out_of_scope_segment,Debentures and Bonds
bse_all,977133,out_of_scope_segment,Debentures and Bonds
bse_all,977134,out_of_scope_segment,Debentures and Bonds
bse_all,977135,out_of_scope_segment,Debentures and Bonds
bse_all,977136,out_of_scope_segment,Debentures and Bonds
bse_all,977137,out_of_scope_segment,Debentures and Bonds
bse_all,977138,out_of_scope_segment,Debentures and Bonds
bse_all,977139,out_of_scope_segment,Debentures and Bonds
bse_all,977140,out_of_scope_segment,Debentures and Bonds
bse_all,977141,out_of_scope_segment,Debentures and Bonds
bse_all,977142,out_of_scope_segment,Debentures and Bonds
bse_all,977143,out_of_scope_segment,Debentures and Bonds
bse_all,977144,out_of_scope_segment,Debentures and Bonds
bse_all,977145,out_of_scope_segment,Debentures and Bonds
bse_all,977146,out_of_scope_segment,Debentures and Bonds
bse_all,977147,out_of_scope_segment,Debentures and Bonds
bse_all,977148,out_of_scope_segment,Debentures and Bonds
bse_all,977149,out_of_scope_segment,Debentures and Bonds
bse_all,977150,out_of_scope_segment,Debentures and Bonds
bse_all,977151,out_of_scope_segment,Debentures and Bonds
bse_all,977152,out_of_scope_segment,Debentures and Bonds
bse_all,977153,out_of_scope_segment,Debentures and Bonds
bse_all,977154,out_of_scope_segment,Debentures and Bonds
bse_all,977155,out_of_scope_segment,Debentures and Bonds
bse_all,977156,out_of_scope_segment,Debentures and Bonds
bse_all,977157,out_of_scope_segment,Debentures and Bonds
bse_all,977158,out_of_scope_segment,Debentures and Bonds
bse_all,977159,out_of_scope_segment,Debentures and Bonds
bse_all,977160,out_of_scope_segment,Debentures and Bonds
bse_all,977161,out_of_scope_segment,Debentures and Bonds
bse_all,977162,out_of_scope_segment,Debentures and Bonds
bse_all,977163,out_of_scope_segment,Debentures and Bonds
bse_all,977164,out_of_scope_segment,Debentures and Bonds
bse_all,977165,out_of_scope_segment,Debentures and Bonds
bse_all,977166,out_of_scope_segment,Debentures and Bonds
bse_all,977167,out_of_scope_segment,Debentures and Bonds
bse_all,977168,out_of_scope_segment,Debentures and Bonds
bse_all,977169,out_of_scope_segment,Debentures and Bonds
bse_all,977170,out_of_scope_segment,Debentures and Bonds
bse_all,977171,out_of_scope_segment,Debentures and Bonds
bse_all,977172,out_of_scope_segment,Debentures and Bonds
bse_all,977173,out_of_scope_segment,Debentures and Bonds
bse_all,977174,out_of_scope_segment,Debentures and Bonds
bse_all,977175,out_of_scope_segment,Debentures and Bonds
bse_all,977176,out_of_scope_segment,Debentures and Bonds
bse_all,977177,out_of_scope_segment,Debentures and Bonds
bse_all,977178,out_of_scope_segment,Debentures and Bonds
bse_all,977179,out_of_scope_segment,Debentures and Bonds
bse_all,977180,out_of_scope_segment,Debentures and Bonds
bse_all,977181,out_of_scope_segment,Debentures and Bonds
bse_all,977182,out_of_scope_segment,Debentures and Bonds
bse_all,977183,out_of_scope_segment,Debentures and Bonds
bse_all,977184,out_of_scope_segment,Debentures and Bonds
bse_all,977185,out_of_scope_segment,Debentures and Bonds
bse_all,977186,out_of_scope_segment,Debentures and Bonds
bse_all,977187,out_of_scope_segment,Debentures and Bonds
bse_all,977188,out_of_scope_segment,Debentures and Bonds
bse_all,977189,out_of_scope_segment,Debentures and Bonds
bse_all,977190,out_of_scope_segment,Debentures and Bonds
bse_all,977191,out_of_scope_segment,Debentures and Bonds
bse_all,977192,out_of_scope_segment,Debentures and Bonds
bse_all,977193,out_of_scope_segment,Debentures and Bonds
bse_all,977194,out_of_scope_segment,Debentures and Bonds
bse_all,977195,out_of_scope_segment,Debentures and Bonds
bse_all,977196,out_of_scope_segment,Debentures and Bonds
bse_all,977197,out_of_scope_segment,Debentures and Bonds
bse_all,977198,out_of_scope_segment,Debentures and Bonds
bse_all,977199,out_of_scope_segment,Debentures and Bonds
bse_all,977200,out_of_scope_segment,Debentures and Bonds
bse_all,977201,out_of_scope_segment,Debentures and Bonds
bse_all,977202,out_of_scope_segment,Debentures and Bonds
bse_all,977203,out_of_scope_segment,Debentures and Bonds
bse_all,977204,out_of_scope_segment,Debentures and Bonds
bse_all,977205,out_of_scope_segment,Debentures and Bonds
bse_all,977206,out_of_scope_segment,Debentures and Bonds
bse_all,977208,out_of_scope_segment,Debentures and Bonds
bse_all,977209,out_of_scope_segment,Debentures and Bonds
bse_all,977210,out_of_scope_segment,Debentures and Bonds
bse_all,977211,out_of_scope_segment,Debentures and Bonds
bse_all,977212,out_of_scope_segment,Debentures and Bonds
bse_all,977213,out_of_scope_segment,Debentures and Bonds
bse_all,977214,out_of_scope_segment,Debentures and Bonds
bse_all,977215,out_of_scope_segment,Debentures and Bonds
bse_all,977216,out_of_scope_segment,Debentures and Bonds
bse_all,977217,out_of_scope_segment,Debentures and Bonds
bse_all,977218,out_of_scope_segment,Debentures and Bonds
bse_all,977219,out_of_scope_segment,Debentures and Bonds
bse_all,977220,out_of_scope_segment,Debentures and Bonds
bse_all,977221,out_of_scope_segment,Debentures and Bonds
bse_all,977222,out_of_scope_segment,Debentures and Bonds
bse_all,977223,out_of_scope_segment,Debentures and Bonds
bse_all,977224,out_of_scope_segment,Debentures and Bonds
bse_all,977225,out_of_scope_segment,Debentures and Bonds
bse_all,977226,out_of_scope_segment,Debentures and Bonds
bse_all,977227,out_of_scope_segment,Debentures and Bonds
bse_all,977228,out_of_scope_segment,Debentures and Bonds
bse_all,977229,out_of_scope_segment,Debentures and Bonds
bse_all,977230,out_of_scope_segment,Debentures and Bonds
bse_all,977231,out_of_scope_segment,Debentures and Bonds
bse_all,977232,out_of_scope_segment,Debentures and Bonds
bse_all,977233,out_of_scope_segment,Debentures and Bonds
bse_all,977234,out_of_scope_segment,Debentures and Bonds
bse_all,977235,out_of_scope_segment,Debentures and Bonds
bse_all,977236,out_of_scope_segment,Debentures and Bonds
bse_all,977237,out_of_scope_segment,Debentures and Bonds
bse_all,977238,out_of_scope_segment,Debentures and Bonds
bse_all,977239,out_of_scope_segment,Debentures and Bonds
bse_all,977240,out_of_scope_segment,Debentures and Bonds
bse_all,977241,out_of_scope_segment,Debentures and Bonds
bse_all,977242,out_of_scope_segment,Debentures and Bonds
bse_all,977243,out_of_scope_segment,Debentures and Bonds
bse_all,977244,out_of_scope_segment,Debentures and Bonds
bse_all,977245,out_of_scope_segment,Debentures and Bonds
bse_all,977246,out_of_scope_segment,Debentures and Bonds
bse_all,977247,out_of_scope_segment,Debentures and Bonds
bse_all,977248,out_of_scope_segment,Debentures and Bonds
bse_all,977249,out_of_scope_segment,Debentures and Bonds
bse_all,977250,out_of_scope_segment,Debentures and Bonds
bse_all,977251,out_of_scope_segment,Debentures and Bonds
bse_all,977252,out_of_scope_segment,Debentures and Bonds
bse_all,977253,out_of_scope_segment,Debentures and Bonds
bse_all,977254,out_of_scope_segment,Debentures and Bonds
bse_all,977255,out_of_scope_segment,Debentures and Bonds
bse_all,977256,out_of_scope_segment,Debentures and Bonds
bse_all,977257,out_of_scope_segment,Debentures and Bonds
bse_all,977258,out_of_scope_segment,Debentures and Bonds
bse_all,977259,out_of_scope_segment,Debentures and Bonds
bse_all,977260,out_of_scope_segment,Debentures and Bonds
bse_all,977261,out_of_scope_segment,Debentures and Bonds
bse_all,977262,out_of_scope_segment,Debentures and Bonds
bse_all,977263,out_of_scope_segment,Debentures and Bonds
bse_all,977264,out_of_scope_segment,Debentures and Bonds
bse_all,977265,out_of_scope_segment,Debentures and Bonds
bse_all,977266,out_of_scope_segment,Debentures and Bonds
bse_all,977268,out_of_scope_segment,Debentures and Bonds
bse_all,977269,out_of_scope_segment,Debentures and Bonds
bse_all,977270,out_of_scope_segment,Debentures and Bonds
bse_all,977271,out_of_scope_segment,Debentures and Bonds
bse_all,977272,out_of_scope_segment,Debentures and Bonds
bse_all,977273,out_of_scope_segment,Debentures and Bonds
bse_all,977274,out_of_scope_segment,Debentures and Bonds
bse_all,977275,out_of_scope_segment,Debentures and Bonds
bse_all,977276,out_of_scope_segment,Debentures and Bonds
bse_all,977277,out_of_scope_segment,Debentures and Bonds
bse_all,977278,out_of_scope_segment,Debentures and Bonds
bse_all,977279,out_of_scope_segment,Debentures and Bonds
bse_all,977280,out_of_scope_segment,Debentures and Bonds
bse_all,977281,out_of_scope_segment,Debentures and Bonds
bse_all,977282,out_of_scope_segment,Debentures and Bonds
bse_all,977283,out_of_scope_segment,Debentures and Bonds
bse_all,977284,out_of_scope_segment,Debentures and Bonds
bse_all,977285,out_of_scope_segment,Debentures and Bonds
bse_all,977286,out_of_scope_segment,Debentures and Bonds
bse_all,977287,out_of_scope_segment,Debentures and Bonds
bse_all,977288,out_of_scope_segment,Debentures and Bonds
bse_all,977289,out_of_scope_segment,Debentures and Bonds
bse_all,977290,out_of_scope_segment,Debentures and Bonds
bse_all,977291,out_of_scope_segment,Debentures and Bonds
bse_all,977292,out_of_scope_segment,Debentures and Bonds
bse_all,977293,out_of_scope_segment,Debentures and Bonds
bse_all,977294,out_of_scope_segment,Debentures and Bonds
bse_all,977295,out_of_scope_segment,Debentures and Bonds
bse_all,977296,out_of_scope_segment,Debentures and Bonds
bse_all,977297,out_of_scope_segment,Debentures and Bonds
bse_all,977298,out_of_scope_segment,Debentures and Bonds
bse_all,977299,out_of_scope_segment,Debentures and Bonds
bse_all,977300,out_of_scope_segment,Debentures and Bonds
bse_all,977301,out_of_scope_segment,Debentures and Bonds
bse_all,977302,out_of_scope_segment,Debentures and Bonds
bse_all,977303,out_of_scope_segment,Debentures and Bonds
bse_all,977304,out_of_scope_segment,Debentures and Bonds
bse_all,977305,out_of_scope_segment,Debentures and Bonds
bse_all,977306,out_of_scope_segment,Debentures and Bonds
bse_all,977307,out_of_scope_segment,Debentures and Bonds
bse_all,977308,out_of_scope_segment,Debentures and Bonds
bse_all,977309,out_of_scope_segment,Debentures and Bonds
bse_all,977310,out_of_scope_segment,Debentures and Bonds
bse_all,977311,out_of_scope_segment,Debentures and Bonds
bse_all,977312,out_of_scope_segment,Debentures and Bonds
bse_all,977313,out_of_scope_segment,Debentures and Bonds
bse_all,977314,out_of_scope_segment,Debentures and Bonds
bse_all,977315,out_of_scope_segment,Debentures and Bonds
bse_all,977316,out_of_scope_segment,Debentures and Bonds
bse_all,977317,out_of_scope_segment,Debentures and Bonds
bse_all,977318,out_of_scope_segment,Debentures and Bonds
bse_all,977319,out_of_scope_segment,Debentures and Bonds
bse_all,977320,out_of_scope_segment,Debentures and Bonds
bse_all,977321,out_of_scope_segment,Debentures and Bonds
bse_all,977322,out_of_scope_segment,Debentures and Bonds
bse_all,977323,out_of_scope_segment,Debentures and Bonds
bse_all,977324,out_of_scope_segment,Debentures and Bonds
bse_all,977325,out_of_scope_segment,Debentures and Bonds
bse_all,977326,out_of_scope_segment,Debentures and Bonds
bse_all,977327,out_of_scope_segment,Debentures and Bonds
bse_all,977328,out_of_scope_segment,Debentures and Bonds
bse_all,977329,out_of_scope_segment,Debentures and Bonds
bse_all,977330,out_of_scope_segment,Debentures and Bonds
bse_all,977331,out_of_scope_segment,Debentures and Bonds
bse_all,977332,out_of_scope_segment,Debentures and Bonds
bse_all,977333,out_of_scope_segment,Debentures and Bonds
bse_all,977334,out_of_scope_segment,Debentures and Bonds
bse_all,977335,out_of_scope_segment,Debentures and Bonds
bse_all,977336,out_of_scope_segment,Debentures and Bonds
bse_all,977337,out_of_scope_segment,Debentures and Bonds
bse_all,977338,out_of_scope_segment,Debentures and Bonds
bse_all,977339,out_of_scope_segment,Debentures and Bonds
bse_all,977340,out_of_scope_segment,Debentures and Bonds
bse_all,977341,out_of_scope_segment,Debentures and Bonds
bse_all,977342,out_of_scope_segment,Debentures and Bonds
bse_all,977343,out_of_scope_segment,Debentures and Bonds
bse_all,977344,out_of_scope_segment,Debentures and Bonds
bse_all,977345,out_of_scope_segment,Debentures and Bonds
bse_all,977346,out_of_scope_segment,Debentures and Bonds
bse_all,977347,out_of_scope_segment,Debentures and Bonds
bse_all,977348,out_of_scope_segment,Debentures and Bonds
bse_all,977349,out_of_scope_segment,Debentures and Bonds
bse_all,977350,out_of_scope_segment,Debentures and Bonds
bse_all,977351,out_of_scope_segment,Debentures and Bonds
bse_all,977352,out_of_scope_segment,Debentures and Bonds
bse_all,977353,out_of_scope_segment,Debentures and Bonds
bse_all,977354,out_of_scope_segment,Debentures and Bonds
bse_all,977355,out_of_scope_segment,Debentures and Bonds
bse_all,977356,out_of_scope_segment,Debentures and Bonds
bse_all,977357,out_of_scope_segment,Debentures and Bonds
bse_all,977358,out_of_scope_segment,Debentures and Bonds
bse_all,977359,out_of_scope_segment,Debentures and Bonds
bse_all,977360,out_of_scope_segment,Debentures and Bonds
bse_all,977361,out_of_scope_segment,Debentures and Bonds
bse_all,977362,out_of_scope_segment,Debentures and Bonds
bse_all,977363,out_of_scope_segment,Debentures and Bonds
bse_all,977364,out_of_scope_segment,Debentures and Bonds
bse_all,977365,out_of_scope_segment,Debentures and Bonds
bse_all,977366,out_of_scope_segment,Debentures and Bonds
bse_all,977367,out_of_scope_segment,Debentures and Bonds
bse_all,977368,out_of_scope_segment,Debentures and Bonds
bse_all,977369,out_of_scope_segment,Debentures and Bonds
bse_all,977370,out_of_scope_segment,Debentures and Bonds
bse_all,977371,out_of_scope_segment,Debentures and Bonds
bse_all,977372,out_of_scope_segment,Debentures and Bonds
bse_all,977373,out_of_scope_segment,Debentures and Bonds
bse_all,977374,out_of_scope_segment,Debentures and Bonds
bse_all,977375,out_of_scope_segment,Debentures and Bonds
bse_all,977376,out_of_scope_segment,Debentures and Bonds
bse_all,977377,out_of_scope_segment,Debentures and Bonds
bse_all,977378,out_of_scope_segment,Debentures and Bonds
bse_all,977379,out_of_scope_segment,Debentures and Bonds
bse_all,977380,out_of_scope_segment,Debentures and Bonds
bse_all,977381,out_of_scope_segment,Debentures and Bonds
bse_all,977382,out_of_scope_segment,Debentures and Bonds
bse_all,977383,out_of_scope_segment,Debentures and Bonds
bse_all,977384,out_of_scope_segment,Debentures and Bonds
bse_all,977385,out_of_scope_segment,Debentures and Bonds
bse_all,977386,out_of_scope_segment,Debentures and Bonds
bse_all,977387,out_of_scope_segment,Debentures and Bonds
bse_all,977388,out_of_scope_segment,Debentures and Bonds
bse_all,977389,out_of_scope_segment,Debentures and Bonds
bse_all,977390,out_of_scope_segment,Debentures and Bonds
bse_all,977391,out_of_scope_segment,Debentures and Bonds
bse_all,977392,out_of_scope_segment,Debentures and Bonds
bse_all,977393,out_of_scope_segment,Debentures and Bonds
bse_all,977394,out_of_scope_segment,Debentures and Bonds
bse_all,977395,out_of_scope_segment,Debentures and Bonds
bse_all,977396,out_of_scope_segment,Debentures and Bonds
bse_all,977397,out_of_scope_segment,Debentures and Bonds
bse_all,977398,out_of_scope_segment,Debentures and Bonds
bse_all,977399,out_of_scope_segment,Debentures and Bonds
bse_all,977400,out_of_scope_segment,Debentures and Bonds
bse_all,977401,out_of_scope_segment,Debentures and Bonds
bse_all,977402,out_of_scope_segment,Debentures and Bonds
bse_all,977403,out_of_scope_segment,Debentures and Bonds
bse_all,977404,out_of_scope_segment,Debentures and Bonds
bse_all,977405,out_of_scope_segment,Debentures and Bonds
bse_all,977406,out_of_scope_segment,Debentures and Bonds
bse_all,977407,out_of_scope_segment,Debentures and Bonds
bse_all,977408,out_of_scope_segment,Debentures and Bonds
bse_all,977409,out_of_scope_segment,Debentures and Bonds
bse_all,977410,out_of_scope_segment,Debentures and Bonds
bse_all,977411,out_of_scope_segment,Debentures and Bonds
bse_all,977412,out_of_scope_segment,Debentures and Bonds
bse_all,977413,out_of_scope_segment,Debentures and Bonds
bse_all,977414,out_of_scope_segment,Debentures and Bonds
bse_all,977415,out_of_scope_segment,Debentures and Bonds
bse_all,977416,out_of_scope_segment,Debentures and Bonds
bse_all,977417,out_of_scope_segment,Debentures and Bonds
bse_all,977418,out_of_scope_segment,Debentures and Bonds
bse_all,977419,out_of_scope_segment,Debentures and Bonds
bse_all,977420,out_of_scope_segment,Debentures and Bonds
bse_all,977421,out_of_scope_segment,Debentures and Bonds
bse_all,977422,out_of_scope_segment,Debentures and Bonds
bse_all,977423,out_of_scope_segment,Debentures and Bonds
bse_all,977424,out_of_scope_segment,Debentures and Bonds
bse_all,977425,out_of_scope_segment,Debentures and Bonds
bse_all,977426,out_of_scope_segment,Debentures and Bonds
bse_all,977427,out_of_scope_segment,Debentures and Bonds
bse_all,977428,out_of_scope_segment,Debentures and Bonds
bse_all,977429,out_of_scope_segment,Debentures and Bonds
bse_all,977430,out_of_scope_segment,Debentures and Bonds
bse_all,977431,out_of_scope_segment,Debentures and Bonds
bse_all,977432,out_of_scope_segment,Debentures and Bonds
bse_all,977433,out_of_scope_segment,Debentures and Bonds
bse_all,977434,out_of_scope_segment,Debentures and Bonds
bse_all,977435,out_of_scope_segment,Debentures and Bonds
bse_all,977436,out_of_scope_segment,Debentures and Bonds
bse_all,977437,out_of_scope_segment,Debentures and Bonds
bse_all,977438,out_of_scope_segment,Debentures and Bonds
bse_all,977439,out_of_scope_segment,Debentures and Bonds
bse_all,977440,out_of_scope_segment,Debentures and Bonds
bse_all,977441,out_of_scope_segment,Debentures and Bonds
bse_all,977442,out_of_scope_segment,Debentures and Bonds
bse_all,977443,out_of_scope_segment,Debentures and Bonds
bse_all,977444,out_of_scope_segment,Debentures and Bonds
bse_all,977445,out_of_scope_segment,Debentures and Bonds
bse_all,977446,out_of_scope_segment,Debentures and Bonds
bse_all,977447,out_of_scope_segment,Debentures and Bonds
bse_all,977448,out_of_scope_segment,Debentures and Bonds
bse_all,977449,out_of_scope_segment,Debentures and Bonds
bse_all,977450,out_of_scope_segment,Debentures and Bonds
bse_all,977451,out_of_scope_segment,Debentures and Bonds
bse_all,977452,out_of_scope_segment,Debentures and Bonds
bse_all,977453,out_of_scope_segment,Debentures and Bonds
bse_all,977455,out_of_scope_segment,Debentures and Bonds
bse_all,977456,out_of_scope_segment,Debentures and Bonds
bse_all,977458,out_of_scope_segment,Debentures and Bonds
bse_all,977459,out_of_scope_segment,Debentures and Bonds
bse_all,977460,out_of_scope_segment,Debentures and Bonds
bse_all,977461,out_of_scope_segment,Debentures and Bonds
bse_all,977462,out_of_scope_segment,Debentures and Bonds
bse_all,977463,out_of_scope_segment,Debentures and Bonds
bse_all,977464,out_of_scope_segment,Debentures and Bonds
bse_all,977465,out_of_scope_segment,Debentures and Bonds
bse_all,977466,out_of_scope_segment,Debentures and Bonds
bse_all,977467,out_of_scope_segment,Debentures and Bonds
bse_all,977468,out_of_scope_segment,Debentures and Bonds
bse_all,977469,out_of_scope_segment,Debentures and Bonds
bse_all,977470,out_of_scope_segment,Debentures and Bonds
bse_all,977471,out_of_scope_segment,Debentures and Bonds
bse_all,977472,out_of_scope_segment,Debentures and Bonds
bse_all,977473,out_of_scope_segment,Debentures and Bonds
bse_all,977474,out_of_scope_segment,Debentures and Bonds
bse_all,977475,out_of_scope_segment,Debentures and Bonds
bse_all,977476,out_of_scope_segment,Debentures and Bonds
bse_all,977477,out_of_scope_segment,Debentures and Bonds
bse_all,977478,out_of_scope_segment,Debentures and Bonds
bse_all,977479,out_of_scope_segment,Debentures and Bonds
bse_all,977480,out_of_scope_segment,Debentures and Bonds
bse_all,977481,out_of_scope_segment,Debentures and Bonds
bse_all,977482,out_of_scope_segment,Debentures and Bonds
bse_all,977483,out_of_scope_segment,Debentures and Bonds
bse_all,977484,out_of_scope_segment,Debentures and Bonds
bse_all,977485,out_of_scope_segment,Debentures and Bonds
bse_all,977486,out_of_scope_segment,Debentures and Bonds
bse_all,977487,out_of_scope_segment,Debentures and Bonds
bse_all,977488,out_of_scope_segment,Debentures and Bonds
bse_all,977489,out_of_scope_segment,Debentures and Bonds
bse_all,977490,out_of_scope_segment,Debentures and Bonds
bse_all,977491,out_of_scope_segment,Debentures and Bonds
bse_all,977492,out_of_scope_segment,Debentures and Bonds
bse_all,977493,out_of_scope_segment,Debentures and Bonds
bse_all,977494,out_of_scope_segment,Debentures and Bonds
bse_all,977495,out_of_scope_segment,Debentures and Bonds
bse_all,977496,out_of_scope_segment,Debentures and Bonds
bse_all,977497,out_of_scope_segment,Debentures and Bonds
bse_all,977498,out_of_scope_segment,Debentures and Bonds
bse_all,977499,out_of_scope_segment,Debentures and Bonds
bse_all,977500,out_of_scope_segment,Debentures and Bonds
bse_all,977501,out_of_scope_segment,Debentures and Bonds
bse_all,977502,out_of_scope_segment,Debentures and Bonds
bse_all,977504,out_of_scope_segment,Debentures and Bonds
bse_all,977505,out_of_scope_segment,Debentures and Bonds
bse_all,977506,out_of_scope_segment,Debentures and Bonds
bse_all,977507,out_of_scope_segment,Debentures and Bonds
bse_all,977508,out_of_scope_segment,Debentures and Bonds
bse_all,977509,out_of_scope_segment,Debentures and Bonds
bse_all,977510,out_of_scope_segment,Debentures and Bonds
bse_all,977511,out_of_scope_segment,Debentures and Bonds
bse_all,977512,out_of_scope_segment,Debentures and Bonds
bse_all,977513,out_of_scope_segment,Debentures and Bonds
bse_all,977514,out_of_scope_segment,Debentures and Bonds
bse_all,977515,out_of_scope_segment,Debentures and Bonds
bse_all,977516,out_of_scope_segment,Debentures and Bonds
bse_all,977517,out_of_scope_segment,Debentures and Bonds
bse_all,977518,out_of_scope_segment,Debentures and Bonds
bse_all,977519,out_of_scope_segment,Debentures and Bonds
bse_all,977520,out_of_scope_segment,Debentures and Bonds
bse_all,977521,out_of_scope_segment,Debentures and Bonds
bse_all,977522,out_of_scope_segment,Debentures and Bonds
bse_all,977523,out_of_scope_segment,Debentures and Bonds
bse_all,977524,out_of_scope_segment,Debentures and Bonds
bse_all,977525,out_of_scope_segment,Debentures and Bonds
bse_all,977526,out_of_scope_segment,Debentures and Bonds
bse_all,977527,out_of_scope_segment,Debentures and Bonds
bse_all,977528,out_of_scope_segment,Debentures and Bonds
bse_all,977529,out_of_scope_segment,Debentures and Bonds
bse_all,977530,out_of_scope_segment,Debentures and Bonds
bse_all,977531,out_of_scope_segment,Debentures and Bonds
bse_all,977532,out_of_scope_segment,Debentures and Bonds
bse_all,977533,out_of_scope_segment,Debentures and Bonds
bse_all,977534,out_of_scope_segment,Debentures and Bonds
bse_all,977535,out_of_scope_segment,Debentures and Bonds
bse_all,977536,out_of_scope_segment,Debentures and Bonds
bse_all,977537,out_of_scope_segment,Debentures and Bonds
bse_all,977538,out_of_scope_segment,Debentures and Bonds
bse_all,977539,out_of_scope_segment,Debentures and Bonds
bse_all,977540,out_of_scope_segment,Debentures and Bonds
bse_all,977541,out_of_scope_segment,Debentures and Bonds
bse_all,977542,out_of_scope_segment,Debentures and Bonds
bse_all,977543,out_of_scope_segment,Debentures and Bonds
bse_all,977544,out_of_scope_segment,Debentures and Bonds
bse_all,977545,out_of_scope_segment,Debentures and Bonds
bse_all,977546,out_of_scope_segment,Debentures and Bonds
bse_all,977547,out_of_scope_segment,Debentures and Bonds
bse_all,977548,out_of_scope_segment,Debentures and Bonds
bse_all,977549,out_of_scope_segment,Debentures and Bonds
bse_all,977550,out_of_scope_segment,Debentures and Bonds
bse_all,977551,out_of_scope_segment,Debentures and Bonds
bse_all,977552,out_of_scope_segment,Debentures and Bonds
bse_all,977553,out_of_scope_segment,Debentures and Bonds
bse_all,977554,out_of_scope_segment,Debentures and Bonds
bse_all,977555,out_of_scope_segment,Debentures and Bonds
bse_all,977556,out_of_scope_segment,Debentures and Bonds
bse_all,977557,out_of_scope_segment,Debentures and Bonds
bse_all,977558,out_of_scope_segment,Debentures and Bonds
bse_all,977559,out_of_scope_segment,Debentures and Bonds
bse_all,977560,out_of_scope_segment,Debentures and Bonds
bse_all,977561,out_of_scope_segment,Debentures and Bonds
bse_all,977562,out_of_scope_segment,Debentures and Bonds
bse_all,977563,out_of_scope_segment,Debentures and Bonds
bse_all,977564,out_of_scope_segment,Debentures and Bonds
bse_all,977565,out_of_scope_segment,Debentures and Bonds
bse_all,977566,out_of_scope_segment,Debentures and Bonds
bse_all,977567,out_of_scope_segment,Debentures and Bonds
bse_all,977568,out_of_scope_segment,Debentures and Bonds
bse_all,977569,out_of_scope_segment,Debentures and Bonds
bse_all,977570,out_of_scope_segment,Debentures and Bonds
bse_all,977571,out_of_scope_segment,Debentures and Bonds
bse_all,977572,out_of_scope_segment,Debentures and Bonds
bse_all,977573,out_of_scope_segment,Debentures and Bonds
bse_all,977574,out_of_scope_segment,Debentures and Bonds
bse_all,977575,out_of_scope_segment,Debentures and Bonds
bse_all,977576,out_of_scope_segment,Debentures and Bonds
bse_all,977577,out_of_scope_segment,Debentures and Bonds
bse_all,977578,out_of_scope_segment,Debentures and Bonds
bse_all,977579,out_of_scope_segment,Debentures and Bonds
bse_all,977580,out_of_scope_segment,Debentures and Bonds
bse_all,977581,out_of_scope_segment,Debentures and Bonds
bse_all,977582,out_of_scope_segment,Debentures and Bonds
bse_all,977583,out_of_scope_segment,Debentures and Bonds
bse_all,977584,out_of_scope_segment,Debentures and Bonds
bse_all,977585,out_of_scope_segment,Debentures and Bonds
bse_all,977586,out_of_scope_segment,Debentures and Bonds
bse_all,977587,out_of_scope_segment,Debentures and Bonds
bse_all,977588,out_of_scope_segment,Debentures and Bonds
bse_all,977589,out_of_scope_segment,Debentures and Bonds
bse_all,977590,out_of_scope_segment,Debentures and Bonds
bse_all,977591,out_of_scope_segment,Debentures and Bonds
bse_all,977592,out_of_scope_segment,Debentures and Bonds
bse_all,977593,out_of_scope_segment,Debentures and Bonds
bse_all,977594,out_of_scope_segment,Debentures and Bonds
bse_all,977595,out_of_scope_segment,Debentures and Bonds
bse_all,977596,out_of_scope_segment,Debentures and Bonds
bse_all,977597,out_of_scope_segment,Debentures and Bonds
bse_all,977598,out_of_scope_segment,Debentures and Bonds
bse_all,977599,out_of_scope_segment,Debentures and Bonds
bse_all,977600,out_of_scope_segment,Debentures and Bonds
bse_all,977601,out_of_scope_segment,Debentures and Bonds
bse_all,977602,out_of_scope_segment,Debentures and Bonds
bse_all,977603,out_of_scope_segment,Debentures and Bonds
bse_all,977604,out_of_scope_segment,Debentures and Bonds
bse_all,977605,out_of_scope_segment,Debentures and Bonds
bse_all,977606,out_of_scope_segment,Debentures and Bonds
bse_all,977607,out_of_scope_segment,Debentures and Bonds
bse_all,977608,out_of_scope_segment,Debentures and Bonds
bse_all,977609,out_of_scope_segment,Debentures and Bonds
bse_all,977610,out_of_scope_segment,Debentures and Bonds
bse_all,977611,out_of_scope_segment,Debentures and Bonds
bse_all,977612,out_of_scope_segment,Debentures and Bonds
bse_all,977613,out_of_scope_segment,Debentures and Bonds
bse_all,977614,out_of_scope_segment,Debentures and Bonds
bse_all,977615,out_of_scope_segment,Debentures and Bonds
bse_all,977616,out_of_scope_segment,Debentures and Bonds
bse_all,977617,out_of_scope_segment,Debentures and Bonds
bse_all,977618,out_of_scope_segment,Debentures and Bonds
bse_all,977619,out_of_scope_segment,Debentures and Bonds
bse_all,977620,out_of_scope_segment,Debentures and Bonds
bse_all,977621,out_of_scope_segment,Debentures and Bonds
bse_all,977622,out_of_scope_segment,Debentures and Bonds
bse_all,977623,out_of_scope_segment,Debentures and Bonds
bse_all,977624,out_of_scope_segment,Debentures and Bonds
bse_all,977625,out_of_scope_segment,Debentures and Bonds
bse_all,977626,out_of_scope_segment,Debentures and Bonds
bse_all,977627,out_of_scope_segment,Debentures and Bonds
bse_all,977628,out_of_scope_segment,Debentures and Bonds
bse_all,977629,out_of_scope_segment,Debentures and Bonds
bse_all,977630,out_of_scope_segment,Debentures and Bonds
bse_all,977631,out_of_scope_segment,Debentures and Bonds
bse_all,977632,out_of_scope_segment,Debentures and Bonds
bse_all,977633,out_of_scope_segment,Debentures and Bonds
bse_all,977634,out_of_scope_segment,Debentures and Bonds
bse_all,977635,out_of_scope_segment,Debentures and Bonds
bse_all,977636,out_of_scope_segment,Debentures and Bonds
bse_all,977637,out_of_scope_segment,Debentures and Bonds
bse_all,977638,out_of_scope_segment,Debentures and Bonds
bse_all,977639,out_of_scope_segment,Debentures and Bonds
bse_all,977640,out_of_scope_segment,Debentures and Bonds
bse_all,977641,out_of_scope_segment,Debentures and Bonds
bse_all,977642,out_of_scope_segment,Debentures and Bonds
bse_all,977643,out_of_scope_segment,Debentures and Bonds
bse_all,977644,out_of_scope_segment,Debentures and Bonds
bse_all,977645,out_of_scope_segment,Debentures and Bonds
bse_all,977646,out_of_scope_segment,Debentures and Bonds
bse_all,977647,out_of_scope_segment,Debentures and Bonds
bse_all,977648,out_of_scope_segment,Debentures and Bonds
bse_all,977649,out_of_scope_segment,Debentures and Bonds
bse_all,977650,out_of_scope_segment,Debentures and Bonds
bse_all,977651,out_of_scope_segment,Debentures and Bonds
bse_all,977652,out_of_scope_segment,Debentures and Bonds
bse_all,977653,out_of_scope_segment,Debentures and Bonds
bse_all,977654,out_of_scope_segment,Debentures and Bonds
bse_all,977655,out_of_scope_segment,Debentures and Bonds
bse_all,977656,out_of_scope_segment,Debentures and Bonds
bse_all,977657,out_of_scope_segment,Debentures and Bonds
bse_all,977658,out_of_scope_segment,Debentures and Bonds
bse_all,977659,out_of_scope_segment,Debentures and Bonds
bse_all,977660,out_of_scope_segment,Debentures and Bonds
bse_all,977661,out_of_scope_segment,Debentures and Bonds
bse_all,977662,out_of_scope_segment,Debentures and Bonds
bse_all,977663,out_of_scope_segment,Debentures and Bonds
bse_all,977664,out_of_scope_segment,Debentures and Bonds
bse_all,977665,out_of_scope_segment,Debentures and Bonds
bse_all,977666,out_of_scope_segment,Debentures and Bonds
bse_all,977667,out_of_scope_segment,Debentures and Bonds
bse_all,977668,out_of_scope_segment,Debentures and Bonds
bse_all,977669,out_of_scope_segment,Debentures and Bonds
bse_all,977670,out_of_scope_segment,Debentures and Bonds
bse_all,977671,out_of_scope_segment,Debentures and Bonds
bse_all,977672,out_of_scope_segment,Debentures and Bonds
bse_all,977673,out_of_scope_segment,Debentures and Bonds
bse_all,977674,out_of_scope_segment,Debentures and Bonds
bse_all,977675,out_of_scope_segment,Debentures and Bonds
bse_all,977676,out_of_scope_segment,Debentures and Bonds
bse_all,977677,out_of_scope_segment,Debentures and Bonds
bse_all,977678,out_of_scope_segment,Debentures and Bonds
bse_all,977679,out_of_scope_segment,Debentures and Bonds
bse_all,977680,out_of_scope_segment,Debentures and Bonds
bse_all,977681,out_of_scope_segment,Debentures and Bonds
bse_all,977682,out_of_scope_segment,Debentures and Bonds
bse_all,977683,out_of_scope_segment,Debentures and Bonds
bse_all,977684,out_of_scope_segment,Debentures and Bonds
bse_all,977685,out_of_scope_segment,Debentures and Bonds
bse_all,977686,out_of_scope_segment,Debentures and Bonds
bse_all,977687,out_of_scope_segment,Debentures and Bonds
bse_all,977688,out_of_scope_segment,Debentures and Bonds
bse_all,977689,out_of_scope_segment,Debentures and Bonds
bse_all,977690,out_of_scope_segment,Debentures and Bonds
bse_all,977691,out_of_scope_segment,Debentures and Bonds
bse_all,977692,out_of_scope_segment,Debentures and Bonds
bse_all,977693,out_of_scope_segment,Debentures and Bonds
bse_all,977694,out_of_scope_segment,Debentures and Bonds
bse_all,977695,out_of_scope_segment,Debentures and Bonds
bse_all,977696,out_of_scope_segment,Debentures and Bonds
bse_all,977697,out_of_scope_segment,Debentures and Bonds
bse_all,977698,out_of_scope_segment,Debentures and Bonds
bse_all,977699,out_of_scope_segment,Debentures and Bonds
bse_all,977700,out_of_scope_segment,Debentures and Bonds
bse_all,977701,out_of_scope_segment,Debentures and Bonds
bse_all,977702,out_of_scope_segment,Debentures and Bonds
bse_all,977703,out_of_scope_segment,Debentures and Bonds
bse_all,977704,out_of_scope_segment,Debentures and Bonds
bse_all,977705,out_of_scope_segment,Debentures and Bonds
bse_all,977706,out_of_scope_segment,Debentures and Bonds
bse_all,977707,out_of_scope_segment,Debentures and Bonds
bse_all,977708,out_of_scope_segment,Debentures and Bonds
bse_all,977709,out_of_scope_segment,Debentures and Bonds
bse_all,977710,out_of_scope_segment,Debentures and Bonds
bse_all,977711,out_of_scope_segment,Debentures and Bonds
bse_all,977712,out_of_scope_segment,Debentures and Bonds
bse_all,977713,out_of_scope_segment,Debentures and Bonds
bse_all,977714,out_of_scope_segment,Debentures and Bonds
bse_all,977715,out_of_scope_segment,Debentures and Bonds
bse_all,977716,out_of_scope_segment,Debentures and Bonds
bse_all,977717,out_of_scope_segment,Debentures and Bonds
bse_all,977718,out_of_scope_segment,Debentures and Bonds
bse_all,977719,out_of_scope_segment,Debentures and Bonds
bse_all,977720,out_of_scope_segment,Debentures and Bonds
bse_all,977721,out_of_scope_segment,Debentures and Bonds
bse_all,977722,out_of_scope_segment,Debentures and Bonds
bse_all,977723,out_of_scope_segment,Debentures and Bonds
bse_all,977724,out_of_scope_segment,Debentures and Bonds
bse_all,977725,out_of_scope_segment,Debentures and Bonds
bse_all,977726,out_of_scope_segment,Debentures and Bonds
bse_all,977727,out_of_scope_segment,Debentures and Bonds
bse_all,977728,out_of_scope_segment,Debentures and Bonds
bse_all,977729,out_of_scope_segment,Debentures and Bonds
bse_all,977730,out_of_scope_segment,Debentures and Bonds
bse_all,977731,out_of_scope_segment,Debentures and Bonds
bse_all,977732,out_of_scope_segment,Debentures and Bonds
bse_all,977733,out_of_scope_segment,Debentures and Bonds
bse_all,977734,out_of_scope_segment,Debentures and Bonds
bse_all,977735,out_of_scope_segment,Debentures and Bonds
bse_all,977736,out_of_scope_segment,Debentures and Bonds
bse_all,977737,out_of_scope_segment,Debentures and Bonds
bse_all,977738,out_of_scope_segment,Debentures and Bonds
bse_all,977739,out_of_scope_segment,Debentures and Bonds
bse_all,977740,out_of_scope_segment,Debentures and Bonds
bse_all,977741,out_of_scope_segment,Debentures and Bonds
bse_all,977742,out_of_scope_segment,Debentures and Bonds
bse_all,977743,out_of_scope_segment,Debentures and Bonds
bse_all,977744,out_of_scope_segment,Debentures and Bonds
bse_all,977745,out_of_scope_segment,Debentures and Bonds
bse_all,977746,out_of_scope_segment,Debentures and Bonds
bse_all,977747,out_of_scope_segment,Debentures and Bonds
bse_all,977748,out_of_scope_segment,Debentures and Bonds
bse_all,977749,out_of_scope_segment,Debentures and Bonds
bse_all,977750,out_of_scope_segment,Debentures and Bonds
bse_all,977751,out_of_scope_segment,Debentures and Bonds
bse_all,977752,out_of_scope_segment,Debentures and Bonds
bse_all,977753,out_of_scope_segment,Debentures and Bonds
bse_all,977754,out_of_scope_segment,Debentures and Bonds
bse_all,977755,out_of_scope_segment,Debentures and Bonds
bse_all,977756,out_of_scope_segment,Debentures and Bonds
bse_all,977757,out_of_scope_segment,Debentures and Bonds
bse_all,977758,out_of_scope_segment,Debentures and Bonds
bse_all,977759,out_of_scope_segment,Debentures and Bonds
bse_all,977760,out_of_scope_segment,Debentures and Bonds
bse_all,977761,out_of_scope_segment,Debentures and Bonds
bse_all,977762,out_of_scope_segment,Debentures and Bonds
bse_all,977763,out_of_scope_segment,Debentures and Bonds
bse_all,977764,out_of_scope_segment,Debentures and Bonds
bse_all,977765,out_of_scope_segment,Debentures and Bonds
bse_all,977766,out_of_scope_segment,Debentures and Bonds
bse_all,977767,out_of_scope_segment,Debentures and Bonds
bse_all,977768,out_of_scope_segment,Debentures and Bonds
bse_all,977769,out_of_scope_segment,Debentures and Bonds
bse_all,977770,out_of_scope_segment,Debentures and Bonds
bse_all,977771,out_of_scope_segment,Debentures and Bonds
bse_all,977772,out_of_scope_segment,Debentures and Bonds
bse_all,977773,out_of_scope_segment,Debentures and Bonds
bse_all,977774,out_of_scope_segment,Debentures and Bonds
bse_all,977775,out_of_scope_segment,Debentures and Bonds
bse_all,977776,out_of_scope_segment,Debentures and Bonds
bse_all,977777,out_of_scope_segment,Debentures and Bonds
bse_all,977778,out_of_scope_segment,Debentures and Bonds
bse_all,977779,out_of_scope_segment,Debentures and Bonds
bse_all,977780,out_of_scope_segment,Debentures and Bonds
bse_all,977781,out_of_scope_segment,Debentures and Bonds
bse_all,977782,out_of_scope_segment,Debentures and Bonds
bse_all,977783,out_of_scope_segment,Debentures and Bonds
bse_all,977784,out_of_scope_segment,Debentures and Bonds
bse_all,977785,out_of_scope_segment,Debentures and Bonds
bse_all,977786,out_of_scope_segment,Debentures and Bonds
bse_all,977787,out_of_scope_segment,Debentures and Bonds
bse_all,977788,out_of_scope_segment,Debentures and Bonds
bse_all,977789,out_of_scope_segment,Debentures and Bonds
bse_all,977790,out_of_scope_segment,Debentures and Bonds
bse_all,977791,out_of_scope_segment,Debentures and Bonds
bse_all,977792,out_of_scope_segment,Debentures and Bonds
bse_all,977793,out_of_scope_segment,Debentures and Bonds
bse_all,977794,out_of_scope_segment,Debentures and Bonds
bse_all,977795,out_of_scope_segment,Debentures and Bonds
bse_all,977796,out_of_scope_segment,Debentures and Bonds
bse_all,977797,out_of_scope_segment,Debentures and Bonds
bse_all,977798,out_of_scope_segment,Debentures and Bonds
bse_all,977799,out_of_scope_segment,Debentures and Bonds
bse_all,977800,out_of_scope_segment,Debentures and Bonds
bse_all,977801,out_of_scope_segment,Debentures and Bonds
bse_all,977802,out_of_scope_segment,Debentures and Bonds
bse_all,977803,out_of_scope_segment,Debentures and Bonds
bse_all,977804,out_of_scope_segment,Debentures and Bonds
bse_all,977805,out_of_scope_segment,Debentures and Bonds
bse_all,977806,out_of_scope_segment,Debentures and Bonds
bse_all,977807,out_of_scope_segment,Debentures and Bonds
bse_all,977808,out_of_scope_segment,Debentures and Bonds
bse_all,977809,out_of_scope_segment,Debentures and Bonds
bse_all,977810,out_of_scope_segment,Debentures and Bonds
bse_all,977811,out_of_scope_segment,Debentures and Bonds
bse_all,977812,out_of_scope_segment,Debentures and Bonds
bse_all,977813,out_of_scope_segment,Debentures and Bonds
bse_all,977814,out_of_scope_segment,Debentures and Bonds
bse_all,977815,out_of_scope_segment,Debentures and Bonds
bse_all,977816,out_of_scope_segment,Debentures and Bonds
bse_all,977817,out_of_scope_segment,Debentures and Bonds
bse_all,977818,out_of_scope_segment,Debentures and Bonds
bse_all,977819,out_of_scope_segment,Debentures and Bonds
bse_all,977820,out_of_scope_segment,Debentures and Bonds
bse_all,977821,out_of_scope_segment,Debentures and Bonds
bse_all,977822,out_of_scope_segment,Debentures and Bonds
bse_all,977823,out_of_scope_segment,Debentures and Bonds
bse_all,977824,out_of_scope_segment,Debentures and Bonds
bse_all,977825,out_of_scope_segment,Debentures and Bonds
bse_all,977826,out_of_scope_segment,Debentures and Bonds
bse_all,977827,out_of_scope_segment,Debentures and Bonds
bse_all,977828,out_of_scope_segment,Debentures and Bonds
bse_all,977829,out_of_scope_segment,Debentures and Bonds
bse_all,977830,out_of_scope_segment,Debentures and Bonds
bse_all,977831,out_of_scope_segment,Debentures and Bonds
bse_all,977832,out_of_scope_segment,Debentures and Bonds
bse_all,977833,out_of_scope_segment,Debentures and Bonds
bse_all,977834,out_of_scope_segment,Debentures and Bonds
bse_all,977835,out_of_scope_segment,Debentures and Bonds
bse_all,977836,out_of_scope_segment,Debentures and Bonds
bse_all,977837,out_of_scope_segment,Debentures and Bonds
bse_all,977838,out_of_scope_segment,Debentures and Bonds
bse_all,977839,out_of_scope_segment,Debentures and Bonds
bse_all,977840,out_of_scope_segment,Debentures and Bonds
bse_all,977841,out_of_scope_segment,Debentures and Bonds
bse_all,977842,out_of_scope_segment,Debentures and Bonds
bse_all,977843,out_of_scope_segment,Debentures and Bonds
bse_all,977844,out_of_scope_segment,Debentures and Bonds
bse_all,977845,out_of_scope_segment,Debentures and Bonds
bse_all,977846,out_of_scope_segment,Debentures and Bonds
bse_all,977847,out_of_scope_segment,Debentures and Bonds
bse_all,977848,out_of_scope_segment,Debentures and Bonds
bse_all,977849,out_of_scope_segment,Debentures and Bonds
bse_all,977850,out_of_scope_segment,Debentures and Bonds
bse_all,977851,out_of_scope_segment,Debentures and Bonds
bse_all,977852,out_of_scope_segment,Debentures and Bonds
bse_all,977853,out_of_scope_segment,Debentures and Bonds
bse_all,977854,out_of_scope_segment,Debentures and Bonds
bse_all,977855,out_of_scope_segment,Debentures and Bonds
bse_all,977856,out_of_scope_segment,Debentures and Bonds
bse_all,977857,out_of_scope_segment,Debentures and Bonds
bse_all,977858,out_of_scope_segment,Debentures and Bonds
bse_all,977859,out_of_scope_segment,Debentures and Bonds
bse_all,977860,out_of_scope_segment,Debentures and Bonds
bse_all,977861,out_of_scope_segment,Debentures and Bonds
bse_all,977862,out_of_scope_segment,Debentures and Bonds
bse_all,977863,out_of_scope_segment,Debentures and Bonds
bse_all,977864,out_of_scope_segment,Debentures and Bonds
bse_all,977865,out_of_scope_segment,Debentures and Bonds
bse_all,977866,out_of_scope_segment,Debentures and Bonds
bse_all,977867,out_of_scope_segment,Debentures and Bonds
bse_all,977868,out_of_scope_segment,Debentures and Bonds
bse_all,977869,out_of_scope_segment,Debentures and Bonds
bse_all,977870,out_of_scope_segment,Debentures and Bonds
bse_all,977871,out_of_scope_segment,Debentures and Bonds
bse_all,977872,out_of_scope_segment,Debentures and Bonds
bse_all,977873,out_of_scope_segment,Debentures and Bonds
bse_all,977874,out_of_scope_segment,Debentures and Bonds
bse_all,977875,out_of_scope_segment,Debentures and Bonds
bse_all,977876,out_of_scope_segment,Debentures and Bonds
bse_all,977877,out_of_scope_segment,Debentures and Bonds
bse_all,977878,out_of_scope_segment,Debentures and Bonds
bse_all,977879,out_of_scope_segment,Debentures and Bonds
bse_all,977880,out_of_scope_segment,Debentures and Bonds
bse_all,977881,out_of_scope_segment,Debentures and Bonds
bse_all,977882,out_of_scope_segment,Debentures and Bonds
bse_all,977883,out_of_scope_segment,Debentures and Bonds
bse_all,977884,out_of_scope_segment,Debentures and Bonds
bse_all,977885,out_of_scope_segment,Debentures and Bonds
bse_all,977886,out_of_scope_segment,Debentures and Bonds
bse_all,977887,out_of_scope_segment,Debentures and Bonds
bse_all,977888,out_of_scope_segment,Debentures and Bonds
bse_all,977889,out_of_scope_segment,Debentures and Bonds
bse_all,977890,out_of_scope_segment,Debentures and Bonds
bse_all,977891,out_of_scope_segment,Debentures and Bonds
bse_all,977892,out_of_scope_segment,Debentures and Bonds
bse_all,977893,out_of_scope_segment,Debentures and Bonds
bse_all,977894,out_of_scope_segment,Debentures and Bonds
bse_all,977895,out_of_scope_segment,Debentures and Bonds
bse_all,977896,out_of_scope_segment,Debentures and Bonds
bse_all,977897,out_of_scope_segment,Debentures and Bonds
bse_all,977898,out_of_scope_segment,Debentures and Bonds
bse_all,977899,out_of_scope_segment,Debentures and Bonds
bse_all,977900,out_of_scope_segment,Debentures and Bonds
bse_all,977901,out_of_scope_segment,Debentures and Bonds
bse_all,977902,out_of_scope_segment,Debentures and Bonds
bse_all,977903,out_of_scope_segment,Debentures and Bonds
bse_all,977904,out_of_scope_segment,Debentures and Bonds
bse_all,977905,out_of_scope_segment,Debentures and Bonds
bse_all,977906,out_of_scope_segment,Debentures and Bonds
bse_all,977907,out_of_scope_segment,Debentures and Bonds
bse_all,977908,out_of_scope_segment,Debentures and Bonds
bse_all,977909,out_of_scope_segment,Debentures and Bonds
bse_all,977910,out_of_scope_segment,Debentures and Bonds
bse_all,977911,out_of_scope_segment,Debentures and Bonds
bse_all,977912,out_of_scope_segment,Debentures and Bonds
bse_all,977913,out_of_scope_segment,Debentures and Bonds
bse_all,977914,out_of_scope_segment,Debentures and Bonds
bse_all,977915,out_of_scope_segment,Debentures and Bonds
bse_all,977916,out_of_scope_segment,Debentures and Bonds
bse_all,977917,out_of_scope_segment,Debentures and Bonds
bse_all,977918,out_of_scope_segment,Debentures and Bonds
bse_all,977919,out_of_scope_segment,Debentures and Bonds
bse_all,977920,out_of_scope_segment,Debentures and Bonds
bse_all,977921,out_of_scope_segment,Debentures and Bonds
bse_all,977922,out_of_scope_segment,Debentures and Bonds
bse_all,977923,out_of_scope_segment,Debentures and Bonds
bse_all,977924,out_of_scope_segment,Debentures and Bonds
bse_all,977925,out_of_scope_segment,Debentures and Bonds
bse_all,977926,out_of_scope_segment,Debentures and Bonds
bse_all,977927,out_of_scope_segment,Debentures and Bonds
bse_all,977928,out_of_scope_segment,Debentures and Bonds
bse_all,977929,out_of_scope_segment,Debentures and Bonds
bse_all,977930,out_of_scope_segment,Debentures and Bonds
bse_all,977931,out_of_scope_segment,Debentures and Bonds
bse_all,977932,out_of_scope_segment,Debentures and Bonds
bse_all,977933,out_of_scope_segment,Debentures and Bonds
bse_all,977934,out_of_scope_segment,Debentures and Bonds
bse_all,977935,out_of_scope_segment,Debentures and Bonds
bse_all,977936,out_of_scope_segment,Debentures and Bonds
bse_all,977937,out_of_scope_segment,Debentures and Bonds
bse_all,977938,out_of_scope_segment,Debentures and Bonds
bse_all,977939,out_of_scope_segment,Debentures and Bonds
bse_all,977940,out_of_scope_segment,Debentures and Bonds
bse_all,977941,out_of_scope_segment,Debentures and Bonds
bse_all,977942,out_of_scope_segment,Debentures and Bonds
bse_all,977943,out_of_scope_segment,Debentures and Bonds
bse_all,977944,out_of_scope_segment,Debentures and Bonds
bse_all,977945,out_of_scope_segment,Debentures and Bonds
bse_all,977946,out_of_scope_segment,Debentures and Bonds
bse_all,977947,out_of_scope_segment,Debentures and Bonds
bse_all,977948,out_of_scope_segment,Debentures and Bonds
bse_all,977949,out_of_scope_segment,Debentures and Bonds
bse_all,977950,out_of_scope_segment,Debentures and Bonds
bse_all,977951,out_of_scope_segment,Debentures and Bonds
bse_all,977952,out_of_scope_segment,Debentures and Bonds
bse_all,977953,out_of_scope_segment,Debentures and Bonds
bse_all,977954,out_of_scope_segment,Debentures and Bonds
bse_all,977955,out_of_scope_segment,Debentures and Bonds
bse_all,977956,out_of_scope_segment,Debentures and Bonds
bse_all,977957,out_of_scope_segment,Debentures and Bonds
bse_all,977958,out_of_scope_segment,Debentures and Bonds
bse_all,977959,out_of_scope_segment,Debentures and Bonds
bse_all,977960,out_of_scope_segment,Debentures and Bonds
bse_all,977961,out_of_scope_segment,Debentures and Bonds
bse_all,977962,out_of_scope_segment,Debentures and Bonds
bse_all,977963,out_of_scope_segment,Debentures and Bonds
bse_all,977964,out_of_scope_segment,Debentures and Bonds
bse_all,977965,out_of_scope_segment,Debentures and Bonds
bse_all,977966,out_of_scope_segment,Debentures and Bonds
bse_all,977967,out_of_scope_segment,Debentures and Bonds
bse_all,977968,out_of_scope_segment,Debentures and Bonds
bse_all,977969,out_of_scope_segment,Debentures and Bonds
bse_all,977970,out_of_scope_segment,Debentures and Bonds
bse_all,977971,out_of_scope_segment,Debentures and Bonds
bse_all,977972,out_of_scope_segment,Debentures and Bonds
bse_all,977973,out_of_scope_segment,Debentures and Bonds
bse_all,977974,out_of_scope_segment,Debentures and Bonds
bse_all,977975,out_of_scope_segment,Debentures and Bonds
bse_all,977976,out_of_scope_segment,Debentures and Bonds
bse_all,977977,out_of_scope_segment,Debentures and Bonds
bse_all,977978,out_of_scope_segment,Debentures and Bonds
bse_all,977979,out_of_scope_segment,Debentures and Bonds
bse_all,977980,out_of_scope_segment,Debentures and Bonds
bse_all,977981,out_of_scope_segment,Debentures and Bonds
bse_all,977982,out_of_scope_segment,Debentures and Bonds
bse_all,977983,out_of_scope_segment,Debentures and Bonds
bse_all,977984,out_of_scope_segment,Debentures and Bonds
bse_all,977985,out_of_scope_segment,Debentures and Bonds
bse_all,977986,out_of_scope_segment,Debentures and Bonds
bse_all,977987,out_of_scope_segment,Debentures and Bonds
bse_all,977988,out_of_scope_segment,Debentures and Bonds
bse_all,977989,out_of_scope_segment,Debentures and Bonds
bse_all,977990,out_of_scope_segment,Debentures and Bonds
bse_all,977991,out_of_scope_segment,Debentures and Bonds
bse_all,977992,out_of_scope_segment,Debentures and Bonds
bse_all,977993,out_of_scope_segment,Debentures and Bonds
bse_all,977994,out_of_scope_segment,Debentures and Bonds
bse_all,977995,out_of_scope_segment,Debentures and Bonds
bse_all,977996,out_of_scope_segment,Debentures and Bonds
bse_all,977997,out_of_scope_segment,Debentures and Bonds
bse_all,977998,out_of_scope_segment,Debentures and Bonds
bse_all,977999,out_of_scope_segment,Debentures and Bonds
bse_all,978000,out_of_scope_segment,Debentures and Bonds
bse_all,978001,out_of_scope_segment,Debentures and Bonds
bse_all,978002,out_of_scope_segment,Debentures and Bonds
bse_all,978003,out_of_scope_segment,Debentures and Bonds
bse_all,978004,out_of_scope_segment,Debentures and Bonds
bse_all,978005,out_of_scope_segment,Debentures and Bonds
bse_all,978006,out_of_scope_segment,Debentures and Bonds
bse_all,978007,out_of_scope_segment,Debentures and Bonds
bse_all,978008,out_of_scope_segment,Debentures and Bonds
bse_all,978009,out_of_scope_segment,Debentures and Bonds
bse_all,978010,out_of_scope_segment,Debentures and Bonds
bse_all,978011,out_of_scope_segment,Debentures and Bonds
bse_all,978012,out_of_scope_segment,Debentures and Bonds
bse_all,978013,out_of_scope_segment,Debentures and Bonds
bse_all,978014,out_of_scope_segment,Debentures and Bonds
bse_all,978015,out_of_scope_segment,Debentures and Bonds
bse_all,978016,out_of_scope_segment,Debentures and Bonds
bse_all,978017,out_of_scope_segment,Debentures and Bonds
bse_all,978018,out_of_scope_segment,Debentures and Bonds
bse_all,978019,out_of_scope_segment,Debentures and Bonds
bse_all,978020,out_of_scope_segment,Debentures and Bonds
bse_all,978021,out_of_scope_segment,Debentures and Bonds
bse_all,978022,out_of_scope_segment,Debentures and Bonds
bse_all,978023,out_of_scope_segment,Debentures and Bonds
bse_all,978024,out_of_scope_segment,Debentures and Bonds
bse_all,978025,out_of_scope_segment,Debentures and Bonds
bse_all,978026,out_of_scope_segment,Debentures and Bonds
bse_all,978027,out_of_scope_segment,Debentures and Bonds
bse_all,978028,out_of_scope_segment,Debentures and Bonds
bse_all,978029,out_of_scope_segment,Debentures and Bonds
bse_all,978030,out_of_scope_segment,Debentures and Bonds
bse_all,978031,out_of_scope_segment,Debentures and Bonds
bse_all,978032,out_of_scope_segment,Debentures and Bonds
bse_all,978033,out_of_scope_segment,Debentures and Bonds
bse_all,978034,out_of_scope_segment,Debentures and Bonds
bse_all,978035,out_of_scope_segment,Debentures and Bonds
bse_all,978036,out_of_scope_segment,Debentures and Bonds
bse_all,978037,out_of_scope_segment,Debentures and Bonds
bse_all,978038,out_of_scope_segment,Debentures and Bonds
bse_all,978039,out_of_scope_segment,Debentures and Bonds
bse_all,978040,out_of_scope_segment,Debentures and Bonds
bse_all,978041,out_of_scope_segment,Debentures and Bonds
bse_all,978042,out_of_scope_segment,Debentures and Bonds
bse_all,978043,out_of_scope_segment,Debentures and Bonds
bse_all,978044,out_of_scope_segment,Debentures and Bonds
bse_all,978045,out_of_scope_segment,Debentures and Bonds
bse_all,978046,out_of_scope_segment,Debentures and Bonds
bse_all,978047,out_of_scope_segment,Debentures and Bonds
bse_all,978048,out_of_scope_segment,Debentures and Bonds
bse_all,978049,out_of_scope_segment,Debentures and Bonds
bse_all,978050,out_of_scope_segment,Debentures and Bonds
bse_all,978051,out_of_scope_segment,Debentures and Bonds
bse_all,978052,out_of_scope_segment,Debentures and Bonds
bse_all,978053,out_of_scope_segment,Debentures and Bonds
bse_all,978054,out_of_scope_segment,Debentures and Bonds
bse_all,978055,out_of_scope_segment,Debentures and Bonds
bse_all,978056,out_of_scope_segment,Debentures and Bonds
bse_all,978057,out_of_scope_segment,Debentures and Bonds
bse_all,978058,out_of_scope_segment,Debentures and Bonds
bse_all,978059,out_of_scope_segment,Debentures and Bonds
bse_all,978060,out_of_scope_segment,Debentures and Bonds
bse_all,978061,out_of_scope_segment,Debentures and Bonds
bse_all,978062,out_of_scope_segment,Debentures and Bonds
bse_all,978063,out_of_scope_segment,Debentures and Bonds
bse_all,978064,out_of_scope_segment,Debentures and Bonds
bse_all,978065,out_of_scope_segment,Debentures and Bonds
bse_all,978066,out_of_scope_segment,Debentures and Bonds
bse_all,978067,out_of_scope_segment,Debentures and Bonds
bse_all,978068,out_of_scope_segment,Debentures and Bonds
bse_all,978069,out_of_scope_segment,Debentures and Bonds
bse_all,978070,out_of_scope_segment,Debentures and Bonds
bse_all,978071,out_of_scope_segment,Debentures and Bonds
bse_all,978072,out_of_scope_segment,Debentures and Bonds
bse_all,978073,out_of_scope_segment,Debentures and Bonds
bse_all,978074,out_of_scope_segment,Debentures and Bonds
bse_all,978075,out_of_scope_segment,Debentures and Bonds
bse_all,978076,out_of_scope_segment,Debentures and Bonds
bse_all,978077,out_of_scope_segment,Debentures and Bonds
bse_all,978078,out_of_scope_segment,Debentures and Bonds
bse_all,978079,out_of_scope_segment,Debentures and Bonds
bse_all,978080,out_of_scope_segment,Debentures and Bonds
bse_all,978081,out_of_scope_segment,Debentures and Bonds
bse_all,978082,out_of_scope_segment,Debentures and Bonds
bse_all,978083,out_of_scope_segment,Debentures and Bonds
bse_all,978084,out_of_scope_segment,Debentures and Bonds
bse_all,978085,out_of_scope_segment,Debentures and Bonds
bse_all,978086,out_of_scope_segment,Debentures and Bonds
bse_all,978087,out_of_scope_segment,Debentures and Bonds
bse_all,978088,out_of_scope_segment,Debentures and Bonds
bse_all,978089,out_of_scope_segment,Debentures and Bonds
bse_all,978090,out_of_scope_segment,Debentures and Bonds
bse_all,978091,out_of_scope_segment,Debentures and Bonds
bse_all,978092,out_of_scope_segment,Debentures and Bonds
bse_all,978093,out_of_scope_segment,Debentures and Bonds
bse_all,978094,out_of_scope_segment,Debentures and Bonds
bse_all,978095,out_of_scope_segment,Debentures and Bonds
bse_all,978096,out_of_scope_segment,Debentures and Bonds
bse_all,978097,out_of_scope_segment,Debentures and Bonds
bse_all,978098,out_of_scope_segment,Debentures and Bonds
bse_all,978099,out_of_scope_segment,Debentures and Bonds
bse_all,978100,out_of_scope_segment,Debentures and Bonds
bse_all,978101,out_of_scope_segment,Debentures and Bonds
bse_all,978102,out_of_scope_segment,Debentures and Bonds
bse_all,978103,out_of_scope_segment,Debentures and Bonds
bse_all,978104,out_of_scope_segment,Debentures and Bonds
bse_all,978105,out_of_scope_segment,Debentures and Bonds
bse_all,978106,out_of_scope_segment,Debentures and Bonds
bse_all,978107,out_of_scope_segment,Debentures and Bonds
bse_all,978108,out_of_scope_segment,Debentures and Bonds
bse_all,978109,out_of_scope_segment,Debentures and Bonds
bse_all,978110,out_of_scope_segment,Debentures and Bonds
bse_all,978111,out_of_scope_segment,Debentures and Bonds
bse_all,978112,out_of_scope_segment,Debentures and Bonds
bse_all,978113,out_of_scope_segment,Debentures and Bonds
bse_all,978114,out_of_scope_segment,Debentures and Bonds
bse_all,978115,out_of_scope_segment,Debentures and Bonds
bse_all,978116,out_of_scope_segment,Debentures and Bonds
bse_all,978117,out_of_scope_segment,Debentures and Bonds
bse_all,978118,out_of_scope_segment,Debentures and Bonds
bse_all,978119,out_of_scope_segment,Debentures and Bonds
bse_all,978120,out_of_scope_segment,Debentures and Bonds
bse_all,978121,out_of_scope_segment,Debentures and Bonds
bse_all,978122,out_of_scope_segment,Debentures and Bonds
bse_all,978123,out_of_scope_segment,Debentures and Bonds
bse_all,978124,out_of_scope_segment,Debentures and Bonds
nse_equity,NSE:JAYKAY-RE1,rights_entitlement_temporary_instrument,INE903A20025
nse_sme,NSE:MPEL-RE,rights_entitlement_temporary_instrument,INE0U4H20011
nse_sme,NSE:RCDL-RE,rights_entitlement_temporary_instrument,INE0BZQ20011
bse_all,BSE:PUSHPIN,malformed_isin,NA
