kind,identifier,detail
name_variant_between_exchanges,INE144J01027,20 Microns Limited | 20 Microns Ltd
name_variant_between_exchanges,INE253B01015,21st Century Management Services Limited | Twentyfirst Century Management Services Ltd
name_variant_between_exchanges,INE466L01038,360 ONE WAM LIMITED | 360 ONE WAM LTD
name_variant_between_exchanges,INE994E01018,3B BlackBio Dx Ltd | 3B Blackbio Dx Limited
name_variant_between_exchanges,INE748C01038,3i Infotech Limited | 3i Infotech Ltd
name_variant_between_exchanges,INE470A01017,3M India Limited | 3M India Ltd
name_variant_between_exchanges,INE105C01023,3P Land Holdings Limited | 3P Land Holdings Ltd
name_variant_between_exchanges,INE618L01018,5Paisa Capital Limited | 5paisa Capital Ltd
name_variant_between_exchanges,INE111B01023,63 Moons Technologies Ltd | 63 moons technologies limited
name_variant_between_exchanges,INE619I01012,A2Z Infra Engineering Limited | A2Z Infra Engineering Ltd
name_variant_between_exchanges,INE0D0U01013,AAA Technologies Limited | AAA Technologies Ltd
name_variant_between_exchanges,INE883F01010,Aadhar Housing Finance Limited | Aadhar Housing Finance Ltd
name_variant_between_exchanges,INE198H01019,Aarey Drugs & Pharmaceuticals Limited | Aarey Drugs & Pharmaceuticals Ltd
name_variant_between_exchanges,INE750R01016,Aarnav Fashions Limited | Aarnav Fashions Ltd
name_variant_between_exchanges,INE01C001026,Aartech Solonics Limited | Aartech Solonics Ltd
name_variant_between_exchanges,INE767A01016,Aarti Drugs Limited | Aarti Drugs Ltd
name_variant_between_exchanges,INE769A01020,Aarti Industries Limited | Aarti Industries Ltd
name_variant_between_exchanges,INE0LRU01027,Aarti Pharmalabs Limited | Aarti Pharmalabs Ltd
name_variant_between_exchanges,INE09EO01013,Aarti Surfactants Limited | Aarti Surfactants Ltd
name_variant_between_exchanges,INE754X01016,Aarvi Encon Limited | Aarvi Encon Ltd
name_variant_between_exchanges,INE2FMX01012,Aastha Spintex Limited | Aastha Spintex Ltd
name_variant_between_exchanges,INE216P01012,AAVAS Financiers Ltd | Aavas Financiers Limited
name_variant_between_exchanges,INE421A01028,Aban Offshore Limited | Aban Offshore Ltd
name_variant_between_exchanges,INE365O01028,Abans Enterprises Limited | Abans Enterprises Ltd
name_variant_between_exchanges,INE117A01022,ABB India Limited | ABB India Ltd
name_variant_between_exchanges,INE358A01014,Abbott India Limited | Abbott India Ltd
name_variant_between_exchanges,INE674K01013,Aditya Birla Capital Limited | Aditya Birla Capital Ltd
name_variant_between_exchanges,INE08PH01015,A B Cotspin India Limited | A B Cotspin India Ltd
name_variant_between_exchanges,INE552Z01027,Allied Blenders and Distillers Limited | Allied Blenders and Distillers Ltd
name_variant_between_exchanges,INE647O01011,Aditya Birla Fashion and Retail Limited | Aditya Birla Fashion and Retail Ltd
name_variant_between_exchanges,INE00YB01025,A B Infrabuild Limited | A B Infrabuild Ltd
name_variant_between_exchanges,INE14LE01019,Aditya Birla Lifestyle Brands Limited | Aditya Birla Lifestyle Brands Ltd
name_variant_between_exchanges,INE850B01026,ABM Knowledgeware Limited | ABM Knowledgeware Ltd
name_variant_between_exchanges,INE055A01016,Aditya Birla Real Estate Limited | Aditya Birla Real Estate Ltd
name_variant_between_exchanges,INE404A01024,Aditya Birla Sun Life AMC Limited | Aditya Birla Sun Life AMC Ltd
name_variant_between_exchanges,INE012A01025,ACC Limited | ACC Ltd
name_variant_between_exchanges,INE793A01012,Accelya Solutions India Limited | Accelya Solutions India Ltd
name_variant_between_exchanges,INE648Z01023,Accuracy Shipping Limited | Accuracy Shipping Ltd
name_variant_between_exchanges,INE731H01025,Action Construction Equipment Limited | Action Construction Equipment Ltd
name_variant_between_exchanges,INE451C01013,Automobile Corporation of Goa Limited | Automobile Corporation of Goa Ltd
name_variant_between_exchanges,INE128X01021,Archean Chemical Industries Limited | Archean Chemical Industries Ltd
name_variant_between_exchanges,INE666E01020,Andhra Cements Limited | Andhra Cements Ltd
name_variant_between_exchanges,INE622W01025,ACME Solar Holdings Ltd | Acme Solar Holdings Limited
name_variant_between_exchanges,INE366C01021,ACS Technologies Limited | ACS Technologies Ltd
name_variant_between_exchanges,INE00FF01025,Acutaas Chemicals Limited | Acutaas Chemicals Ltd
name_variant_between_exchanges,INE931S01010,Adani Energy Solutions Limited | Adani Energy Solutions Ltd
name_variant_between_exchanges,INE423A01024,Adani Enterprises Limited | Adani Enterprises Ltd
name_variant_between_exchanges,INE364U01010,Adani Green Energy Limited | Adani Green Energy Ltd
name_variant_between_exchanges,INE742F01042,Adani Ports and Special Economic Zone Limited | Adani Ports and Special Economic Zone Ltd
name_variant_between_exchanges,INE814H01029,Adani Power Limited | Adani Power Ltd
name_variant_between_exchanges,INE757C01021,Addi Industries Limited | Addi Industries Ltd
name_variant_between_exchanges,INE982B01027,ADF Foods Limited | Adf Foods Ltd
name_variant_between_exchanges,INE0CHO01012,Archidply Decor Limited | Archidply Decor Ltd
name_variant_between_exchanges,INE045A01017,Ador Welding Limited | Ador Welding Ltd
name_variant_between_exchanges,INE737B01033,Adroit Infotech Limited | Adroit Infotech Ltd
name_variant_between_exchanges,INE102I01027,Allied Digital Services Limited | Allied Digital Services Ltd
name_variant_between_exchanges,INE0ALI01010,Advait Energy Transitions Limited | Advait Energy Transitions Ltd
name_variant_between_exchanges,INE1B0W01010,Advance Agrolife Limited | Advance Agrolife Ltd
name_variant_between_exchanges,INE199C01026,Advani Hotels & Resorts (India) Limited | Advani Hotels & Resorts (India) Ltd
name_variant_between_exchanges,INE28GN01010,Advent Hotels International Limited | Advent Hotels International Ltd
name_variant_between_exchanges,INE837H01020,Advanced Enzyme Technologies Limited | Advanced Enzyme Technologies Ltd
name_variant_between_exchanges,INE178T01024,Advik Capital Limited | Advik Capital Ltd
name_variant_between_exchanges,INE208C01025,Aegis Logistics Limited | Aegis Logistics Ltd
name_variant_between_exchanges,INE0INX01018,Aegis Vopak Terminals Limited | Aegis Vopak Terminals Ltd
name_variant_between_exchanges,INE757T01025,Artemis Electricals and Projects Limited | Artemis Electricals and Projects Ltd
name_variant_between_exchanges,INE947N01017,Aequs Limited | Aequs Ltd
name_variant_between_exchanges,INE065D01027,Aeroflex Enterprises Limited | Aeroflex Enterprises Ltd
name_variant_between_exchanges,INE024001021,Aeroflex Industries Limited | Aeroflex Industries Ltd
name_variant_between_exchanges,INE035801013,Aeroflex Neu Limited | Aeroflex Neu Ltd
name_variant_between_exchanges,INE05TO01019,Amir Chand Jagdish Kumar (Exports) Limited | Amir Chand Jagdish Kumar (Exports) Ltd
name_variant_between_exchanges,INE0BWX01014,Aether Industries Limited | Aether Industries Ltd
name_variant_between_exchanges,INE101I01011,Afcons Infrastructure Limited | Afcons Infrastructure Ltd
name_variant_between_exchanges,INE00WC01027,Affle 3I Ltd | Affle 3i Limited
name_variant_between_exchanges,INE692Z01013,Affordable Robotic & Automation Limited | Affordable Robotic & Automation Ltd
name_variant_between_exchanges,INE916Y01027,Akme Fintrade (India) Limited | Akme Fintrade (India) Ltd
name_variant_between_exchanges,INE00ZE01026,Abans Financial Services Limited | Abans Financial Services Ltd
name_variant_between_exchanges,INE204E01012,Agarwal Industrial Corporation Limited | Agarwal Industrial Corporation Ltd
name_variant_between_exchanges,INE943P01029,Dr. Agarwal's Health Care Limited | Dr. Agarwals Health Care Ltd
name_variant_between_exchanges,INE415A01038,AGI Greenpac Limited | Agi Greenpac Ltd
name_variant_between_exchanges,INE976R01033,AGI Infra Ltd | Agi Infra Limited
name_variant_between_exchanges,INE1YPB01014,Allcargo Global Limited | Allcargo Global Ltd
name_variant_between_exchanges,INE449G01018,Agri- Tech (India) Ltd | Agri-Tech (India) Limited
name_variant_between_exchanges,INE583L01014,AGS Transact Technologies Limited | AGS Transact Technologies Ltd
name_variant_between_exchanges,INE0Y8W01025,Anlon Healthcare Limited | Anlon Healthcare Ltd
name_variant_between_exchanges,INE926K01017,Asian Hotels (East) Limited | Asian Hotels (East) Ltd
name_variant_between_exchanges,INE758C01029,Ahluwalia Contracts (India) Limited | Ahluwalia Contracts (India) Ltd
name_variant_between_exchanges,INE915K01010,Asian Hotels (West) Limited | Asian Hotels (West) Ltd
name_variant_between_exchanges,INE212H01026,AIA Engineering Limited | AIA Engineering Ltd
name_variant_between_exchanges,INE206F01022,Authum Investment & Infrastructure Limited | Authum Investment & Infrastructure Ltd
name_variant_between_exchanges,INE645W01026,Airan Limited | Airan Ltd
name_variant_between_exchanges,INE031B01049,Ajanta Pharma Limited | Ajanta Pharma Ltd
name_variant_between_exchanges,INE274Y01021,AJAX Engineering Ltd | Ajax Engineering Limited
name_variant_between_exchanges,INE298G01035,Ajmera Realty & Infra India Limited | Ajmera Realty & Infra India Ltd
name_variant_between_exchanges,INE701G01012,AK Capital Services Limited | AK Capital Services Ltd
name_variant_between_exchanges,INE642Z01026,AKI India Limited | AKI India Ltd
name_variant_between_exchanges,INE256Z01025,Akshar Spintex Limited | Akshar Spintex Ltd
name_variant_between_exchanges,INE542B01011,AksharChem India Limited | AksharChem India Ltd
name_variant_between_exchanges,INE523B01011,Aksh Optifibre Limited | Aksh Optifibre Ltd
name_variant_between_exchanges,INE09XN01023,Akums Drugs and Pharmaceuticals Limited | Akums Drugs and Pharmaceuticals Ltd
name_variant_between_exchanges,INE914E01040,Alankit Limited | Alankit Ltd
name_variant_between_exchanges,INE155C01010,Albert David Limited | Albert David Ltd
name_variant_between_exchanges,INE426A01027,Alembic Limited | Alembic Ltd
name_variant_between_exchanges,INE782D01027,Alfred Herbert India Limited | Alfred Herbert India Ltd
name_variant_between_exchanges,INE598D01035,Algoquant Fintech Limited | Algoquant Fintech Ltd
name_variant_between_exchanges,INE062D01024,Alicon Castalloy Limited | Alicon Castalloy Ltd
name_variant_between_exchanges,INE03Q201024,Alivus Life Sciences Limited | Alivus Life Sciences Ltd
name_variant_between_exchanges,INE773I01017,Alkali Metals Limited | Alkali Metals Ltd
name_variant_between_exchanges,INE540L01014,Alkem Laboratories Limited | Alkem Laboratories Ltd
name_variant_between_exchanges,INE150B01039,Alkyl Amines Chemicals Limited | Alkyl Amines Chemicals Ltd
name_variant_between_exchanges,INE418H01029,Allcargo Logistics Limited | Allcargo Logistics Ltd
name_variant_between_exchanges,INE835G01018,Alldigi Tech Limited | Alldigi Tech Ltd
name_variant_between_exchanges,INE0GV601021,All Time Plastics Limited | All Time Plastics Ltd
name_variant_between_exchanges,INE326B01035,Almondz Global Securities Limited | Almondz Global Securities Ltd
name_variant_between_exchanges,INE270A01029,Alok Industries Limited | Alok Industries Ltd
name_variant_between_exchanges,INE385I01010,Alpa Laboratories Limited | Alpa Laboratories Ltd
name_variant_between_exchanges,INE137C01018,Alphageo (India) Limited | Alphageo (India) Ltd
name_variant_between_exchanges,INE1JCQ01037,Alpine Texworld Limited | Alpine Texworld Ltd
name_variant_between_exchanges,INE058F01019,Alufluoride Limited | Alufluoride Ltd
name_variant_between_exchanges,INE121R01077,Amagi Media Labs Limited | Amagi Media Labs Ltd
name_variant_between_exchanges,INE841D01013,Amal Limited | Amal Ltd
name_variant_between_exchanges,INE084K01015,Amanta Healthcare Limited | Amanta Healthcare Ltd
name_variant_between_exchanges,INE484D01012,Amarjothi Spinning Mills Limited | Amarjothi Spinning Mills Ltd
name_variant_between_exchanges,INE432A01017,Ambalal Sarabhai Enterprises Limited | Ambalal Sarabhai Enterprises Ltd
name_variant_between_exchanges,INE371P01015,Amber Enterprises India Limited | Amber Enterprises India Ltd
name_variant_between_exchanges,INE792B01012,Ambica Agarbathies & Aroma Industries Ltd | Ambica Agarbathies & Aroma industries Limited
name_variant_between_exchanges,INE540G01014,Ambika Cotton Mills Limited | Ambika Cotton Mills Ltd
name_variant_between_exchanges,INE079A01024,Ambuja Cements Limited | Ambuja Cements Ltd
name_variant_between_exchanges,INE005I01014,AMD Industries Limited | AMD Industries Ltd
name_variant_between_exchanges,INE606A01024,AMJ Land Holdings Ltd | Amj Land Holdings Limited
name_variant_between_exchanges,INE275D01022,Amines & Plasticizers Limited | Amines & Plasticizers Ltd
name_variant_between_exchanges,INE098F01031,Amrutanjan Health Care Limited | Amrutanjan Health Care Ltd
name_variant_between_exchanges,INE463V01026,Anand Rathi Wealth Limited | Anand Rathi Wealth Ltd
name_variant_between_exchanges,INE242C01024,Anant Raj Limited | Anant Raj Ltd
name_variant_between_exchanges,INE435A01051,ANDHRA PAPER LIMITED | Andhra Paper Ltd
name_variant_between_exchanges,INE715B01021,Andhra Sugars Ltd | The Andhra Sugars Limited
name_variant_between_exchanges,INE449C01025,Andrew Yule & Company Limited | Andrew Yule & Company Ltd
name_variant_between_exchanges,INE732I01021,Angel One Limited | Angel One Ltd
name_variant_between_exchanges,INE087B01017,Anik Industries Limited | Anik Industries Ltd
name_variant_between_exchanges,INE106I01010,Ankit Metal & Power Limited | Ankit Metal & Power Ltd
name_variant_between_exchanges,INE02AR01019,Anmol India Limited | Anmol India Ltd
name_variant_between_exchanges,INE103001017,Annu Projects Limited | Annu Projects Ltd
name_variant_between_exchanges,INE436A01026,Ansal Properties & Infrastructure Limited | Ansal Properties & Infrastructure Ltd
name_variant_between_exchanges,INE030C01015,Ansal Buildwell Limited | Ansal Buildwell Ltd
name_variant_between_exchanges,INE818A01017,Antelopus Selan Energy Limited | Antelopus Selan Energy Ltd
name_variant_between_exchanges,INE0CZ201020,Anthem Biosciences Limited | Anthem Biosciences Ltd
name_variant_between_exchanges,INE489G01022,Anuh Pharma Limited | Anuh Pharma Ltd
name_variant_between_exchanges,INE294Z01018,The Anup Engineering Limited | The Anup Engineering Ltd
name_variant_between_exchanges,INE930P01018,Anupam Rasayan India Limited | Anupam Rasayan India Ltd
name_variant_between_exchanges,INE372A01015,Apar Industries Limited | Apar Industries Ltd
name_variant_between_exchanges,INE071F01012,Anjani Portland Cement Limited | Anjani Portland Cement Ltd
name_variant_between_exchanges,INE116A01032,Apcotex Industries Limited | Apcotex Industries Ltd
name_variant_between_exchanges,INE346W01013,Apex Frozen Foods Limited | Apex Frozen Foods Ltd
name_variant_between_exchanges,INE702C01027,APL Apollo Tubes Limited | APL Apollo Tubes Ltd
name_variant_between_exchanges,INE901L01018,Alembic Pharmaceuticals Limited | Alembic Pharmaceuticals Ltd
name_variant_between_exchanges,INE713T01028,Apollo Micro Systems Limited | Apollo Micro Systems Ltd
name_variant_between_exchanges,INE437A01024,Apollo Hospitals Enterprise Limited | Apollo Hospitals Enterprise Ltd
name_variant_between_exchanges,INE126J01016,Apollo Pipes Limited | Apollo Pipes Ltd
name_variant_between_exchanges,INE438A01022,Apollo Tyres Limited | Apollo Tyres Ltd
name_variant_between_exchanges,INE217S01014,Apoorva Leasing Finance and Investment Company Limited | Apoorva Leasing Finance and Investment Company Ltd
name_variant_between_exchanges,INE266F01018,Aptech Limited | Aptech Ltd
name_variant_between_exchanges,INE852O01025,Aptus Value Housing Finance India Limited | Aptus Value Housing Finance India Ltd
name_variant_between_exchanges,INE416A01051,Aqylon Nexus Limited | Aqylon Nexus Ltd
name_variant_between_exchanges,INE877I01016,Archidply Industries Limited | Archidply Industries Ltd
name_variant_between_exchanges,INE731A01020,Archies Limited | Archies Ltd
name_variant_between_exchanges,INE372M01010,ARCL Organics Limited | ARCL Organics Ltd
name_variant_between_exchanges,INE0XNF01022,Ardee Industries Limited | Ardee Industries Ltd
name_variant_between_exchanges,INE885A01032,Amara Raja Energy & Mobility Limited | Amara Raja Energy & Mobility Ltd
name_variant_between_exchanges,INE610C01014,Rajdarshan Industries Limited | Rajdarshan Industries Ltd
name_variant_between_exchanges,INE784R01023,Arfin India Limited | Arfin India Ltd
name_variant_between_exchanges,INE298I01015,Aries Agro Limited | Aries Agro Ltd
name_variant_between_exchanges,INE413D01011,Arihant Foundations & Housing Limited | Arihant Foundations & Housing Ltd
name_variant_between_exchanges,INE420B01036,Arihant Capital Markets Limited | Arihant Capital Markets Ltd
name_variant_between_exchanges,INE643K01018,Arihant Superstructures Limited | Arihant Superstructures Ltd
name_variant_between_exchanges,INE0H9P01028,ArisInfra Solutions Ltd | Arisinfra Solutions Limited
name_variant_between_exchanges,INE0QRL01017,Arkade Developers Limited | Arkade Developers Ltd
name_variant_between_exchanges,INE109C01017,Arman Financial Services Limited | Arman Financial Services Ltd
name_variant_between_exchanges,INE210C01013,Aro Granite Industries Limited | Aro Granite Industries Ltd
name_variant_between_exchanges,INE570D01018,Arrow Greentech Limited | Arrow Greentech Ltd
name_variant_between_exchanges,INE968D01022,Arshiya Limited | Arshiya Ltd
name_variant_between_exchanges,INE549H01021,Anand Rathi Share And Stock Brokers Ltd | Anand Rathi Share and Stock Brokers Limited
name_variant_between_exchanges,INE025R01021,Artemis Medicare Services Limited | Artemis Medicare Services Ltd
name_variant_between_exchanges,INE034A01011,Arvind Limited | Arvind Ltd
name_variant_between_exchanges,INE955V01021,Arvind Fashions Limited | Arvind Fashions Ltd
name_variant_between_exchanges,INE034S01021,Arvind SmartSpaces Limited | Arvind SmartSpaces Ltd
name_variant_between_exchanges,INE032E01017,Aryaman Financial Services Limited | Aryaman Financial Services Ltd
name_variant_between_exchanges,INE439A01020,Asahi India Glass Limited | Asahi India Glass Ltd
name_variant_between_exchanges,INE228I01012,Asahi Songwon Colors Limited | Asahi Songwon Colors Ltd
name_variant_between_exchanges,INE900C01027,Automotive Stampings and Assemblies Limited | Automotive Stampings and Assemblies Ltd
name_variant_between_exchanges,INE073G01016,Associated Alcohols & Breweries Ltd | Associated Alcohols & Breweries Ltd.
name_variant_between_exchanges,INE348A01023,Ashapura Minechem Limited | Ashapura Minechem Ltd
name_variant_between_exchanges,INE365D01021,Ashiana Housing Limited | Ashiana Housing Ltd
name_variant_between_exchanges,INE094B01013,Ashika Global Securities Limited | Ashika Global Securities Ltd
name_variant_between_exchanges,INE440A01010,Ashima Limited | Ashima Ltd
name_variant_between_exchanges,INE442H01029,Ashoka Buildcon Limited | Ashoka Buildcon Ltd
name_variant_between_exchanges,INE760Y01011,Ashoka Metcast Limited | Ashoka Metcast Ltd
name_variant_between_exchanges,INE208A01029,Ashok Leyland Limited | Ashok Leyland Ltd
name_variant_between_exchanges,INE276G01015,Asian Energy Services Limited | Asian Energy Services Ltd
name_variant_between_exchanges,INE363A01022,Asian Hotels (North) Limited | Asian Hotels (North) Ltd
name_variant_between_exchanges,INE021A01026,Asian Paints Limited | Asian Paints Ltd
name_variant_between_exchanges,INE022I01019,Asian Granito India Limited | Asian Granito India Ltd
name_variant_between_exchanges,INE822B01017,Asian Tea & Exports Limited | Asian Tea & Exports Ltd
name_variant_between_exchanges,INE491J01022,ASK Automotive Limited | ASK Automotive Ltd
name_variant_between_exchanges,INE855F01042,Avio Smart Market Stack Limited | Avio Smart Market Stack Ltd
name_variant_between_exchanges,INE165G01010,Assam Entrade Limited | Assam Entrade Ltd
name_variant_between_exchanges,INE194D01017,Asian Star Company Limited | Asian Star Company Ltd
name_variant_between_exchanges,INE563J01010,Astec LifeSciences Limited | Astec Lifesciences Ltd
name_variant_between_exchanges,INE914M01019,Aster DM Quality Care Limited | Aster DM Quality Care Ltd
name_variant_between_exchanges,INE006I01046,Astral Limited | Astral Ltd
name_variant_between_exchanges,INE386C01029,Astra Microwave Products Limited | Astra Microwave Products Ltd
name_variant_between_exchanges,INE203A01020,AstraZeneca Pharma India Limited | AstraZeneca Pharma India Ltd
name_variant_between_exchanges,INE646X01014,Astron Paper & Board Mill Limited | Astron Paper & Board Mill Ltd
name_variant_between_exchanges,INE0ALR01029,Atal Realtech Limited | Atal Realtech Ltd
name_variant_between_exchanges,INE09KD01013,Atam Valves Limited | Atam Valves Ltd
name_variant_between_exchanges,INE399L01023,Adani Total Gas Limited | Adani Total Gas Ltd
name_variant_between_exchanges,INE0LEZ01016,Ather Energy Limited | Ather Energy Ltd
name_variant_between_exchanges,INE0NN701020,Allcargo Terminals Limited | Allcargo Terminals Ltd
name_variant_between_exchanges,INE285H01022,ATLANTAA LIMITED | Atlantaa Ltd
name_variant_between_exchanges,INE0Z4F01028,Atlanta Electricals Limited | Atlanta Electricals Ltd
name_variant_between_exchanges,INE446A01025,Atlas Cycles (Haryana) Limited | Atlas Cycles (Haryana) Ltd
name_variant_between_exchanges,INE100A01010,Atul Limited | Atul Ltd
name_variant_between_exchanges,INE951D01028,Atul Auto Limited | Atul Auto Ltd
name_variant_between_exchanges,INE949L01017,AU Small Finance Bank Limited | AU Small Finance Bank Ltd
name_variant_between_exchanges,INE16W401027,Augmont Enterprises Limited | Augmont Enterprises Ltd
name_variant_between_exchanges,INE132H01018,Aurionpro Solutions Limited | Aurionpro Solutions Ltd
name_variant_between_exchanges,INE406A01037,Aurobindo Pharma Limited | Aurobindo Pharma Ltd
name_variant_between_exchanges,INE898S01029,Aurum PropTech Limited | Aurum PropTech Ltd
name_variant_between_exchanges,INE142K01011,AURUS GEM CORPORATION LIMITED | Aurus Gem Corporation Ltd
name_variant_between_exchanges,INE218C01016,AuSom Enterprise Ltd | Ausom Enterprise Limited
name_variant_between_exchanges,INE759F01012,Austin Engineering Company  Limited | Austin Engineering Company Ltd
name_variant_between_exchanges,INE449A01011,Automotive Axles Limited | Automotive Axles Ltd
name_variant_between_exchanges,INE718H01014,Autoline Industries Limited | Autoline Industries Ltd
name_variant_between_exchanges,INE349W01017,Avadh Sugar & Energy Limited | Avadh Sugar & Energy Ltd
name_variant_between_exchanges,INE0LCL01028,Avalon Technologies Limited | Avalon Technologies Ltd
name_variant_between_exchanges,INE758A01072,Avance Technologies Limited | Avance Technologies Ltd
name_variant_between_exchanges,INE005B01027,Avantel Limited | Avantel Ltd
name_variant_between_exchanges,INE871C01038,Avanti Feeds Limited | Avanti Feeds Ltd
name_variant_between_exchanges,INE680Z01018,AVG Logistics Limited | AVG Logistics Ltd
name_variant_between_exchanges,INE679V01027,Aditya Vision Limited | Aditya Vision Ltd
name_variant_between_exchanges,INE323B01024,Avonmore Capital & Management Services Limited | Avonmore Capital & Management Services Ltd
name_variant_between_exchanges,INE652Z01025,AVRO INDIA LIMITED | Avro India Ltd
name_variant_between_exchanges,INE488D01021,AVT Natural Products Limited | AVT Natural Products Ltd
name_variant_between_exchanges,INE108V01019,Awfis Space Solutions Limited | Awfis Space Solutions Ltd
name_variant_between_exchanges,INE01BK01022,Antony Waste Handling Cell Limited | Antony Waste Handling Cell Ltd
name_variant_between_exchanges,INE699H01024,AWL Agri Business Limited | AWL Agri Business Ltd
name_variant_between_exchanges,INE238A01034,AXIS Bank Ltd | Axis Bank Limited
name_variant_between_exchanges,INE555B01013,AXISCADES Technologies Limited | Axiscades Technologies Ltd
name_variant_between_exchanges,INE02EZ01022,Axita Cotton Limited | Axita Cotton Ltd
name_variant_between_exchanges,INE767C01012,Axtel Industries Limited | Axtel Industries Ltd
name_variant_between_exchanges,INE501X01029,Aye Finance Limited | Aye Finance Ltd
name_variant_between_exchanges,INE193B01039,AYM Syntex Limited | AYM Syntex Ltd
name_variant_between_exchanges,INE02IJ01035,Azad Engineering Limited | Azad Engineering Ltd
name_variant_between_exchanges,INE566M01017,Azad India Mobility Limited | Azad India Mobility Ltd
name_variant_between_exchanges,INE878I01022,Bafna Pharmaceuticals Limited | Bafna Pharmaceuticals Ltd
name_variant_between_exchanges,INE116D01028,B.A.G Films and Media Limited | B.A.G. Films and Media Ltd
name_variant_between_exchanges,INE020D01022,Baid Finserv Limited | Baid Finserv Ltd
name_variant_between_exchanges,INE917I01010,Bajaj Auto Limited | Bajaj Auto Ltd
name_variant_between_exchanges,INE933K01021,Bajaj Consumer Care Limited | Bajaj Consumer Care Ltd
name_variant_between_exchanges,INE193E01025,Bajaj Electricals Limited | Bajaj Electricals Ltd
name_variant_between_exchanges,INE918I01026,Bajaj Finserv Limited | Bajaj Finserv Ltd
name_variant_between_exchanges,INE411U01027,Bajaj Healthcare Limited | Bajaj Healthcare Ltd
name_variant_between_exchanges,INE377Y01014,Bajaj Housing Finance Limited | Bajaj Housing Finance Ltd
name_variant_between_exchanges,INE306A01021,Bajaj Hindusthan Sugar Limited | Bajaj Hindusthan Sugar Ltd
name_variant_between_exchanges,INE118A01012,Bajaj Holdings & Investment Limited | Bajaj Holdings & Investment Ltd
name_variant_between_exchanges,INE0O9T01021,Indef Manufacturing Limited | Indef Manufacturing Ltd
name_variant_between_exchanges,INE704G01024,Bajaj Steel Industries Limited | Bajaj Steel Industries Ltd
name_variant_between_exchanges,INE0KQN01018,Bajel Projects Limited | Bajel Projects Ltd
name_variant_between_exchanges,INE296A01032,Bajaj Finance Limited | Bajaj Finance Ltd
name_variant_between_exchanges,INE0S2G01011,Shree Tirupati Balajee Agro Trading Company Limited | Shree Tirupati Balajee Agro Trading Company Ltd
name_variant_between_exchanges,INE794B01026,Balaji Telefilms Limited | Balaji Telefilms Ltd
name_variant_between_exchanges,INE050E01027,Balaji Amines Limited | Balaji Amines Ltd
name_variant_between_exchanges,INE875R01011,Balkrishna Paper Mills Limited | Balkrishna Paper Mills Ltd
name_variant_between_exchanges,INE787D01026,Balkrishna Industries Limited | Balkrishna Industries Ltd
name_variant_between_exchanges,INE164A01016,Balmer Lawrie & Company Limited | Balmer Lawrie & Company Ltd
name_variant_between_exchanges,INE083D01012,Bal Pharma Limited | Bal Pharma Ltd
name_variant_between_exchanges,INE119A01028,Balrampur Chini Mills Limited | Balrampur Chini Mills Ltd
name_variant_between_exchanges,INE011E01029,Balu Forge Industries Limited | Balu Forge Industries Ltd
name_variant_between_exchanges,INE655B01011,Banaras Beads Limited | Banaras Beads Ltd
name_variant_between_exchanges,INE459A01010,Bannari Amman Sugars Limited | Bannari Amman Sugars Ltd
name_variant_between_exchanges,INE213C01025,Banco Products (I) Limited | Banco Products (India) Ltd
name_variant_between_exchanges,INE545U01014,Bandhan Bank Limited | Bandhan Bank Ltd
name_variant_between_exchanges,INE863I01016,Bang Overseas Limited | Bang Overseas Ltd
name_variant_between_exchanges,INE0B9K01025,Bansal Wire Industries Limited | Bansal Wire Industries Ltd
name_variant_between_exchanges,INE629D01020,Banswara Syntex Limited | Banswara Syntex Ltd
name_variant_between_exchanges,INE373A01013,BASF India Limited | BASF India Ltd
name_variant_between_exchanges,INE186H01022,Bannari Amman Spinning Mills Limited | Bannari Amman Spinning Mills Ltd
name_variant_between_exchanges,INE176A01028,Bata India Limited | Bata India Ltd
name_variant_between_exchanges,INE177C01022,Batliboi Limited | Batliboi Ltd
name_variant_between_exchanges,INE462A01022,Bayer CropScience Ltd | Bayer Cropscience Limited
name_variant_between_exchanges,INE464A01036,Bharat Bijlee Limited | Bharat Bijlee Ltd
name_variant_between_exchanges,INE676A01027,Black Box Limited | Black Box Ltd
name_variant_between_exchanges,INE050A01025,The Bombay Burmah Trading Corporation Limited | The Bombay Burmah Trading Corporation Ltd
name_variant_between_exchanges,INE01EE01011,B&B Triplewall Containers Limited | B&B Triplewall Containers Ltd
name_variant_between_exchanges,INE425B01027,Brightcom Group Limited | Brightcom Group Ltd
name_variant_between_exchanges,INE412G01024,BCL Industries Ltd | Bcl Industries Limited
name_variant_between_exchanges,INE977Y01011,Brand Concepts Limited | Brand Concepts Ltd
name_variant_between_exchanges,INE00SW01015,BCPL Railway Infrastructure Limited | BCPL Railway Infrastructure Ltd
name_variant_between_exchanges,INE171Z01026,Bharat Dynamics Limited | Bharat Dynamics Ltd
name_variant_between_exchanges,INE495P01020,Mrs. Bectors Food Specialities Limited | Mrs. Bectors Food Specialities Ltd
name_variant_between_exchanges,INE844K01012,Bedmutha Industries Limited | Bedmutha Industries Ltd
name_variant_between_exchanges,INE213D01015,Beekay Steel Industries Limited | Beekay Steel Industries Ltd
name_variant_between_exchanges,INE263A01024,Bharat Electronics Limited | Bharat Electronics Ltd
name_variant_between_exchanges,INE344T01014,Bella Casa Fashion & Retail Limited | Bella Casa Fashion & Retail Ltd
name_variant_between_exchanges,INE894V01022,Belrise Industries Limited | Belrise Industries Ltd
name_variant_between_exchanges,INE258A01024,BEML Limited | BEML Ltd
name_variant_between_exchanges,INE664D01019,Benares Hotels Limited | Benares Hotels Ltd
name_variant_between_exchanges,INE083K01017,Bengal & Assam Company Limited | Bengal & Assam Company Ltd
name_variant_between_exchanges,INE922A01025,Bhansali Engineering Polymers Limited | Bhansali Engineering Polymers Ltd
name_variant_between_exchanges,INE463A01038,Berger Paints (I) Limited | Berger Paints India Ltd
name_variant_between_exchanges,INE052T01021,Best Agrolife Limited | Best Agrolife Ltd
name_variant_between_exchanges,INE878K01010,BF Investment Limited | BF Investment Ltd
name_variant_between_exchanges,INE243D01012,BF Utilities Limited | BF Utilities Ltd
name_variant_between_exchanges,INE661I01014,BGR Energy Systems Limited | BGR Energy Systems Ltd
name_variant_between_exchanges,INE414D01027,Bhagiradha Chemicals & Industries Limited | Bhagiradha Chemicals & Industries Ltd
name_variant_between_exchanges,INE354C01027,Bhageria Industries Limited | Bhageria Industries Ltd
name_variant_between_exchanges,INE458B01036,Bhagyanagar India Limited | Bhagyanagar India Ltd
name_variant_between_exchanges,INE474E01029,Bhandari Hosiery Exports Limited | Bhandari Hosiery Exports Ltd
name_variant_between_exchanges,INE05XR01022,Bharat Coking Coal Limited | Bharat Coking Coal Ltd
name_variant_between_exchanges,INE465A01025,Bharat Forge Limited | Bharat Forge Ltd
name_variant_between_exchanges,INE561C01019,Bharat Gears Limited | Bharat Gears Ltd
name_variant_between_exchanges,INE838B01021,Bharat Rasayan Limited | Bharat Rasayan Ltd
name_variant_between_exchanges,INE415D01024,Bharat Seats Limited | Bharat Seats Ltd
name_variant_between_exchanges,INE316L01019,Bharat Wire Ropes Limited | Bharat Wire Ropes Ltd
name_variant_between_exchanges,INE397D01024,Bharti Airtel Limited | Bharti Airtel Ltd
name_variant_between_exchanges,INE343G01021,Bharti Hexacom Limited | Bharti Hexacom Ltd
name_variant_between_exchanges,INE257A01026,Bharat Heavy Electricals Limited | Bharat Heavy Electricals Ltd
name_variant_between_exchanges,INE986A01012,Bilcare Limited | Bilcare Ltd
name_variant_between_exchanges,INE412U01025,Bigbloc Construction Limited | Bigbloc Construction Ltd
name_variant_between_exchanges,INE00E101023,Bikaji Foods International Limited | Bikaji Foods International Ltd
name_variant_between_exchanges,INE828A01016,Bhartiya International Limited | Bhartiya International Ltd
name_variant_between_exchanges,INE071A01013,BIL VYAPAR LIMITED | Bil Vyapar Ltd
name_variant_between_exchanges,INE469A01019,Bimetal Bearings Limited | Bimetal Bearings Ltd
name_variant_between_exchanges,INE376G01013,Biocon Limited | Biocon Ltd
name_variant_between_exchanges,INE829A01014,Biofil Chemicals & Pharmaceuticals Limited | Biofil Chemicals & Pharmaceuticals Ltd
name_variant_between_exchanges,INE800A01015,Birla Cable Limited | Birla Cable Ltd
name_variant_between_exchanges,INE340A01012,Birla Corporation Limited | Birla Corporation Ltd
name_variant_between_exchanges,INE865C01022,Aditya Birla Money Limited | Aditya Birla Money Ltd
name_variant_between_exchanges,INE557A01011,BirlaNu Limited | Birlanu Ltd
name_variant_between_exchanges,INE372E01025,Birla Precision Technologies Limited | Birla Precision Technologies Ltd
name_variant_between_exchanges,INE0UIZ01018,BLACKBUCK LIMITED | Black Buck Ltd
name_variant_between_exchanges,INE761G01016,Black Rose Inds. Limited | Black Rose Industries Ltd
name_variant_between_exchanges,INE0N7W01012,BEML Land Assets Limited | BEML Land Assets Ltd
name_variant_between_exchanges,INE791A01024,BLB Limited | BLB Ltd
name_variant_between_exchanges,INE1EEM01017,Behari Lal Engineering Limited | Behari Lal Engineering Ltd
name_variant_between_exchanges,INE525F01025,Balmer Lawrie Investments Limited | Balmer Lawrie Investments Ltd
name_variant_between_exchanges,INE416D01022,Bliss GVS Pharma Limited | Bliss GVS Pharma Ltd
name_variant_between_exchanges,INE350H01032,B. L. Kashyap and Sons Limited | B. L. Kashyap and Sons Ltd
name_variant_between_exchanges,INE153T01027,BLS International Services Limited | BLS International Services Ltd
name_variant_between_exchanges,INE0NLT01010,BLS E-Services Limited | BLS E-Services Ltd
name_variant_between_exchanges,INE373T01047,Blue Cloud Softech Solutions Limited | Blue Cloud Softech Solutions Ltd
name_variant_between_exchanges,INE472B01011,Blue Coast Hotels Limited | Blue Coast Hotels Ltd
name_variant_between_exchanges,INE233B01017,Blue Dart Express Limited | Blue Dart Express Ltd
name_variant_between_exchanges,INE0KBH01020,Blue Jet Healthcare Limited | Blue Jet Healthcare Ltd
name_variant_between_exchanges,INE472A01039,Blue Star Limited | Blue Star Ltd
name_variant_between_exchanges,INE304W01038,BlueStone Jewellery and Lifestyle Limited | BlueStone Jewellery and Lifestyle Ltd
name_variant_between_exchanges,INE0U4101014,Bluspring Enterprises Limited | Bluspring Enterprises Ltd
name_variant_between_exchanges,INE965W01036,BMW Ventures Limited | BMW Ventures Ltd
name_variant_between_exchanges,INE00HZ01011,BN Agrochem Limited | BN Agrochem Ltd
name_variant_between_exchanges,INE489D01011,B & A Limited | B & A Ltd
name_variant_between_exchanges,INE338D01028,Bodal Chemicals Limited | Bodal Chemicals Ltd
name_variant_between_exchanges,INE032A01023,Bombay Dyeing & Manufacturing Company Ltd | Bombay Dyeing & Mfg Company Limited
name_variant_between_exchanges,INE0B9A01018,Bonlon Industries Limited | Bonlon Industries Ltd
name_variant_between_exchanges,INE16SF01016,Borana Weaves Limited | Borana Weaves Ltd
name_variant_between_exchanges,INE02PY01013,Borosil Limited | Borosil Ltd
name_variant_between_exchanges,INE666D01022,BOROSIL RENEWABLES LIMITED | Borosil Renewables Ltd
name_variant_between_exchanges,INE02L001032,Borosil Scientific Limited | Borosil Scientific Ltd
name_variant_between_exchanges,INE782A01015,BOSCH HOME COMFORT INDIA LIMITED | Bosch Home Comfort India Ltd
name_variant_between_exchanges,INE323A01026,Bosch Limited | Bosch Ltd
name_variant_between_exchanges,INE029A01011,Bharat Petroleum Corporation Limited | Bharat Petroleum Corporation Ltd
name_variant_between_exchanges,INE110A01019,BPL Limited | BPL Ltd
name_variant_between_exchanges,INE365Y01019,Bharat Parenterals Limited | Bharat Parenterals Ltd
name_variant_between_exchanges,INE320I01017,Brahmaputra Infrastructure Limited | Brahmaputra Infrastructure Ltd
name_variant_between_exchanges,INE791I01019,Brigade Enterprises Limited | Brigade Enterprises Ltd
name_variant_between_exchanges,INE03NU01014,Brigade Hotel Ventures Limited | Brigade Hotel Ventures Ltd
name_variant_between_exchanges,INE630D01010,Bright Brothers Limited | Bright Brothers Ltd
name_variant_between_exchanges,INE216A01030,Britannia Industries Limited | Britannia Industries Ltd
name_variant_between_exchanges,INE727S01012,Bharat Road Network Limited | Bharat Road Network Ltd
name_variant_between_exchanges,INE650L01011,Brooks Laboratories Limited | Brooks Laboratories Ltd
name_variant_between_exchanges,INE032Z01020,Bombay Super Hybrid Seeds Limited | Bombay Super Hybrid Seeds Ltd
name_variant_between_exchanges,INE594B01012,BSL Limited | BSL Ltd
name_variant_between_exchanges,INE836A01035,BIRLASOFT LIMITED | Birlasoft Ltd
name_variant_between_exchanges,INE0EEJ01023,Bodhi Tree Multimedia Limited | Bodhi Tree Multimedia Ltd
name_variant_between_exchanges,INE274K01012,Bhilwara Technical Textiles Limited | Bhilwara Technical Textiles Ltd
name_variant_between_exchanges,INE24OJ01011,Shankara Buildpro Limited | Shankara Buildpro Ltd
name_variant_between_exchanges,INE817H01022,Burnpur Cement Limited | Burnpur Cement Ltd
name_variant_between_exchanges,INE295F01017,Butterfly Gandhimathi Appliances Limited | Butterfly Gandhimathi Appliances Ltd
name_variant_between_exchanges,INE139I01011,Barak Valley Cements Limited | Barak Valley Cements Ltd
name_variant_between_exchanges,INE526B01014,California Software Company Limited | California Software Company Ltd
name_variant_between_exchanges,INE052I01032,Camlin Fine Sciences Limited | Camlin Fine Sciences Ltd
name_variant_between_exchanges,INE278Y01022,Campus Activewear Limited | Campus Activewear Ltd
name_variant_between_exchanges,INE596I01020,Computer Age Management Services Limited | Computer Age Management Services Ltd
name_variant_between_exchanges,INE477A01020,Can Fin Homes Limited | Can Fin Homes Ltd
name_variant_between_exchanges,INE01TY01017,Canara HSBC Life Insurance Company Limited | Canara HSBC Life Insurance Company Ltd
name_variant_between_exchanges,INE068L01024,Cantabil Retail India Limited | Cantabil Retail India Ltd
name_variant_between_exchanges,INE264T01014,Capacit'e Infraprojects Limited | Capacite Infraprojects Ltd
name_variant_between_exchanges,INE0ILV01024,Capillary Technologies India Limited | Capillary Technologies India Ltd
name_variant_between_exchanges,INE646H01017,Capital Small Finance Bank Limited | Capital Small Finance Bank Ltd
name_variant_between_exchanges,INE475E01026,Caplin Point Laboratories Limited | Caplin Point Laboratories Ltd
name_variant_between_exchanges,INE707C01018,Capital Trust Limited | Capital Trust Ltd
name_variant_between_exchanges,INE120A01034,Carborundum Universal Limited | Carborundum Universal Ltd
name_variant_between_exchanges,INE752H01013,CARE Ratings Limited | CARE Ratings Ltd
name_variant_between_exchanges,INE0V7W01012,Carraro India Limited | Carraro India Ltd
name_variant_between_exchanges,INE290S01011,CarTrade Tech Ltd | Cartrade Tech Limited
name_variant_between_exchanges,INE482D01024,CARYSIL LIMITED | Carysil Ltd
name_variant_between_exchanges,INE172A01027,Castrol India Limited | Castrol India Ltd
name_variant_between_exchanges,INE483S01020,AvenuesAI Limited | AvenuesAI Ltd
name_variant_between_exchanges,INE429I01024,Consolidated Construction Consortium Limited | Consolidated Construction Consortium Ltd
name_variant_between_exchanges,INE652F01027,Country Club Hospitality & Holidays Limited | Country Club Hospitality & Holidays Ltd
name_variant_between_exchanges,INE421D01022,CCL Products (India) Limited | CCL Products (India) Ltd
name_variant_between_exchanges,INE482A01020,CEAT Limited | Ceat Ltd
name_variant_between_exchanges,INE0AG901020,Ceigall India Limited | Ceigall India Ltd
name_variant_between_exchanges,INE016Q01014,Ceinsys Tech Limited | Ceinsys Tech Ltd
name_variant_between_exchanges,INE185H01016,Celebrity Fashions Limited | Celebrity Fashions Ltd
name_variant_between_exchanges,INE0LMW01024,Cello World Limited | Cello World Ltd
name_variant_between_exchanges,INE686A01026,Cemindia Projects Limited | Cemindia Projects Ltd
name_variant_between_exchanges,INE485A01015,Century Enka Limited | Century Enka Ltd
name_variant_between_exchanges,INE281A01026,Century Extrusions Limited | Century Extrusions Ltd
name_variant_between_exchanges,INE660C01027,Centrum Capital Limited | Centrum Capital Ltd
name_variant_between_exchanges,INE320B01020,Centum Electronics Limited | Centum Electronics Ltd
name_variant_between_exchanges,INE348B01021,Century Plyboards (India) Limited | Century Plyboards (India) Ltd
name_variant_between_exchanges,INE739E01017,Cera Sanitaryware Limited | Cera Sanitaryware Ltd
name_variant_between_exchanges,INE345B01019,Cerebra Integrated Technologies Limited | Cerebra Integrated Technologies Ltd
name_variant_between_exchanges,INE486A01021,CESC Limited | CESC Ltd
name_variant_between_exchanges,INE037Z01029,Concord Enviro Systems Limited | Concord Enviro Systems Ltd
name_variant_between_exchanges,INE700F01024,Confidence Futuristic Energetech Limited | Confidence Futuristic Energetech Ltd
name_variant_between_exchanges,INE180C01042,Capri Global Capital Limited | Capri Global Capital Ltd
name_variant_between_exchanges,INE067A01029,CG Power and Industrial Solutions Limited | CG Power and Industrial Solutions Ltd
name_variant_between_exchanges,INE084D01010,CG Vak Software & Exports Limited | CG Vak Software & Exports Ltd
name_variant_between_exchanges,INE427F01016,Chalet Hotels Limited | Chalet Hotels Ltd
name_variant_between_exchanges,INE085A01013,Chambal Fertilisers & Chemicals Ltd | Chambal Fertilizers & Chemicals Limited
name_variant_between_exchanges,INE995D01025,Chembond Material Technologies Limited | Chembond Material Technologies Ltd
name_variant_between_exchanges,INE0TGX01019,Chembond Chemicals Limited | Chembond Chemicals Ltd
name_variant_between_exchanges,INE03YM01018,Chemcon Speciality Chemicals Limited | Chemcon Speciality Chemicals Ltd
name_variant_between_exchanges,INE298W01016,Chemcrux Enterprises Limited | Chemcrux Enterprises Ltd
name_variant_between_exchanges,INE783X01023,Chemfab Alkalis Limited | Chemfab Alkalis Ltd
name_variant_between_exchanges,INE488A01050,Chemplast Sanmar Limited | Chemplast Sanmar Ltd
name_variant_between_exchanges,INE178A01016,Chennai Petroleum Corporation Limited | Chennai Petroleum Corporation Ltd
name_variant_between_exchanges,INE974B01016,Cheviot Company Limited | Cheviot Company Ltd
name_variant_between_exchanges,INE102B01014,Choice International Limited | Choice International Ltd
name_variant_between_exchanges,INE121A01024,Cholamandalam Investment and Finance Company Limited | Cholamandalam Investment and Finance Company Ltd
name_variant_between_exchanges,INE149A01033,Cholamandalam Financial Holdings Limited | Cholamandalam Financial Holdings Ltd
name_variant_between_exchanges,INE536H01010,CIE Automotive India Limited | CIE Automotive India Ltd
name_variant_between_exchanges,INE345H01024,Capital India Finance Limited | Capital India Finance Ltd
name_variant_between_exchanges,INE704H01022,Cineline India Limited | Cineline India Ltd
name_variant_between_exchanges,INE039B01026,Cinevista Limited | Cinevista Ltd
name_variant_between_exchanges,INE059A01026,Cipla Limited | Cipla Ltd
name_variant_between_exchanges,INE227W01023,Clean Science and Technology Limited | Clean Science and Technology Ltd
name_variant_between_exchanges,INE647U01026,Clean Max Enviro Energy Solutions Limited | Clean Max Enviro Energy Solutions Ltd
name_variant_between_exchanges,INE201M01029,CL Educate Limited | CL Educate Ltd
name_variant_between_exchanges,INE419D01026,Chaman Lal Setia Exports Limited | Chaman Lal Setia Exports Ltd
name_variant_between_exchanges,INE11XY01018,Caliber Mining And Logistics Ltd | Caliber Mining and Logistics Limited
name_variant_between_exchanges,INE05HV01027,Central Mine Planning & Design Institute Limited | Central Mine Planning & Design Institute Ltd
name_variant_between_exchanges,INE00WV01027,CMR Green Technologies Limited | CMR Green Technologies Ltd
name_variant_between_exchanges,INE925R01014,CMS Info Systems Limited | CMS Info Systems Ltd
name_variant_between_exchanges,INE985W01018,Creative Newtech Limited | Creative Newtech Ltd
name_variant_between_exchanges,INE522F01014,Coal India Limited | Coal India Ltd
name_variant_between_exchanges,INE377E01024,Coastal Corporation Limited | Coastal Corporation Ltd
name_variant_between_exchanges,INE704P01025,Cochin Shipyard Limited | Cochin Shipyard Ltd
name_variant_between_exchanges,INE515A01019,John Cockerill India Limited | John Cockerill India Ltd
name_variant_between_exchanges,INE335K01011,Coffee Day Enterprises Limited | Coffee Day Enterprises Ltd
name_variant_between_exchanges,INE591G01025,Coforge Limited | Coforge Ltd
name_variant_between_exchanges,INE03QK01018,Cohance Lifesciences Limited | Cohance Lifesciences Ltd
name_variant_between_exchanges,INE259A01022,Colgate Palmolive (India) Limited | Colgate Palmolive (India) Ltd
name_variant_between_exchanges,INE819A01049,Comfort Intech Limited | Comfort Intech Ltd
name_variant_between_exchanges,INE823B01015,Competent Automobiles Company Limited | Competent Automobiles Company Ltd
name_variant_between_exchanges,INE070C01037,Compuage Infocom Limited | Compuage Infocom Ltd
name_variant_between_exchanges,INE453B01029,Compucom Software Limited | Compucom Software Ltd
name_variant_between_exchanges,INE073V01015,Commercial Syn Bags Limited | Commercial Syn Bags Ltd
name_variant_between_exchanges,INE111A01025,Container Corporation of India Limited | Container Corporation of India Ltd
name_variant_between_exchanges,INE338H01029,Concord Biotech Limited | Concord Biotech Ltd
name_variant_between_exchanges,INE552D01024,Confidence Petroleum India Limited | Confidence Petroleum India Ltd
name_variant_between_exchanges,INE663B01015,Control Print Limited | Control Print Ltd
name_variant_between_exchanges,INE558D01021,Coral India Finance & Housing Limited | Coral India Finance & Housing Ltd
name_variant_between_exchanges,INE0LZF01039,Waterways Leisure Tourism Limited | Waterways Leisure Tourism Ltd
name_variant_between_exchanges,INE792I01017,Cords Cable Industries Limited | Cords Cable Industries Ltd
name_variant_between_exchanges,INE169A01031,Coromandel International Limited | Coromandel International Ltd
name_variant_between_exchanges,INE02ZQ01018,CORONA Remedies Limited | Corona Remedies Ltd
name_variant_between_exchanges,INE757A01017,COSMO FIRST LIMITED | Cosmo First Ltd
name_variant_between_exchanges,INE695B01025,Country Condo's Limited | Country Condos Ltd
name_variant_between_exchanges,INE521J01018,CP Capital Limited | CP Capital Ltd
name_variant_between_exchanges,INE0P6P01016,Career Point Edutech Limited | Career Point Edutech Ltd
name_variant_between_exchanges,INE536P01021,Captain Polyplast Limited | Captain Polyplast Ltd
name_variant_between_exchanges,INE819V01029,Aditya Infotech Limited | Aditya Infotech Ltd
name_variant_between_exchanges,INE00LO01017,Craftsman Automation Limited | Craftsman Automation Ltd
name_variant_between_exchanges,INE218I01013,Canara Robeco Asset Management Company Limited | Canara Robeco Asset Management Company Ltd
name_variant_between_exchanges,INE145E01017,Cravatex Limited | Cravatex Ltd
name_variant_between_exchanges,INE230B01021,Creative Eye Limited | Creative Eye Ltd
name_variant_between_exchanges,INE741K01010,CREDITACCESS GRAMEEN LIMITED | CreditAccess Grameen Ltd
name_variant_between_exchanges,INE559D01011,Crest Ventures Limited | Crest Ventures Ltd
name_variant_between_exchanges,INE007A01025,Crisil Limited | Crisil Ltd
name_variant_between_exchanges,INE0S4R01014,Crizac Limited | Crizac Ltd
name_variant_between_exchanges,INE299U01018,Crompton Greaves Consumer Electricals Limited | Crompton Greaves Consumer Electricals Ltd
name_variant_between_exchanges,INE716D01033,Cressanda Railway Solutions Limited | Cressanda Railway Solutions Ltd
name_variant_between_exchanges,INE679A01013,CSB Bank Limited | CSB Bank Ltd
name_variant_between_exchanges,INE718F01018,CSL Finance Limited | CSL Finance Ltd
name_variant_between_exchanges,INE0ZK601013,CSM Technologies Limited | CSM Technologies Ltd
name_variant_between_exchanges,INE627H01017,Cambridge Technology Enterprises Limited | Cambridge Technology Enterprises Ltd
name_variant_between_exchanges,INE491A01021,City Union Bank Limited | City Union Bank Ltd
name_variant_between_exchanges,INE144D01012,Cubex Tubings Limited | Cubex Tubings Ltd
name_variant_between_exchanges,INE298A01020,Cummins India Limited | Cummins India Ltd
name_variant_between_exchanges,INE509F01029,Cupid Limited | Cupid Ltd
name_variant_between_exchanges,INE117B01020,Cura Technologies Limited | Cura Technologies Ltd
name_variant_between_exchanges,INE278G01037,Cyber Media (India) Limited | Cyber Media India Ltd
name_variant_between_exchanges,INE214A01019,CyberTech Systems and Software Ltd | Cybertech Systems And Software Limited
name_variant_between_exchanges,INE136B01020,Cyient Limited | Cyient Ltd
name_variant_between_exchanges,INE055S01018,Cyient DLM Limited | Cyient DLM Ltd
name_variant_between_exchanges,INE016A01026,Dabur India Limited | Dabur India Ltd
name_variant_between_exchanges,INE928C01010,Dai-Ichi Karkaria Limited | Dai-Ichi Karkaria Ltd
name_variant_between_exchanges,INE00R701025,Dalmia Bharat Limited | Dalmia Bharat Ltd
name_variant_between_exchanges,INE495A01022,Dalmia Bharat Sugar and Industries Limited | Dalmia Bharat Sugar and Industries Ltd
name_variant_between_exchanges,INE284H01025,DAM Capital Advisors Ltd | Dam Capital Advisors Limited
name_variant_between_exchanges,INE497D01022,Damodar Industries Limited | Damodar Industries Ltd
name_variant_between_exchanges,INE365B01017,Datamatics Global Services Limited | Datamatics Global Services Ltd
name_variant_between_exchanges,INE0IX101010,Data Patterns (India) Limited | Data Patterns (India) Ltd
name_variant_between_exchanges,INE179G01029,Davangere Sugar Company Limited | Davangere Sugar Company Ltd
name_variant_between_exchanges,INE950I01011,D. B. Corp Ltd | D.B.Corp Limited
name_variant_between_exchanges,INE0OPA01027,Deepak Builders & Engineers India Limited | Deepak Builders and Engineers India Ltd
name_variant_between_exchanges,INE917M01012,Dilip Buildcon Limited | Dilip Buildcon Ltd
name_variant_between_exchanges,INE0I3401014,Dhampur Bio Organics Limited | Dhampur Bio Organics Ltd
name_variant_between_exchanges,INE879I01012,Valor Estate Limited | Valor Estate Ltd
name_variant_between_exchanges,INE921B01025,DB (International) Stock Brokers Limited | DB International Stock Brokers Ltd
name_variant_between_exchanges,INE385W01011,Dishman Carbogen Amcis Limited | Dishman Carbogen Amcis Ltd
name_variant_between_exchanges,INE503A01015,DCB Bank Limited | DCB Bank Ltd
name_variant_between_exchanges,INE0A1101019,Dc Infotech And Communication Limited | Dc Infotech and Communication Ltd
name_variant_between_exchanges,INE498A01018,DCM  Limited | DCM Ltd
name_variant_between_exchanges,INE891B01012,DCM Financial Services Limited | DCM Financial Services Ltd
name_variant_between_exchanges,INE08KP01019,DCM Nouvelle Limited | DCM Nouvelle Ltd
name_variant_between_exchanges,INE499A01024,DCM Shriram Limited | DCM Shriram Ltd
name_variant_between_exchanges,INE0OU201013,DCM Shriram International Limited | DCM Shriram International Ltd
name_variant_between_exchanges,INE843D01027,DCM Shriram Industries Limited | DCM Shriram Industries Ltd
name_variant_between_exchanges,INE500A01029,DCW Limited | DCW Ltd
name_variant_between_exchanges,INE0KL801015,DCX Systems Limited | DCX Systems Ltd
name_variant_between_exchanges,INE0HR601026,Ddev Plastiks Industries Limited | Ddev Plastiks Industries Ltd
name_variant_between_exchanges,INE583C01021,Deccan Cements Limited | Deccan Cements Ltd
name_variant_between_exchanges,INE945F01025,Deccan Gold Mines Limited | Deccan Gold Mines Ltd
name_variant_between_exchanges,INE841L01016,DEE Development Engineers Limited | Dee Development Engineers Ltd
name_variant_between_exchanges,INE00IY01012,Deep Polymers Limited | Deep Polymers Ltd
name_variant_between_exchanges,INE1M2N01020,Deepa Jewellers Limited | Deepa Jewellers Ltd
name_variant_between_exchanges,INE501A01019,Deepak Fertilisers & Petrochemicals Corporation Ltd | Deepak Fertilizers and Petrochemicals Corporation Limited
name_variant_between_exchanges,INE288B01029,Deepak Nitrite Limited | Deepak Nitrite Ltd
name_variant_between_exchanges,INE0FHS01024,Deep Industries Limited | Deep Industries Ltd
name_variant_between_exchanges,INE148O01028,Delhivery Limited | Delhivery Ltd
name_variant_between_exchanges,INE726L01027,DELPHI WORLD MONEY LIMITED | Delphi World Money Ltd
name_variant_between_exchanges,INE124G01033,Delta Corp Limited | Delta Corp Ltd
name_variant_between_exchanges,INE393A01011,Delta Manufacturing Limited | Delta Manufacturing Ltd
name_variant_between_exchanges,INE947J01015,Den Networks Limited | Den Networks Ltd
name_variant_between_exchanges,INE244A01016,De Nora India Limited | De Nora India Ltd
name_variant_between_exchanges,INE0R4L01018,Denta Water and Infra Solutions Limited | Denta Water and Infra Solutions Ltd
name_variant_between_exchanges,INE060X01034,Dev Information Technology Limited | Dev Information Technology Ltd
name_variant_between_exchanges,INE0VOV01021,Dev Accelerator Limited | Dev Accelerator Ltd
name_variant_between_exchanges,INE872J01023,Devyani International Limited | Devyani International Ltd
name_variant_between_exchanges,INE03JI01017,Digicontent Limited | Digicontent Ltd
name_variant_between_exchanges,INE260R01016,Dhabriya Polywood Limited | Dhabriya Polywood Ltd
name_variant_between_exchanges,INE041A01016,Dhampur Sugar Mills Limited | Dhampur Sugar Mills Ltd
name_variant_between_exchanges,INE680A01011,Dhanlaxmi Bank Limited | Dhanlaxmi Bank Ltd
name_variant_between_exchanges,INE435G01025,Dhanuka Agritech Limited | Dhanuka Agritech Ltd
name_variant_between_exchanges,INE278R01034,DHARAN INFRA-EPC LIMITED | Dharan Infra-EPC Ltd
name_variant_between_exchanges,INE00OQ01016,Dharmaj Crop Guard Limited | Dharmaj Crop Guard Ltd
name_variant_between_exchanges,INE715T01031,Dhatre Udyog Limited | Dhatre Udyog Ltd
name_variant_between_exchanges,INE01NH01023,Dhoot Transmission Limited | Dhoot Transmission Ltd
name_variant_between_exchanges,INE506Z01015,Dhruv Consultancy Services Limited | Dhruv Consultancy Services Ltd
name_variant_between_exchanges,INE320L01011,Dhunseri Investments Limited | Dhunseri Investments Ltd
name_variant_between_exchanges,INE989C01038,Diamond Power Infrastructure Limited | Diamond Power Infrastructure Ltd
name_variant_between_exchanges,INE591D01014,Diamines & Chemicals Limited | Diamines & Chemicals Ltd
name_variant_between_exchanges,INE393P01035,Prataap Snacks Limited | Prataap Snacks Ltd
name_variant_between_exchanges,INE303A01010,DIC India Limited | DIC India Ltd
name_variant_between_exchanges,INE184O01015,Diffusion Engineers Limited | Diffusion Engineers Ltd
name_variant_between_exchanges,INE0PSC01024,Digidrive Distributors Limited | Digidrive Distributors Ltd
name_variant_between_exchanges,INE927C01020,DiGiSPICE Technologies Limited | Digispice Technologies Ltd
name_variant_between_exchanges,INE0U4701011,Digitide Solutions Limited | Digitide Solutions Ltd
name_variant_between_exchanges,INE731U01028,Digjam Limited | Digjam Ltd
name_variant_between_exchanges,INE131C01011,Disa India Limited | Disa India Ltd
name_variant_between_exchanges,INE836F01026,Dish TV India Limited | Dish TV India Ltd
name_variant_between_exchanges,INE753U01022,DIVGI TORQTRANSFER SYSTEMS Ltd | Divgi Torqtransfer Systems Limited
name_variant_between_exchanges,INE361B01024,Divi's Laboratories Limited | Divis Laboratories Ltd
name_variant_between_exchanges,INE935N01020,Dixon Technologies (India) Limited | Dixon Technologies (India) Ltd
name_variant_between_exchanges,INE0B1K01014,DJ Mediaprint & Logistics Limited | DJ Mediaprint & Logistics Ltd
name_variant_between_exchanges,INE271C01023,DLF Limited | DLF Ltd
name_variant_between_exchanges,INE250K01012,D-Link (India) Limited | D-Link (India) Ltd
name_variant_between_exchanges,INE192R01011,Avenue Supermarts Limited | Avenue Supermarts Ltd
name_variant_between_exchanges,INE505A01010,DMCC SPECIALITY CHEMICALS LIMITED | DMCC Speciality Chemicals Ltd
name_variant_between_exchanges,INE016M01021,Diligent Media Corporation Limited | Diligent Media Corporation Ltd
name_variant_between_exchanges,INE021O01019,Dodla Dairy Limited | Dodla Dairy Ltd
name_variant_between_exchanges,INE966A01022,Dolat Algotech Limited | Dolat Algotech Ltd
name_variant_between_exchanges,INE325C01035,Dollar Industries Limited | Dollar Industries Ltd
name_variant_between_exchanges,INE920A01037,Dolphin Offshore Enterprises (India) Limited | Dolphin Offshore Enterprises (India) Ltd
name_variant_between_exchanges,INE321T01012,DOMS Industries Limited | DOMS Industries Ltd
name_variant_between_exchanges,INE668D01028,Donear Industries Limited | Donear Industries Ltd
name_variant_between_exchanges,INE266Y01019,D. P. Abhushan Limited | D.P. Abhushan Ltd
name_variant_between_exchanges,INE864X01013,D P Wires Limited | D.P. Wires Ltd
name_variant_between_exchanges,INE934C01018,Dr Agarwals Eye Hospital Limited | Dr Agarwals Eye Hospital Ltd
name_variant_between_exchanges,INE03RS01027,DRC Systems India Limited | DRC Systems India Ltd
name_variant_between_exchanges,INE0JS101016,Dreamfolks Services Limited | Dreamfolks Services Ltd
name_variant_between_exchanges,INE506A01018,Dredging Corporation of India Limited | Dredging Corporation of India Ltd
name_variant_between_exchanges,INE089A01031,Dr Reddys Laboratories Ltd | Dr. Reddy's Laboratories Limited
name_variant_between_exchanges,INE0OFM01015,DCM Shriram Fine Chemicals Limited | DCM Shriram Fine Chemicals Ltd
name_variant_between_exchanges,INE891A01022,DS Kulkarni Developers Limited | DS Kulkarni Developers Ltd
name_variant_between_exchanges,INE417B01040,Dynacons Systems & Solutions Limited | Dynacons Systems & Solutions Ltd
name_variant_between_exchanges,INE341R01014,Dhunseri Tea & Industries Limited | Dhunseri Tea & Industries Ltd
name_variant_between_exchanges,INE741L01018,Ducon Infratechnologies Limited | Ducon Infratechnologies Ltd
name_variant_between_exchanges,INE477B01010,Dhunseri Ventures Limited | Dhunseri Ventures Ltd
name_variant_between_exchanges,INE366A01041,Dwarikesh Sugar Industries Limited | Dwarikesh Sugar Industries Ltd
name_variant_between_exchanges,INE600Y01019,Dynamic Cables Limited | Dynamic Cables Ltd
name_variant_between_exchanges,INE221B01012,Dynamatic Technologies Limited | Dynamatic Technologies Ltd
name_variant_between_exchanges,INE256H01015,Dynemic Products Limited | Dynemic Products Ltd
name_variant_between_exchanges,INE255Z01027,E2E Networks Limited | E2E Networks Ltd
name_variant_between_exchanges,INE07O001026,Easy Trip Planners Limited | Easy Trip Planners Ltd
name_variant_between_exchanges,INE962C01035,Eastern Silk Industries Limited | Eastern Silk Industries Ltd
name_variant_between_exchanges,INE595R01023,East West Freight Carriers Limited | East West Freight Carriers Ltd
name_variant_between_exchanges,INE18JU01028,GNG Electronics Limited | GNG Electronics Ltd
name_variant_between_exchanges,INE432F01032,EBIX Limited | EBIX Ltd
name_variant_between_exchanges,INE738I01010,eClerx Services Limited | eClerx Services Ltd
name_variant_between_exchanges,INE316A01038,Eco Recycling Limited | Eco Recycling Ltd
name_variant_between_exchanges,INE06HJ01020,ECOS (India) Mobility & Hospitality Ltd | Ecos (India) Mobility & Hospitality Limited
name_variant_between_exchanges,INE532F01054,Edelweiss Financial Services Limited | Edelweiss Financial Services Ltd
name_variant_between_exchanges,INE886D01026,EFC (I) Limited | EFC (I) Ltd
name_variant_between_exchanges,INE066A01021,Eicher Motors Limited | Eicher Motors Ltd
name_variant_between_exchanges,INE126A01031,EID Parry India Limited | EID Parry India Ltd
name_variant_between_exchanges,INE0LLY01014,Enviro Infra Engineers Limited | Enviro Infra Engineers Ltd
name_variant_between_exchanges,INE276C01014,EIH Associated Hotels Limited | EIH Associated Hotels Ltd
name_variant_between_exchanges,INE230A01023,EIH Limited | EIH Ltd
name_variant_between_exchanges,INE158B01016,Eimco Elecon (India) Limited | Eimco Elecon (India) Ltd
name_variant_between_exchanges,INE184H01027,Everest Kanto Cylinder Limited | Everest Kanto Cylinder Ltd
name_variant_between_exchanges,INE0CPR01018,EKI Energy Services Limited | EKI Energy Services Ltd
name_variant_between_exchanges,INE280B01018,Elantas Beck India Limited | Elantas Beck India Ltd
name_variant_between_exchanges,INE927X01018,EL CID Investments Limited | EL CID Investments Ltd
name_variant_between_exchanges,INE668G01021,Eldeco Housing & Industries Ltd | Eldeco Housing And Industries Limited
name_variant_between_exchanges,INE205B01031,Elecon Engineering Company Limited | Elecon Engineering Company Ltd
name_variant_between_exchanges,INE086A01029,Electrosteel Castings Limited | Electrosteel Castings Ltd
name_variant_between_exchanges,INE822G01016,Electrotherm (India) Limited | Electrotherm (India) Ltd
name_variant_between_exchanges,INE285A01027,Elgi Equipments Limited | Elgi Equipments Ltd
name_variant_between_exchanges,INE050401020,Elin Electronics Limited | Elin Electronics Ltd
name_variant_between_exchanges,INE669R01026,Elitecon International Limited | Elitecon International Ltd
name_variant_between_exchanges,INE236E01022,Ellenbarrie Industrial Gases Limited | Ellenbarrie Industrial Gases Ltd
name_variant_between_exchanges,INE579B01039,Elpro International Limited | Elpro International Ltd
name_variant_between_exchanges,INE548C01032,Emami Limited | Emami Ltd
name_variant_between_exchanges,INE830C01026,Emami Paper Mills Limited | Emami Paper Mills Ltd
name_variant_between_exchanges,INE778K01012,Emami Realty Limited | Emami Realty Ltd
name_variant_between_exchanges,INE069I01010,Embassy Developments Limited | Embassy Developments Ltd
name_variant_between_exchanges,INE168P01015,Emcure Pharmaceuticals Limited | Emcure Pharmaceuticals Ltd
name_variant_between_exchanges,INE02YR01019,Electronics Mart India Limited | Electronics Mart India Ltd
name_variant_between_exchanges,INE296H01011,Emkay Global Financial Services Limited | Emkay Global Financial Services Ltd
name_variant_between_exchanges,INE753K01015,Emmbi Industries Limited | Emmbi Industries Ltd
name_variant_between_exchanges,INE1C6T01020,Emmvee Photovoltaic Power Limited | Emmvee Photovoltaic Power Ltd
name_variant_between_exchanges,INE515H01014,Empire Industries Limited | Empire Industries Ltd
name_variant_between_exchanges,INE507F01023,Empower India Limited | Empower India Ltd
name_variant_between_exchanges,INE0OV601013,EMS Limited | EMS Ltd
name_variant_between_exchanges,INE01QM01018,eMudhra Limited | eMudhra Ltd
name_variant_between_exchanges,INE913H01037,Endurance Technologies Limited | Endurance Technologies Ltd
name_variant_between_exchanges,INE306C01019,Energy Development Company Limited | Energy Development Company Ltd
name_variant_between_exchanges,INE510A01028,Engineers India Limited | Engineers India Ltd
name_variant_between_exchanges,INE265F01028,Entertainment Network (India) Limited | Entertainment Network (India) Ltd
name_variant_between_exchanges,INE130L01014,Enkei Wheels (India) Limited | Enkei Wheels (India) Ltd
name_variant_between_exchanges,INE1NPP01017,Siemens Energy India Limited | Siemens Energy India Ltd
name_variant_between_exchanges,INE010601016,Entero Healthcare Solutions Limited | Entero Healthcare Solutions Ltd
name_variant_between_exchanges,INE0G5901015,EPACK Durable Limited | EPACK Durable Ltd
name_variant_between_exchanges,INE0MLS01022,EPack Prefab Technologies Limited | Epack Prefab Technologies Ltd
name_variant_between_exchanges,INE071N01016,Epigral Limited | Epigral Ltd
name_variant_between_exchanges,INE255A01020,EPL Limited | EPL Ltd
name_variant_between_exchanges,INE217G01035,Equippp Social Impact Technologies Limited | Equippp Social Impact Technologies Ltd
name_variant_between_exchanges,INE063P01018,Equitas Small Finance Bank Limited | Equitas Small Finance Bank Ltd
name_variant_between_exchanges,INE406M01024,Eris Lifesciences Limited | Eris Lifesciences Ltd
name_variant_between_exchanges,INE284A01012,Esab India Limited | Esab India Ltd
name_variant_between_exchanges,INE818W01011,ESAF Small Finance Bank Limited | ESAF Small Finance Bank Ltd
name_variant_between_exchanges,INE042A01014,Escorts Kubota Limited | Escorts Kubota Ltd
name_variant_between_exchanges,INE0DRI01029,ESDS Software Solution Limited | ESDS Software Solution Ltd
name_variant_between_exchanges,INE122M01019,Essar Shipping Limited | Essar Shipping Ltd
name_variant_between_exchanges,INE418N01035,Integra Essentia Limited | Integra Essentia Ltd
name_variant_between_exchanges,INE778B01029,Ester Industries Limited | Ester Industries Ltd
name_variant_between_exchanges,INE758T01015,ETERNAL LIMITED | Eternal Ltd
name_variant_between_exchanges,INE04TZ01018,Ethos Limited | Ethos Ltd
name_variant_between_exchanges,INE0KCE01017,Eureka Forbes Limited | Eureka Forbes Ltd
name_variant_between_exchanges,INE505V01016,Euro Panel Products Limited | Euro Panel Products Ltd
name_variant_between_exchanges,INE198501012,Euro Pratik Sales Limited | Euro Pratik Sales Ltd
name_variant_between_exchanges,INE022C01012,Eurotex Industries and Exports Limited | Eurotex Industries and Exports Ltd
name_variant_between_exchanges,INE128A01029,Eveready Industries India Limited | Eveready Industries India Ltd
name_variant_between_exchanges,INE295A01018,Everest Industries Limited | Everest Industries Ltd
name_variant_between_exchanges,INE369A01029,Excel Industries Limited | Excel Industries Ltd
name_variant_between_exchanges,INE606N01019,Excelsoft Technologies Limited | Excelsoft Technologies Ltd
name_variant_between_exchanges,INE777F01014,Exicom Tele-Systems Limited | Exicom Tele-Systems Ltd
name_variant_between_exchanges,INE302A01020,Exide Industries Limited | Exide Industries Ltd
name_variant_between_exchanges,INE201K01015,Expleo Solutions Limited | Expleo Solutions Ltd
name_variant_between_exchanges,INE0GFE01026,Exxaro Tiles Limited | Exxaro Tiles Ltd
name_variant_between_exchanges,INE0HF201011,Fabtech Technologies Limited | Fabtech Technologies Ltd
name_variant_between_exchanges,INE188A01015,Fertilizers and Chemicals Travancore Limited | Fertilizers and Chemicals Travancore Ltd
name_variant_between_exchanges,INE0DNW01011,Fairchem Organics Limited | Fairchem Organics Ltd
name_variant_between_exchanges,INE963C01033,Faze Three Limited | Faze Three Ltd
name_variant_between_exchanges,INE045J01034,Fineotex Chemical Limited | Fineotex Chemical Ltd
name_variant_between_exchanges,INE512B01022,FCS Software Solutions Limited | FCS Software Solutions Ltd
name_variant_between_exchanges,INE258B01022,FDC Limited | FDC Ltd
name_variant_between_exchanges,INE417D01020,Fedders Holding Limited | Fedders Holding Ltd
name_variant_between_exchanges,INE171A01029,Federal Bank Ltd | The Federal Bank  Limited
name_variant_between_exchanges,INE007N01010,Fedbank Financial Services Limited | Fedbank Financial Services Ltd
name_variant_between_exchanges,INE623B01027,Future Enterprises Limited | Future Enterprises Ltd
name_variant_between_exchanges,IN9623B01058,Future Enterprises Limited | Future Enterprises Ltd_DVR
name_variant_between_exchanges,INE225B01021,Fermenta Biotech Limited | Fermenta Biotech Ltd
name_variant_between_exchanges,INE296C01020,Fiberweb (India) Limited | Fiberweb India Ltd
name_variant_between_exchanges,INE737H01014,Fiem Industries Limited | Fiem Industries Ltd
name_variant_between_exchanges,INE816B01035,Filatex India Limited | Filatex India Ltd
name_variant_between_exchanges,INE185E01021,Filatex Fashions Limited | Filatex Fashions Ltd
name_variant_between_exchanges,INE235A01022,Finolex Cables Limited | Finolex Cables Ltd
name_variant_between_exchanges,INE686Y01026,Fine Organic Industries Limited | Fine Organic Industries Ltd
name_variant_between_exchanges,INE734I01027,Finkurve Financial Services Limited | Finkurve Financial Services Ltd
name_variant_between_exchanges,INE02NC01014,Fino Payments Bank Limited | Fino Payments Bank Ltd
name_variant_between_exchanges,INE183A01024,Finolex Industries Limited | Finolex Industries Ltd
name_variant_between_exchanges,INE02RE01045,Brainbees Solutions Limited | Brainbees Solutions Ltd
name_variant_between_exchanges,INE771F01041,Fischer Medical Ventures Limited | Fischer Medical Ventures Ltd
name_variant_between_exchanges,INE128S01021,Five-Star Business Finance Limited | Five-Star Business Finance Ltd
name_variant_between_exchanges,INE00Y201027,Flair Writing Industries Limited | Flair Writing Industries Ltd
name_variant_between_exchanges,INE060J01017,Flexituff Ventures International Limited | Flexituff Ventures International Ltd
name_variant_between_exchanges,INE452O01016,Future Lifestyle Fashions Limited | Future Lifestyle Fashions Ltd
name_variant_between_exchanges,INE09N301011,Gujarat Fluorochemicals Limited | Gujarat Fluorochemicals Ltd
name_variant_between_exchanges,INE529A01010,Federal-Mogul Goetze (India) Limited. | Federal-Mogul Goetze (India) Ltd
name_variant_between_exchanges,INE360L01017,Future Market Networks Limited | Future Market Networks Ltd
name_variant_between_exchanges,INE976E01023,Foods & Inns Limited | Foods & Inns Ltd
name_variant_between_exchanges,INE061F01013,Fortis Healthcare Limited | Fortis Healthcare Ltd
name_variant_between_exchanges,INE519A01011,Foseco India Limited | Foseco India Ltd
name_variant_between_exchanges,INE212S01015,Fractal Analytics Limited | Fractal Analytics Ltd
name_variant_between_exchanges,INE194R01017,Fredun Pharmaceuticals Limited | Fredun Pharmaceuticals Ltd
name_variant_between_exchanges,INE572D01014,Frontier Springs Limited | Frontier Springs Ltd
name_variant_between_exchanges,INE684F01012,Firstsource Solutions Limited | Firstsource Solutions Ltd
name_variant_between_exchanges,INE139R01012,Fusion Finance Limited | Fusion Finance Ltd
name_variant_between_exchanges,INE524A01029,Gabriel India Limited | Gabriel India Ltd
name_variant_between_exchanges,INE036B01030,Gujarat Ambuja Exports Limited | Gujarat Ambuja Exports Ltd
name_variant_between_exchanges,INE129A01019,GAIL (India) Limited | Gail (India) Ltd
name_variant_between_exchanges,INE18UN01038,Gaja Alternative Asset Management Limited | Gaja Alternative Asset Management Ltd
name_variant_between_exchanges,INE0RE001014,Gala Precision Engineering Limited | Gala Precision Engineering Ltd
name_variant_between_exchanges,INE600K01018,Galaxy Surfactants Limited | Galaxy Surfactants Ltd
name_variant_between_exchanges,INE297H01019,Gallantt Ispat Limited | Gallantt Ispat Ltd
name_variant_between_exchanges,INE717W01049,Gandhar Oil Refinery (India) Limited | Gandhar Oil Refinery (India) Ltd
name_variant_between_exchanges,INE524B01027,Gandhi Special Tubes Limited | Gandhi Special Tubes Ltd
name_variant_between_exchanges,INE845D01014,Ganesha Ecosphere Limited | Ganesha Ecosphere Ltd
name_variant_between_exchanges,INE388A01029,Ganesh Benzoplast Limited | Ganesh Benzoplast Ltd
name_variant_between_exchanges,INE652V01016,Ganesh Consumer Products Limited | Ganesh Consumer Products Ltd
name_variant_between_exchanges,INE460C01014,GANESH HOUSING LIMITED | Ganesh Housing Ltd
name_variant_between_exchanges,INE335W01016,Ganges Securities Limited | Ganges Securities Ltd
name_variant_between_exchanges,INE276A01018,Garware Technical Fibres Limited | Garware Technical Fibres Ltd
name_variant_between_exchanges,INE0JVO01026,Garuda Construction and Engineering Limited | Garuda Construction and Engineering Ltd
name_variant_between_exchanges,INE224E01028,GACM Technologies Limited | GACM Technologies Ltd
name_variant_between_exchanges,INE224E01036,GACM Technologies Limited | GACM Technologies Ltd
name_variant_between_exchanges,INE079J01017,Gateway Distriparks Limited | Gateway Distriparks Ltd
name_variant_between_exchanges,INE0P8B01020,Gaudium IVF and Women Health Limited | Gaudium IVF and Women Health Ltd
name_variant_between_exchanges,INE287Z01012,Gayatri Highways Limited | Gayatri Highways Ltd
name_variant_between_exchanges,INE336H01023,Gayatri Projects Limited | Gayatri Projects Ltd
name_variant_between_exchanges,INE199P01028,Gretex Corporate Services Limited | Gretex Corporate Services Ltd
name_variant_between_exchanges,INE916G01016,GeeCee Ventures Limited | GeeCee Ventures Ltd
name_variant_between_exchanges,INE06XZ01023,Gem Aromatics Limited | Gem Aromatics Ltd
name_variant_between_exchanges,INE854S01022,Generic Engineering Construction and Projects Limited | Generic Engineering Construction and Projects Ltd
name_variant_between_exchanges,INE727B01026,Genesys International Corporation Limited | Genesys International Corporation Ltd
name_variant_between_exchanges,INE06H201014,Gensol Engineering Limited | Gensol Engineering Ltd
name_variant_between_exchanges,INE949P01018,Genus Paper & Boards Limited | Genus Paper & Boards Ltd
name_variant_between_exchanges,INE955D01029,Genus Power Infrastructures Limited | Genus Power Infrastructures Ltd
name_variant_between_exchanges,INE007B01023,Geojit Financial Services Limited | Geojit Financial Services Ltd
name_variant_between_exchanges,INE017A01032,Great Eastern Shipping Company Ltd | The Great Eastern Shipping Company Limited
name_variant_between_exchanges,INE538A01037,GFL Limited | GFL Ltd
name_variant_between_exchanges,INE534A01028,Grand Foundry Limited | Grand Foundry Ltd
name_variant_between_exchanges,INE539A01019,GHCL Limited | GHCL Ltd
name_variant_between_exchanges,INE0PA801013,GHCL Textiles Limited | GHCL Textiles Ltd
name_variant_between_exchanges,INE289B01019,GIC Housing Finance Limited | GIC Housing Finance Ltd
name_variant_between_exchanges,INE047B01011,Gillanders Arbuthnot & Company Limited | Gillanders Arbuthnot & Company Ltd
name_variant_between_exchanges,INE322A01010,Gillette India Limited | Gillette India Ltd
name_variant_between_exchanges,INE424C01010,Ginni Filaments Limited | Ginni Filaments Ltd
name_variant_between_exchanges,INE162A01010,Gujarat Industries Power Company Limited | Gujarat Industries Power Company Ltd
name_variant_between_exchanges,INE265D01015,GKB Ophthalmics Limited | GKB Ophthalmics Ltd
name_variant_between_exchanges,INE1AG301022,GK Energy Limited | GK Energy Ltd
name_variant_between_exchanges,INE0V0W01025,Gujarat Kidney And Super Speciality Limited | Gujarat Kidney and Super Speciality Ltd
name_variant_between_exchanges,INE068V01023,Gland Pharma Limited | Gland Pharma Ltd
name_variant_between_exchanges,INE159A01016,GlaxoSmithKline Pharmaceuticals Limited | GlaxoSmithKline Pharmaceuticals Ltd
name_variant_between_exchanges,INE935A01035,Glenmark Pharmaceuticals Limited | Glenmark Pharmaceuticals Ltd
name_variant_between_exchanges,INE540A01017,Gujarat Lease Financing Limited | Gujarat Lease Financing Ltd
name_variant_between_exchanges,INE0URU01010,Globale Tessile Limited | Globale Tessile Ltd
name_variant_between_exchanges,INE792H01019,Global Vectra Helicorp Limited | Global Vectra Helicorp Ltd
name_variant_between_exchanges,INE0V3U01015,Globe Civil Projects Limited | Globe Civil Projects Ltd
name_variant_between_exchanges,INE615I01010,Globus Spirits Limited | Globus Spirits Ltd
name_variant_between_exchanges,INE350Z01018,Gloster Limited | Gloster Ltd
name_variant_between_exchanges,INE0TQE01026,Glottis Limited | Glottis Ltd
name_variant_between_exchanges,INE075D01018,GM Breweries Limited | GM Breweries Ltd
name_variant_between_exchanges,INE131A01031,Gujarat Mineral Development Corporation Limited | Gujarat Mineral Development Corporation Ltd
name_variant_between_exchanges,INE541A01023,GMM Pfaudler Limited | GMM Pfaudler Ltd
name_variant_between_exchanges,INE776C01039,GMR AIRPORTS LIMITED | GMR Airports Ltd
name_variant_between_exchanges,INE0CU601026,GMR Power and Urban Infra Limited | GMR Power and Urban Infra Ltd
name_variant_between_exchanges,INE934S01014,G N A Axles Ltd | GNA Axles Limited
name_variant_between_exchanges,INE113A01013,Gujarat Narmada Valley Fertilizers & Chemicals Ltd | Gujarat Narmada Valley Fertilizers and Chemicals Limited
name_variant_between_exchanges,INE207H01018,Gujarat Natural Resources Limited | Gujarat Natural Resources Ltd
name_variant_between_exchanges,INE426D01013,Goa Carbon Limited | Goa Carbon Ltd
name_variant_between_exchanges,INE077F01035,GOCL Corporation Limited | GOCL Corporation Ltd
name_variant_between_exchanges,INE0BJS01011,Go Fashion (India) Limited | Go Fashion (India) Ltd
name_variant_between_exchanges,INE497S01012,Godavari Biorefineries Limited | Godavari Biorefineries Ltd
name_variant_between_exchanges,INE260B01028,Godfrey Phillips India Limited | Godfrey Phillips India Ltd
name_variant_between_exchanges,INE03JT01014,Go Digit General Insurance Limited | Go Digit General Insurance Ltd
name_variant_between_exchanges,INE850D01014,Godrej Agrovet Limited | Godrej Agrovet Ltd
name_variant_between_exchanges,INE102D01028,Godrej Consumer Products Limited | Godrej Consumer Products Ltd
name_variant_between_exchanges,INE233A01035,Godrej Industries Limited | Godrej Industries Ltd
name_variant_between_exchanges,INE484J01027,Godrej Properties Limited | Godrej Properties Ltd
name_variant_between_exchanges,INE887G01027,Gokaldas Exports Limited | Gokaldas Exports Ltd
name_variant_between_exchanges,INE020J01029,Gokul Refoils & Solvent Ltd | Gokul Refoils and Solvent Limited
name_variant_between_exchanges,INE314T01033,Gokul Agro Resources Limited | Gokul Agro Resources Ltd
name_variant_between_exchanges,INE973A01010,Golden Tobacco Limited | Golden Tobacco Ltd
name_variant_between_exchanges,INE025B01025,Goldiam International Limited | Goldiam International Ltd
name_variant_between_exchanges,INE805A01014,AION-TECH SOLUTIONS LIMITED | Aion-Tech Solutions Ltd
name_variant_between_exchanges,INE127I01024,Goodluck India Limited | Goodluck India Ltd
name_variant_between_exchanges,INE533A01012,Goodyear India Limited | Goodyear India Ltd
name_variant_between_exchanges,INE0L9R01028,Gopal Snacks Limited | Gopal Snacks Ltd
name_variant_between_exchanges,INE705X01026,Goyal Aluminiums Limited | Goyal Aluminiums Ltd
name_variant_between_exchanges,INE177H01039,Godawari Power And Ispat limited | Godawari Power and Ispat Ltd
name_variant_between_exchanges,INE517F01014,Gujarat Pipavav Port Limited | Gujarat Pipavav Port Ltd
name_variant_between_exchanges,INE486R01017,GPT Healthcare Limited | GPT Healthcare Ltd
name_variant_between_exchanges,INE390G01014,GPT Infraprojects Limited | GPT Infraprojects Ltd
name_variant_between_exchanges,INE926B01016,Grand Oak Canyons Distillery Limited | Grand Oak Canyons Distillery Ltd
name_variant_between_exchanges,INE101D01020,Granules India Limited | Granules India Ltd
name_variant_between_exchanges,INE371A01025,Graphite India Limited | Graphite India Ltd
name_variant_between_exchanges,INE047A01021,Grasim Industries Limited | Grasim Industries Ltd
name_variant_between_exchanges,INE266D01021,Grauer & Weil India Limited | Grauer & Weil India Ltd
name_variant_between_exchanges,INE214F01026,Graviss Hospitality Limited | Graviss Hospitality Ltd
name_variant_between_exchanges,INE024L01027,Gravita India Limited | Gravita India Ltd
name_variant_between_exchanges,INE224A01026,Greaves Cotton Limited | Greaves Cotton Ltd
name_variant_between_exchanges,INE544R01021,Greenlam Industries Limited | Greenlam Industries Ltd
name_variant_between_exchanges,INE08ZM01014,Greenpanel Industries Limited | Greenpanel Industries Ltd
name_variant_between_exchanges,INE461C01038,Greenply Industries Limited | Greenply Industries Ltd
name_variant_between_exchanges,INE999K01014,Orient Green Power Company Limited | Orient Green Power Company Ltd
name_variant_between_exchanges,INE536A01023,Grindwell Norton Limited | Grindwell Norton Ltd
name_variant_between_exchanges,INE201P01022,G R Infraprojects Limited | G R Infraprojects Ltd
name_variant_between_exchanges,INE192H01020,GRM Overseas Limited | GRM Overseas Ltd
name_variant_between_exchanges,INE0HOQ01053,Billionbrains Garage Ventures Limited | Billionbrains Garage Ventures Ltd
name_variant_between_exchanges,INE137I01015,GRP Limited | GRP Ltd
name_variant_between_exchanges,INE382Z01011,Garden Reach Shipbuilders & Engineers Limited | Garden Reach Shipbuilders & Engineers Ltd
name_variant_between_exchanges,INE291A01017,Garware Hi-Tech Films Limited | Garware Hi-Tech Films Ltd
name_variant_between_exchanges,INE026A01025,Gujarat State Fertilizers & Chemicals Limited | Gujarat State Fertilizers & Chemicals Ltd
name_variant_between_exchanges,INE0JSX01015,Global Surfaces Limited | Global Surfaces Ltd
name_variant_between_exchanges,INE713R01022,GSP Crop Science Limited | GSP Crop Science Ltd
name_variant_between_exchanges,INE871H01011,GSS Infotech Limited | GSS Infotech Ltd
name_variant_between_exchanges,INE043A01012,GTL Limited | GTL Ltd
name_variant_between_exchanges,INE221H01019,GTL Infrastructure Limited | GTL Infrastructure Ltd
name_variant_between_exchanges,INE869I01013,GTPL Hathway Limited | GTPL Hathway Ltd
name_variant_between_exchanges,INE742B01025,Gufic Biosciences Limited | Gufic Biosciences Ltd
name_variant_between_exchanges,INE186A01019,Gujarat Alkalies and Chemicals Limited | Gujarat Alkalies and Chemicals Ltd
name_variant_between_exchanges,INE826C01016,Gujarat Apollo Industries Limited | Gujarat Apollo Industries Ltd
name_variant_between_exchanges,INE844O01030,GUJARAT ENERGY LIMITED | Gujarat Energy Ltd
name_variant_between_exchanges,INE610B01024,Gujarat Raffia Industries Limited | Gujarat Raffia Industries Ltd
name_variant_between_exchanges,INE942C01045,Gujarat Themis Biosyn Limited | Gujarat Themis Biosyn Ltd
name_variant_between_exchanges,INE635Q01029,Gulf Oil Lubricants India Limited | Gulf Oil Lubricants India Ltd
name_variant_between_exchanges,INE586G01017,GP Petroleums Limited | GP Petroleums Ltd
name_variant_between_exchanges,INE255D01024,Gulshan Polyols Limited | Gulshan Polyols Ltd
name_variant_between_exchanges,INE251H01024,GVK Power & Infrastructure Limited | GVK Power & Infrastructure Ltd
name_variant_between_exchanges,INE878A01011,GE Power India Limited | GE Power India Ltd
name_variant_between_exchanges,INE200A01026,GE Vernova T&D India Limited | GE Vernova T&D India Ltd
name_variant_between_exchanges,INE724A01017,Gyftr Limited | Gyftr Ltd
name_variant_between_exchanges,INE066F01020,Hindustan Aeronautics Limited | Hindustan Aeronautics Ltd
name_variant_between_exchanges,INE115S01010,Halder Venture Limited | Halder Venture Ltd
name_variant_between_exchanges,INE506D01020,Haldyn Glass Limited | Haldyn Glass Ltd
name_variant_between_exchanges,INE320X01016,HALEOS LABS LIMITED | Haleos Labs Ltd
name_variant_between_exchanges,INE299D01022,Hampton Sky Realty Limited | Hampton Sky Realty Ltd
name_variant_between_exchanges,INE419U01012,Happiest Minds Technologies Limited | Happiest Minds Technologies Ltd
name_variant_between_exchanges,INE330T01021,Happy Forgings Limited | Happy Forgings Ltd
name_variant_between_exchanges,INE626Z01029,Hardwyn India Limited | Hardwyn India Ltd
name_variant_between_exchanges,INE00EV01017,Hariom Pipe Industries Limited | Hariom Pipe Industries Ltd
name_variant_between_exchanges,INE544A01019,Harrisons  Malayalam Limited | Harrisons Malayalam Ltd
name_variant_between_exchanges,INE0JUS01029,Harsha Engineers International Limited | Harsha Engineers International Ltd
name_variant_between_exchanges,INE982F01036,Hathway Cable & Datacom Limited | Hathway Cable & Datacom Ltd
name_variant_between_exchanges,INE473B01035,Hatsun Agro Product Limited | Hatsun Agro Product Ltd
name_variant_between_exchanges,INE176B01034,Havells India Limited | Havells India Ltd
name_variant_between_exchanges,INE293B01029,Sri Havisha Hospitality And Infrastructure Ltd | Sri Havisha Hospitality and Infrastructure Limited
name_variant_between_exchanges,INE979B01015,Hawkins Cookers Limited | Hawkins Cookers Ltd
name_variant_between_exchanges,INE550F01049,Hazoor Multi Projects Limited | Hazoor Multi Projects Ltd
name_variant_between_exchanges,INE640B01021,HB Estate Developers Limited | HB Estate Developers Ltd
name_variant_between_exchanges,INE292B01021,HBL Engineering Limited | HBL Engineering Ltd
name_variant_between_exchanges,INE638B01025,HB Portfolio Limited | HB Portfolio Ltd
name_variant_between_exchanges,INE550B01022,HB Stockholdings Limited | HB Stockholdings Ltd
name_variant_between_exchanges,INE549A01026,Hindustan Construction Company Limited | Hindustan Construction Company Ltd
name_variant_between_exchanges,INE075I01017,HealthCare Global Enterprises Ltd | Healthcare Global Enterprises Limited
name_variant_between_exchanges,INE236A01020,HCL Infosystems Limited | HCL Infosystems Ltd
name_variant_between_exchanges,INE860A01027,HCL Technologies Limited | HCL Technologies Ltd
name_variant_between_exchanges,INE756I01012,HDB Financial Services Limited | HDB Financial Services Ltd
name_variant_between_exchanges,INE127D01025,HDFC Asset Management Company Limited | HDFC Asset Management Company Ltd
name_variant_between_exchanges,INE040A01034,HDFC Bank Limited | HDFC Bank Ltd
name_variant_between_exchanges,INE795G01014,HDFC Life Insurance Company Limited | HDFC Life Insurance Company Ltd
name_variant_between_exchanges,INE191I01012,Housing Development and Infrastructure Limited | Housing Development and Infrastructure Ltd
name_variant_between_exchanges,INE759V01019,Heads UP Ventures Limited | Heads UP Ventures Ltd
name_variant_between_exchanges,INE019J01013,Health X Platform Limited | Health X Platform Ltd
name_variant_between_exchanges,INE545A01024,HEG Limited | HEG Ltd
name_variant_between_exchanges,INE578A01017,HeidelbergCement India Limited | HeidelbergCement India Ltd
name_variant_between_exchanges,INE0AJG01018,Hemisphere Properties India Limited | Hemisphere Properties India Ltd
name_variant_between_exchanges,INE694N01015,Heranba Industries Limited | Heranba Industries Ltd
name_variant_between_exchanges,INE978A01027,Heritage Foods Limited | Heritage Foods Ltd
name_variant_between_exchanges,INE158A01026,Hero MotoCorp Limited | Hero MotoCorp Ltd
name_variant_between_exchanges,INE782E01017,Hester Biosciences Limited | Hester Biosciences Ltd
name_variant_between_exchanges,INE0JUI01012,Hexagon Nutrition Limited | Hexagon Nutrition Ltd
name_variant_between_exchanges,INE750M01017,Hexa Tradex Limited | Hexa Tradex Ltd
name_variant_between_exchanges,INE093A01041,Hexaware Technologies Limited | Hexaware Technologies Ltd
name_variant_between_exchanges,INE548A01028,HFCL Limited | HFCL Ltd
name_variant_between_exchanges,INE926X01010,H.G. Infra Engineering Limited | H.G. Infra Engineering Ltd
name_variant_between_exchanges,INE596H01014,HandsOn Global Management (HGM) Limited | HandsOn Global Management (HGM)Ltd
name_variant_between_exchanges,INE170I01016,Hinduja Global Solutions Limited | Hinduja Global Solutions Ltd
name_variant_between_exchanges,INE475B01022,Hikal Limited | Hikal Ltd
name_variant_between_exchanges,INE00RL01028,Highway Infrastructure Limited | Highway Infrastructure Ltd
name_variant_between_exchanges,INE788H01017,Hilton Metal Forging Limited | Hilton Metal Forging Ltd
name_variant_between_exchanges,INE049A01027,Himatsingka Seide Limited | Himatsingka Seide Ltd
name_variant_between_exchanges,INE074C01013,Hindustan Adhesives Limited | Hindustan Adhesives Ltd
name_variant_between_exchanges,INE038A01020,Hindalco Industries Limited | Hindalco Industries Ltd
name_variant_between_exchanges,INE227B01019,Hind Aluminium Industries Limited | Hind Aluminium Industries Ltd
name_variant_between_exchanges,INE310C01029,Hindustan Composites Limited | Hindustan Composites Ltd
name_variant_between_exchanges,INE531E01026,Hindustan Copper Limited | Hindustan Copper Ltd
name_variant_between_exchanges,INE345A01011,Hindustan Oil Exploration Company Limited | Hindustan Oil Exploration Company Ltd
name_variant_between_exchanges,INE094A01015,Hindustan Petroleum Corporation Limited | Hindustan Petroleum Corporation Ltd
name_variant_between_exchanges,INE030A01027,Hindustan Unilever Limited | Hindustan Unilever Ltd
name_variant_between_exchanges,INE05AN01011,Hindware Home Innovation Limited | Hindware Home Innovation Ltd
name_variant_between_exchanges,INE267A01025,Hindustan Zinc Limited | Hindustan Zinc Ltd
name_variant_between_exchanges,INE835D01023,Hirect Limited | Hirect Ltd
name_variant_between_exchanges,INE598C01011,Hisar Metal Industries Limited | Hisar Metal Industries Ltd
name_variant_between_exchanges,INE106T01025,Hi-Tech Pipes Limited | Hi-Tech Pipes Ltd
name_variant_between_exchanges,INE120D01012,Hitech Corporation Limited | Hitech Corporation Ltd
name_variant_between_exchanges,INE127B01011,The Hi-Tech Gears Limited | The Hi-Tech Gears Ltd
name_variant_between_exchanges,INE461D01028,HLE Glascoat Limited | HLE Glascoat Ltd
name_variant_between_exchanges,INE102A01024,HLV LIMITED | HLV Ltd
name_variant_between_exchanges,INE0ECP01024,HMA Agro Industries Limited | HMA Agro Industries Ltd
name_variant_between_exchanges,INE262A01018,HMT Limited | HMT Ltd
name_variant_between_exchanges,INE871K01015,Hindustan Media Ventures Limited | Hindustan Media Ventures Ltd
name_variant_between_exchanges,INE254N01026,Hindustan Foods Limited | Hindustan Foods Ltd
name_variant_between_exchanges,INE481N01025,Home First Finance Company India Limited | Home First Finance Company India Ltd
name_variant_between_exchanges,INE0J5401028,Honasa Consumer Limited | Honasa Consumer Ltd
name_variant_between_exchanges,INE671A01010,Honeywell Automation India Limited | Honeywell Automation India Ltd
name_variant_between_exchanges,INE634A01018,Honda India Power Products Limited | Honda India Power Products Ltd
name_variant_between_exchanges,INE685T01010,Horizon Industrial Parks Limited | Horizon Industrial Parks Ltd
name_variant_between_exchanges,INE0GSL01024,HP Adhesives Limited | HP Adhesives Ltd
name_variant_between_exchanges,INE05X901010,Hindprakash Industries Limited | Hindprakash Industries Ltd
name_variant_between_exchanges,INE495S01016,HPL Electric & Power Limited | HPL Electric & Power Ltd
name_variant_between_exchanges,INE400G01011,Hariyana Ship Breakers Limited | Hariyana Ship Breakers Ltd
name_variant_between_exchanges,INE019C01026,Himadri Speciality Chemical Limited | Himadri Speciality Chemical Ltd
name_variant_between_exchanges,INE0LEG01024,Hy-Tech Engineers Limited | Hy-Tech Engineers Ltd
name_variant_between_exchanges,INE501G01024,HT Media Limited | HT Media Ltd
name_variant_between_exchanges,INE703H01016,Hubtown Limited | Hubtown Ltd
name_variant_between_exchanges,INE031A01017,Housing & Urban Development Corporation Limited | Housing & Urban Development Corporation Ltd
name_variant_between_exchanges,INE275B01026,Huhtamaki India Limited | Huhtamaki India Ltd
name_variant_between_exchanges,INE965B01022,Hybrid Financial Services Limited | Hybrid Financial Services Ltd
name_variant_between_exchanges,INE0V6F01027,Hyundai Motor India Limited | Hyundai Motor India Ltd
name_variant_between_exchanges,INE126M01010,Indiabulls Limited | Indiabulls Ltd
name_variant_between_exchanges,INE613B01010,ICDS Limited | ICDS Ltd
name_variant_between_exchanges,INE346A01027,ICICI Prudential Asset Management Company Limited | ICICI Prudential Asset Management Company Ltd
name_variant_between_exchanges,INE090A01021,ICICI Bank Limited | ICICI Bank Ltd
name_variant_between_exchanges,INE765G01017,ICICI Lombard General Insurance Company Limited | ICICI Lombard General Insurance Company Ltd
name_variant_between_exchanges,INE726G01019,ICICI Prudential Life Insurance Company Limited | ICICI Prudential Life Insurance Company Ltd
name_variant_between_exchanges,INE483B01026,Indo Count Industries Limited | Indo Count Industries Ltd
name_variant_between_exchanges,INE725G01011,ICRA Limited | ICRA Ltd
name_variant_between_exchanges,INE008A01015,IDBI Bank Limited | IDBI Bank Ltd
name_variant_between_exchanges,INE669E01016,Vodafone Idea Limited | Vodafone Idea Ltd
name_variant_between_exchanges,INE349Y01013,Ideaforge Technology Limited | Ideaforge Technology Ltd
name_variant_between_exchanges,INE092T01019,IDFC First Bank Limited | IDFC First Bank Ltd
name_variant_between_exchanges,INE022Q01020,Indian Energy Exchange Limited | Indian Energy Exchange Ltd
name_variant_between_exchanges,INE076C01018,IFB Agro Industries Limited | IFB Agro Industries Ltd
name_variant_between_exchanges,INE559A01017,IFB Industries Limited | IFB Industries Ltd
name_variant_between_exchanges,INE039A01010,IFCI Limited | IFCI Ltd
name_variant_between_exchanges,INE133Y01011,IFGL Refractories Limited | IFGL Refractories Ltd
name_variant_between_exchanges,INE188B01013,Igarashi Motors India Limited | Igarashi Motors India Ltd
name_variant_between_exchanges,INE05J901018,Indogulf Cropsciences Limited | Indogulf Cropsciences Ltd
name_variant_between_exchanges,INE0Q9301021,International Gemological Institute Limited | International Gemological Institute Ltd
name_variant_between_exchanges,INE203G01027,Indraprastha Gas Limited | Indraprastha Gas Ltd
name_variant_between_exchanges,INE204A01010,IG Petrochemicals Limited | IG Petrochemicals Ltd
name_variant_between_exchanges,INE530B01024,IIFL Finance Limited | IIFL Finance Ltd
name_variant_between_exchanges,INE489L01022,IIFL Capital Services Limited | IIFL Capital Services Ltd
name_variant_between_exchanges,INE886A01014,Industrial Investment Trust Limited | Industrial Investment Trust Ltd
name_variant_between_exchanges,INE0LOJ01019,IKIO Technologies Limited | IKIO Technologies Ltd
name_variant_between_exchanges,INE115Q01022,Inventurus Knowledge Solutions Limited | Inventurus Knowledge Solutions Ltd
name_variant_between_exchanges,INE369I01014,IL&FS Engineering and Construction Company Limited | IL&FS Engineering and Construction Company Ltd
name_variant_between_exchanges,INE975G01012,IL&FS Transportation Networks Limited | IL&FS Transportation Networks Ltd
name_variant_between_exchanges,INE172N01012,Imagicaaworld Entertainment Limited | Imagicaaworld Entertainment Ltd
name_variant_between_exchanges,INE919H01018,Indian Metals & Ferro Alloys Limited | Indian Metals & Ferro Alloys Ltd
name_variant_between_exchanges,INE547E01014,India Motor Parts & Accessories Ltd | India Motor Parts and Accessories Limited
name_variant_between_exchanges,INE691G01015,Impex Ferro Tech Limited | Impex Ferro Tech Ltd
name_variant_between_exchanges,INE0LGX01024,Insolation Energy Limited | Insolation Energy Ltd
name_variant_between_exchanges,INE452L01012,INCREDIBLE INDUSTRIES LIMITED | Incredible Industries Ltd
name_variant_between_exchanges,INE841B01017,Indbank Merchant Banking Services Limited | Indbank Merchant Banking Services Ltd
name_variant_between_exchanges,INE065X01017,Indegene Limited | Indegene Ltd
name_variant_between_exchanges,INE053A01029,Indian Hotels Company Ltd | The Indian Hotels Company Limited
name_variant_between_exchanges,INE383A01012,India Cements Ltd | The India Cements Limited
name_variant_between_exchanges,INE560A01023,India Glycols Limited | India Glycols Ltd
name_variant_between_exchanges,INE933S01016,IndiaMART InterMESH Ltd | Indiamart Intermesh Limited
name_variant_between_exchanges,INE061A01014,Indian Card Clothing Company Limited | Indian Card Clothing Company Ltd
name_variant_between_exchanges,INE323C01030,Indian Hume Pipe Company Limited | Indian Hume Pipe Company Ltd
name_variant_between_exchanges,INE922K01024,India Shelter Finance Corporation Limited | India Shelter Finance Corporation Ltd
name_variant_between_exchanges,INE646L01027,InterGlobe Aviation Limited | InterGlobe Aviation Ltd
name_variant_between_exchanges,INE09VQ01012,Indigo Paints Limited | Indigo Paints Ltd
name_variant_between_exchanges,INE06ST01018,Indiqube Spaces Limited | Indiqube Spaces Ltd
name_variant_between_exchanges,INE092B01025,India Nippon Electricals Limited | India Nippon Electricals Ltd
name_variant_between_exchanges,INE760F01028,Indo Amines Limited | Indo Amines Ltd
name_variant_between_exchanges,INE803D01021,Indo Borax & Chemicals Limited | Indo Borax & Chemicals Ltd
name_variant_between_exchanges,INE873D01024,Indoco Remedies Limited | Indoco Remedies Ltd
name_variant_between_exchanges,INE622H01018,Indo Farm Equipment Limited | Indo Farm Equipment Ltd
name_variant_between_exchanges,INE716F01012,Indokem Limited | Indokem Ltd
name_variant_between_exchanges,INE084101034,INDO-MIM Limited | INDO-MIM Ltd
name_variant_between_exchanges,INE156A01020,Indo Rama Synthetics (India) Limited | Indo Rama Synthetics (India) Ltd
name_variant_between_exchanges,INE896L01010,IndoStar Capital Finance Limited | Indostar Capital Finance Ltd
name_variant_between_exchanges,INE332H01014,Indo Tech Transformers Limited | Indo Tech Transformers Ltd
name_variant_between_exchanges,INE337M01021,Indo Thai Securities Limited | Indo Thai Securities Ltd
name_variant_between_exchanges,INE250Z01010,Indo Us Bio-Tech Ltd | Indo Us Biotech Limited
name_variant_between_exchanges,INE227G01018,Indowind Energy Limited | Indowind Energy Ltd
name_variant_between_exchanges,INE620D01011,Industrial & Prudential Investment Company Limited | Industrial & Prudential Investment Company Ltd
name_variant_between_exchanges,INE681B01017,Indraprastha Medical Corporation Limited | Indraprastha Medical Corporation Ltd
name_variant_between_exchanges,INE915B01019,Ind-Swift Laboratories Limited | Ind-Swift Laboratories Ltd
name_variant_between_exchanges,INE611L01021,Indian Terrain Fashions Limited | Indian Terrain Fashions Ltd
name_variant_between_exchanges,INE095A01012,IndusInd Bank Limited | Indusind Bank Ltd
name_variant_between_exchanges,INE121J01017,Indus Towers Limited | Indus Towers Ltd
name_variant_between_exchanges,INE344S01016,InfoBeans Technologies Limited | Infobeans Technologies Ltd
name_variant_between_exchanges,INE669A01022,Infomedia Press Limited | Infomedia Press Ltd
name_variant_between_exchanges,INE009A01021,Infosys Limited | Infosys Ltd
name_variant_between_exchanges,INE177A01018,Ingersoll Rand (India) Limited | Ingersoll-Rand (India) Ltd
name_variant_between_exchanges,INE0DUT01020,Innova Captab Limited | Innova Captab Ltd
name_variant_between_exchanges,INE403Y01018,Innovana Thinklabs Limited | Innovana Thinklabs Ltd
name_variant_between_exchanges,INE0ADB01012,Innovision Limited | Innovision Ltd
name_variant_between_exchanges,INE510W01014,Inox Green Energy Services Limited | Inox Green Energy Services Ltd
name_variant_between_exchanges,INE616N01034,INOX India Limited | INOX India Ltd
name_variant_between_exchanges,INE066P01011,Inox Wind Limited | Inox Wind Ltd
name_variant_between_exchanges,INE070I01018,Insecticides (India) Limited | Insecticides (India) Ltd
name_variant_between_exchanges,INE020G01017,Inspirisys Solutions Limited | Inspirisys Solutions Ltd
name_variant_between_exchanges,INE306R01017,Intellect Design Arena Limited | Intellect Design Arena Ltd
name_variant_between_exchanges,INE781A01025,Intense Technologies Limited | Intense Technologies Ltd
name_variant_between_exchanges,INE00M901018,Interarch Building Solutions Limited | Interarch Building Solutions Ltd
name_variant_between_exchanges,INE575C01027,International Conveyors Limited | International Conveyors Ltd
name_variant_between_exchanges,INE878H01024,Inventure Growth & Securities Limited | Inventure Growth & Securities Ltd
name_variant_between_exchanges,INE155E01016,Investment & Precision Castings Limited | Investment & Precision Castings Ltd
name_variant_between_exchanges,INE242A01010,Indian Oil Corporation Limited | Indian Oil Corporation Ltd
name_variant_between_exchanges,INE485C01029,IOL Chemicals & Pharmaceuticals Ltd | IOL Chemicals and Pharmaceuticals Limited
name_variant_between_exchanges,INE570A01022,ION Exchange (India) Limited | Ion Exchange India Ltd
name_variant_between_exchanges,INE571A01038,IPCA Laboratories Limited | Ipca Laboratories Ltd
name_variant_between_exchanges,INE0D6701023,India Pesticides Limited | India Pesticides Ltd
name_variant_between_exchanges,INE558A01019,IP Rings Limited | IP Rings Ltd
name_variant_between_exchanges,INE821I01022,IRB Infrastructure Developers Limited | IRB Infrastructure Developers Ltd
name_variant_between_exchanges,INE962Y01021,IRCON International Ltd | Ircon International Limited
name_variant_between_exchanges,INE335Y01020,Indian Railway Catering And Tourism Corporation Limited | Indian Railway Catering and Tourism Corporation Ltd
name_variant_between_exchanges,INE202E01016,Indian Renewable Energy Development Agency Limited | Indian Renewable Energy Development Agency Ltd
name_variant_between_exchanges,INE053F01010,Indian Railway Finance Corporation Limited | Indian Railway Finance Corporation Ltd
name_variant_between_exchanges,INE864K01010,IRIS RegTech Solutions Limited | IRIS RegTech Solutions Ltd
name_variant_between_exchanges,INE07U701015,IRM Energy Limited | IRM Energy Ltd
name_variant_between_exchanges,INE566K01011,Intrasoft Technologies Limited | Intrasoft Technologies Ltd
name_variant_between_exchanges,INE858B01029,ISGEC Heavy Engineering Ltd | Isgec Heavy Engineering Limited
name_variant_between_exchanges,INE561M01018,Ishan Dyes and Chemicals Limited | Ishan Dyes and Chemicals Ltd
name_variant_between_exchanges,INE684B01029,I S T Limited | I S T Ltd
name_variant_between_exchanges,INE154A01025,ITC Limited | ITC Ltd
name_variant_between_exchanges,INE379A01028,ITC Hotels Limited | ITC Hotels Ltd
name_variant_between_exchanges,INE353K01014,India Tourism Development Corporation Limited | India Tourism Development Corporation Ltd
name_variant_between_exchanges,INE248A01017,ITI Limited | ITI Ltd
name_variant_between_exchanges,INE478D01014,ITL Industries Limited | ITL Industries Ltd
name_variant_between_exchanges,INE056801025,Ivalue Infosolutions Limited | Ivalue Infosolutions Ltd
name_variant_between_exchanges,INE050B01023,IL&FS Investment Managers Limited | IL&FS Investment Managers Ltd
name_variant_between_exchanges,INE043C01018,IVP Limited | IVP Ltd
name_variant_between_exchanges,INE586E01020,The Indian Wood Products Company Limited | The Indian Wood Products Company Ltd
name_variant_between_exchanges,INE0HV901016,Le Travenues Technology Limited | Le Travenues Technology Ltd
name_variant_between_exchanges,INE848A01014,IZMO Limited | IZMO Ltd
name_variant_between_exchanges,INE168A01041,Jammu & Kashmir Bank Ltd | The Jammu & Kashmir Bank Limited
name_variant_between_exchanges,INE199G01027,Jagran Prakashan Limited | Jagran Prakashan Ltd
name_variant_between_exchanges,INE048B01035,Jagsonpal Pharmaceuticals Limited | Jagsonpal Pharmaceuticals Ltd
name_variant_between_exchanges,INE091G01026,Jai Balaji Industries Limited | Jai Balaji Industries Ltd
name_variant_between_exchanges,INE070D01027,Jai Corp Limited | Jai Corp Ltd
name_variant_between_exchanges,INE0YD401026,Jain Resource Recycling Limited | Jain Resource Recycling Ltd
name_variant_between_exchanges,INE039C01032,Jamna Auto Industries Limited | Jamna Auto Industries Ltd
name_variant_between_exchanges,INE00YJ01010,Jaro Institute of Technology Management and Research Limited | Jaro Institute of Technology Management and Research Ltd
name_variant_between_exchanges,INE039O01029,Jash Engineering Limited | Jash Engineering Ltd
name_variant_between_exchanges,INE785A01026,Jayant Agro Organics Limited | Jayant Agro Organics Ltd
name_variant_between_exchanges,INE571B01036,Jay Bharat Maruti Limited | Jay Bharat Maruti Ltd
name_variant_between_exchanges,INE903A01025,Jaykay Enterprises Limited | Jaykay Enterprises Ltd
name_variant_between_exchanges,INE854B01010,Jayaswal Neco Industries Limited | Jayaswal Neco Industries Ltd
name_variant_between_exchanges,INE364A01020,Jay Shree Tea & Industries Ltd | Jayshree Tea & Industries Limited
name_variant_between_exchanges,INE927D01051,JBM Auto Limited | JBM Auto Ltd
name_variant_between_exchanges,INE354A01013,Jenburkt Pharmaceuticals Limited | Jenburkt Pharmaceuticals Ltd
name_variant_between_exchanges,INE982V01025,Jet Freight Logistics Limited | Jet Freight Logistics Ltd
name_variant_between_exchanges,INE0MB501011,J.G.Chemicals Limited | J.G.Chemicals Ltd
name_variant_between_exchanges,INE544H01014,JHS Svendgaard Laboratories Limited | JHS Svendgaard Laboratories Ltd
name_variant_between_exchanges,INE796G01012,Jindal Photo Limited | Jindal Photo Ltd
name_variant_between_exchanges,INE197D01010,Jindal Poly Films Limited | Jindal Poly Films Ltd
name_variant_between_exchanges,INE324A01032,Jindal Saw Limited | Jindal Saw Ltd
name_variant_between_exchanges,INE749A01030,JINDAL STEEL LIMITED | Jindal Steel Ltd
name_variant_between_exchanges,INE742C01031,Jindal Drilling & Industries Ltd | Jindal Drilling And Industries Limited
name_variant_between_exchanges,INE247D01039,Jindal Worldwide Limited | Jindal Worldwide Ltd
name_variant_between_exchanges,INE758E01017,Jio Financial Services Limited | Jio Financial Services Ltd
name_variant_between_exchanges,IN9175A01010,Jain Irrigation Systems Limited | Jain Irrigation Systems Ltd_DVR
name_variant_between_exchanges,INE175A01038,Jain Irrigation Systems Limited | Jain Irrigation Systems Ltd
name_variant_between_exchanges,INE863T01013,JITF Infralogistics Limited | JITF Infralogistics Ltd
name_variant_between_exchanges,INE823G01014,JK Cement Limited | JK Cement Ltd
name_variant_between_exchanges,INE576I01022,J. Kumar Infraprojects Ltd | J.Kumar Infraprojects Limited
name_variant_between_exchanges,INE1FF001016,Jinkushal Industries Limited | Jinkushal Industries Ltd
name_variant_between_exchanges,INE786A01032,JK Lakshmi Cement Limited | JK Lakshmi Cement Ltd
name_variant_between_exchanges,INE789E01012,JK Paper Limited | JK Paper Ltd
name_variant_between_exchanges,INE573A01042,JK Tyre & Industries Limited | JK Tyre & Industries Ltd
name_variant_between_exchanges,INE682M01020,Jupiter Life Line Hospitals Limited | Jupiter Life Line Hospitals Ltd
name_variant_between_exchanges,INE780C01023,JM Financial Limited | JM Financial Ltd
name_variant_between_exchanges,INE0OAF01028,JNK India Limited | JNK India Ltd
name_variant_between_exchanges,INE05C901015,Juniper Green Energy Limited | Juniper Green Energy Ltd
name_variant_between_exchanges,INE147P01019,Jindal Poly Investment and Finance Company Limited | Jindal Poly Investment and Finance Company Ltd
name_variant_between_exchanges,INE351F01018,Jaiprakash Power Ventures Limited | Jaiprakash Power Ventures Ltd
name_variant_between_exchanges,INE953L01027,Jana Small Finance Bank Limited | Jana Small Finance Bank Ltd
name_variant_between_exchanges,INE220G01021,Jindal Stainless Limited | Jindal Stainless Ltd
name_variant_between_exchanges,INE0J5801029,Jeena Sikho Lifecare Limited | Jeena Sikho Lifecare Ltd
name_variant_between_exchanges,INE718I01012,JSW Cement Limited | JSW Cement Ltd
name_variant_between_exchanges,INE133A01011,JSW Dulux Limited | JSW Dulux Ltd
name_variant_between_exchanges,INE121E01018,JSW Energy Limited | JSW Energy Ltd
name_variant_between_exchanges,INE824G01012,JSW Holdings Limited | JSW Holdings Ltd
name_variant_between_exchanges,INE880J01026,JSW Infrastructure Limited | JSW Infrastructure Ltd
name_variant_between_exchanges,INE019A01038,JSW Steel Limited | JSW Steel Ltd
name_variant_between_exchanges,INE643A01035,Jtekt India Limited | Jtekt India Ltd
name_variant_between_exchanges,INE391J01032,JTL INDUSTRIES LIMITED | JTL Industries Ltd
name_variant_between_exchanges,INE03CC01015,Jubilant Agri and Consumer Products Limited | Jubilant Agri and Consumer Products Ltd
name_variant_between_exchanges,INE797F01020,Jubilant FoodWorks Ltd | Jubilant Foodworks Limited
name_variant_between_exchanges,INE0BY001018,Jubilant Ingrevia Limited | Jubilant Ingrevia Ltd
name_variant_between_exchanges,INE700A01033,Jubilant Pharmova Limited | Jubilant Pharmova Ltd
name_variant_between_exchanges,INE696F01016,Juniper Hotels Limited | Juniper Hotels Ltd
name_variant_between_exchanges,INE599M01018,Just Dial Limited | Just Dial Ltd
name_variant_between_exchanges,INE209L01016,Jupiter Wagons Limited | Jupiter Wagons Ltd
name_variant_between_exchanges,INE668F01031,Jyothy Labs Limited | Jyothy Labs Ltd
name_variant_between_exchanges,INE980O01024,Jyoti CNC Automation Limited | Jyoti CNC Automation Ltd
name_variant_between_exchanges,INE577D01013,Jyoti Resins & Adhesives Limited | Jyoti Resins & Adhesives Ltd
name_variant_between_exchanges,INE197A01024,Jyoti Structures Limited | Jyoti Structures Ltd
name_variant_between_exchanges,INE900B01029,Kabra Extrusion Technik Limited | Kabra Extrusiontechnik Ltd
name_variant_between_exchanges,INE217B01036,Kajaria Ceramics Limited | Kajaria Ceramics Ltd
name_variant_between_exchanges,INE437B01014,Kakatiya Cement Sugar & Industries Limited | Kakatiya Cement Sugar & Industries Ltd
name_variant_between_exchanges,INE438K01021,Sai Silks (Kalamandir) Limited | Sai Silks (Kalamandir) Ltd
name_variant_between_exchanges,INE227J01012,Kalpataru Limited | Kalpataru Ltd
name_variant_between_exchanges,INE314G01014,Kalyani Forge Limited | Kalyani Forge Ltd
name_variant_between_exchanges,INE303R01014,Kalyan Jewellers India Limited | Kalyan Jewellers India Ltd
name_variant_between_exchanges,INE411F01010,Kama Holdings Limited | Kama Holdings Ltd
name_variant_between_exchanges,INE344D01018,Kamanwala Housing Construction Limited | Kamanwala Housing Construction Ltd
name_variant_between_exchanges,INE967C01018,Kamat Hotels (I) Limited | Kamat Hotels (India) Ltd
name_variant_between_exchanges,INE390H01020,Kamdhenu Limited | Kamdhenu Ltd
name_variant_between_exchanges,INE0BTI01037,Kamdhenu Ventures Limited | Kamdhenu Ventures Ltd
name_variant_between_exchanges,INE879E01037,Kanani Industries Limited | Kanani Industries Ltd
name_variant_between_exchanges,INE081G01019,Kanchi Karpooram Limited | Kanchi Karpooram Ltd
name_variant_between_exchanges,INE398L01017,Kanco Tea & Industries Limited | Kanco Tea & Industries Ltd
name_variant_between_exchanges,INE138C01024,Kanoria Chemicals & Industries Limited | Kanoria Chemicals & Industries Ltd
name_variant_between_exchanges,INE694E01014,Kanpur Plastipack Limited | Kanpur Plastipack Ltd
name_variant_between_exchanges,INE531A01024,Kansai Nerolac Paints Limited | Kansai Nerolac Paints Ltd
name_variant_between_exchanges,INE725L01011,Karma Energy Limited | Karma Energy Ltd
name_variant_between_exchanges,INE036D01028,Karur Vysya Bank Limited | Karur Vysya Bank Ltd
name_variant_between_exchanges,INE234I01028,Kaushalya Infrastructure Development Corporation Limited | Kaushalya Infrastructure Development Corporation Ltd
name_variant_between_exchanges,INE641C01019,Kavveri Defence & Wireless Technologies Limited | Kavveri Defence & Wireless Technologies Ltd
name_variant_between_exchanges,INE587G01015,Kaya Limited | Kaya Ltd
name_variant_between_exchanges,INE918Z01012,Kaynes Technology India Limited | Kaynes Technology India Ltd
name_variant_between_exchanges,INE805C01028,KCP Limited | KCP Ltd
name_variant_between_exchanges,INE790B01024,KCP Sugar & Industries Corporation Ltd | KCP Sugar and Industries Corporation Limited
name_variant_between_exchanges,INE291D01011,KDDL Limited | KDDL Ltd
name_variant_between_exchanges,INE348N01042,KD Green Industries Limited | KD Green Industries Ltd
name_variant_between_exchanges,INE389H01022,KEC International Limited | KEC International Ltd
name_variant_between_exchanges,INE134B01017,Kirloskar Electric Company Limited | Kirloskar Electric Company Ltd
name_variant_between_exchanges,INE055C01020,DSJ Keep Learning Limited | DSJ keep Learning Ltd
name_variant_between_exchanges,INE878B01027,KEI Industries Limited | KEI Industries Ltd
name_variant_between_exchanges,INE164B01030,Kellton Tech Solutions Limited | Kellton Tech Solutions Ltd
name_variant_between_exchanges,INE717A01029,Kennametal India Limited | Kennametal India Ltd
name_variant_between_exchanges,INE202H01019,Kernex Microsystems (India) Limited | Kernex Microsystems India Ltd
name_variant_between_exchanges,INE087A01019,Kesoram Industries Limited | Kesoram Industries Ltd
name_variant_between_exchanges,INE681C01015,Keynote Financial Services Limited | Keynote Financial Services Ltd
name_variant_between_exchanges,INE138Y01010,KFin Technologies Ltd | Kfin Technologies Limited
name_variant_between_exchanges,INE834I01025,Khadim India Limited | Khadim India Ltd
name_variant_between_exchanges,INE745B01028,Khaitan Chemicals & Fertilizers Limited | Khaitan Chemicals & Fertilizers Ltd
name_variant_between_exchanges,INE731C01018,Khaitan (India) Limited | Khaitan (India) Ltd
name_variant_between_exchanges,INE060B01014,Khandwala Securities Limited | Khandwala Securities Ltd
name_variant_between_exchanges,INE029L01018,Kalyani Investment Company Limited | Kalyani Investment Company Ltd
name_variant_between_exchanges,INE729D01010,Kilitch Drugs (India) Limited | Kilitch Drugs India Ltd
name_variant_between_exchanges,INE967H01025,Krishna Institute of Medical Sciences Limited | Krishna Institute of Medical Sciences Ltd
name_variant_between_exchanges,INE473D01015,Kingfa Science & Technology (India) Limited | Kingfa Science & Technology (India) Ltd
name_variant_between_exchanges,INE880L01014,KIOCL Limited | KIOCL Ltd
name_variant_between_exchanges,INE555P01013,Kiran Vyapar Limited | Kiran Vyapar Ltd
name_variant_between_exchanges,INE415I01015,Kiri Industries Limited | Kiri Industries Ltd
name_variant_between_exchanges,INE884B01025,Kirloskar Ferrous Industries Limited | Kirloskar Ferrous Industries Ltd
name_variant_between_exchanges,INE732A01036,Kirloskar Brothers Limited | Kirloskar Brothers Ltd
name_variant_between_exchanges,INE146L01010,Kirloskar Oil Engines Limited | Kirloskar Oil Engines Ltd
name_variant_between_exchanges,INE250A01039,Kirloskar Industries Limited | Kirloskar Industries Ltd
name_variant_between_exchanges,INE811A01038,Kirloskar Pneumatic Company Limited | Kirloskar Pneumatic Company Ltd
name_variant_between_exchanges,INE12F801023,OnEMI Technology Solutions Limited | OnEMI Technology Solutions Ltd
name_variant_between_exchanges,INE602G01020,Kitex Garments Limited | Kitex Garments Ltd
name_variant_between_exchanges,INE533C01018,KJMC Financial Services Limited | KJMC Financial Services Ltd
name_variant_between_exchanges,INE401H01017,Kewal Kiran Clothing Limited | Kewal Kiran Clothing Ltd
name_variant_between_exchanges,INE338F01015,Kilburn Engineering Limited | Kilburn Engineering Ltd
name_variant_between_exchanges,INE879K01018,K M C Speciality Hospitals (India) Limited | KMC Speciality Hospitals (India) Ltd
name_variant_between_exchanges,INE0CJD01029,Knowledge Marine & Engineering Works Limited | Knowledge Marine & Engineering Works Ltd
name_variant_between_exchanges,INE157H01023,K M Sugar Mills Ltd | K.M.Sugar Mills Limited
name_variant_between_exchanges,INE17QZ01016,Knack Packaging Limited | Knack Packaging Ltd
name_variant_between_exchanges,INE634I01029,KNR Constructions Limited | KNR Constructions Ltd
name_variant_between_exchanges,INE080B01012,Kohinoor Foods Limited | Kohinoor Foods Ltd
name_variant_between_exchanges,INE760A01029,Kokuyo Camlin Limited | Kokuyo Camlin Ltd
name_variant_between_exchanges,INE094I01018,Kolte - Patil Developers Limited | Kolte-Patil Developers Ltd
name_variant_between_exchanges,INE082A01010,Kopran Limited | Kopran Ltd
name_variant_between_exchanges,INE237A01036,Kotak Mahindra Bank Limited | Kotak Mahindra Bank Ltd
name_variant_between_exchanges,INE823A01017,Kothari Products Limited | Kothari Products Ltd
name_variant_between_exchanges,INE972A01020,Kothari Industrial Corporation Limited | Kothari Industrial Corporation Ltd
name_variant_between_exchanges,INE0J0B01017,Kotyark Industries Limited | Kotyark Industries Ltd
name_variant_between_exchanges,INE177F01017,Kovai Medical Center & Hospital Limited | Kovai Medical Center & Hospital Ltd
name_variant_between_exchanges,INE127T01021,K.P. Energy Limited | K.P. Energy Ltd
name_variant_between_exchanges,INE542W01025,KPI Green Energy Limited | KPI Green Energy Ltd
name_variant_between_exchanges,INE220B01022,Kalpataru Projects International Limited | Kalpataru Projects International Ltd
name_variant_between_exchanges,INE04I401011,KPIT Technologies Limited | KPIT Technologies Ltd
name_variant_between_exchanges,INE552U01010,Kwality Pharmaceuticals Limited | Kwality Pharmaceuticals Ltd
name_variant_between_exchanges,INE001B01026,KRBL Limited | KRBL Ltd
name_variant_between_exchanges,INE268B01013,Krebs Biochemicals & Industries Ltd | Krebs Biochemicals and Industries Limited
name_variant_between_exchanges,INE524L01026,Kridhan Infra Limited | Kridhan Infra Ltd
name_variant_between_exchanges,INE0GGO01015,Krishival Foods Limited | Krishival Foods Ltd
name_variant_between_exchanges,INE479D01038,Kriti Industries (India) Limited | Kriti Industries India Ltd
name_variant_between_exchanges,INE798K01010,Kriti Nutrients Limited | Kriti Nutrients Ltd
name_variant_between_exchanges,INE0Q3J01015,KRN Heat Exchanger And Refrigeration Ltd | KRN Heat Exchanger and Refrigeration Limited
name_variant_between_exchanges,INE0ATZ01017,Kronox Lab Sciences Limited | Kronox Lab Sciences Ltd
name_variant_between_exchanges,INE0O6601022,Kross Limited | Kross Ltd
name_variant_between_exchanges,INE08LI01020,Krsnaa Diagnostics Limited | Krsnaa Diagnostics Ltd
name_variant_between_exchanges,INE0QN801017,Krystal Integrated Services Limited | Krystal Integrated Services Ltd
name_variant_between_exchanges,INE999A01023,KSB Ltd | Ksb Limited
name_variant_between_exchanges,INE455I01029,Kaveri Seed Company Limited | Kaveri Seed Company Ltd
name_variant_between_exchanges,INE953E01022,KSE Limited | KSE Ltd
name_variant_between_exchanges,INE987S01020,KSH International Limited | KSH International Ltd
name_variant_between_exchanges,INE907A01026,Kalyani Steels Limited | Kalyani Steels Ltd
name_variant_between_exchanges,INE0D6I01023,Ksolves India Limited | Ksolves India Ltd
name_variant_between_exchanges,INE1SPP01016,KSR Footwear Limited | KSR Footwear Ltd
name_variant_between_exchanges,INE614B01018,Karnataka Bank Ltd | The Karnataka Bank Limited
name_variant_between_exchanges,INE529I01021,Kuantum Papers Limited | Kuantum Papers Ltd
name_variant_between_exchanges,INE0ISX01025,Kusumgar Limited | Kusumgar Ltd
name_variant_between_exchanges,INE2KCE01013,Kwality Wall's (India) Limited | Kwality Walls (India) Ltd
name_variant_between_exchanges,INE519D01015,Ladderup Finance Limited | Ladderup Finance Ltd
name_variant_between_exchanges,INE515C01023,Lahoti Overseas Limited | Lahoti Overseas Ltd
name_variant_between_exchanges,INE651C01018,Lakshmi Precision Screws Limited | Lakshmi Precision Screws Ltd
name_variant_between_exchanges,INE938C01019,Lakshmi Mills Company Limited | Lakshmi Mills Company Ltd
name_variant_between_exchanges,INE740X01023,Lorenzini Apparels Limited | Lorenzini Apparels Ltd
name_variant_between_exchanges,INE0K9O01026,Lalithaa Jewellery Mart Limited | Lalithaa Jewellery Mart Ltd
name_variant_between_exchanges,INE600L01024,Dr. Lal Path Labs Ltd. | Dr. Lal PathLabs Ltd
name_variant_between_exchanges,INE112F01022,Lambodhara Textile Ltd | Lambodhara Textiles Limited
name_variant_between_exchanges,INE359U01028,Lancer Container Lines Limited | Lancer Container Lines Ltd
name_variant_between_exchanges,INE572G01025,Lancor Holdings Limited | Lancor Holdings Ltd
name_variant_between_exchanges,INE559R01029,Landmark Cars Limited | Landmark Cars Ltd
name_variant_between_exchanges,INE688J01023,Landsmill Green Limited | Landsmill Green Ltd
name_variant_between_exchanges,INE059D01020,La Opala RG Limited | La Opala RG Ltd
name_variant_between_exchanges,INE670X01014,Lasa Supergenerics Limited | Lasa Supergenerics Ltd
name_variant_between_exchanges,INE17IR01028,Laser Power & Infra Limited | Laser Power & Infra Ltd
name_variant_between_exchanges,INE0I7C01011,Latent View Analytics Limited | Latent View Analytics Ltd
name_variant_between_exchanges,INE947Q01028,Laurus Labs Limited | Laurus Labs Ltd
name_variant_between_exchanges,INE0WO601020,Laxmi Dental Limited | Laxmi Dental Ltd
name_variant_between_exchanges,INE06WU01026,Laxmi India Finance Limited | Laxmi India Finance Ltd
name_variant_between_exchanges,INE938A01021,LCC Infotech Limited | LCC Infotech Ltd
name_variant_between_exchanges,INE0QJW01029,Lohia Corp Limited | Lohia Corp Ltd
name_variant_between_exchanges,INE00GO01025,LEAP India Limited | LEAP India Ltd
name_variant_between_exchanges,INE791B01014,Lee & Nee Softwares Exports Limited | Lee & Nee Softwares Exports Ltd
name_variant_between_exchanges,INE970X01018,Lemon Tree Hotels Limited | Lemon Tree Hotels Ltd
name_variant_between_exchanges,INE956O01016,Lenskart Solutions Limited | Lenskart Solutions Ltd
name_variant_between_exchanges,INE337A01034,LG Balakrishnan & Bros Limited | LG Balakrishnan & Bros Ltd
name_variant_between_exchanges,INE324D01010,LG Electronics India Limited | LG Electronics India Ltd
name_variant_between_exchanges,INE557B01019,Liberty Shoes Limited | Liberty Shoes Ltd
name_variant_between_exchanges,INE115A01026,LIC Housing Finance Limited | LIC Housing Finance Ltd
name_variant_between_exchanges,INE060901027,Likhitha Infrastructure Limited | Likhitha Infrastructure Ltd
name_variant_between_exchanges,INE802B01027,Linc Limited | Linc Ltd
name_variant_between_exchanges,INE405C01035,Lincoln Pharmaceuticals Limited | Lincoln Pharmaceuticals Ltd
name_variant_between_exchanges,INE473A01011,Linde India Limited | Linde India Ltd
name_variant_between_exchanges,INE341H01023,LKP Securities Limited | LKP Securities Ltd
name_variant_between_exchanges,INE093R01011,LLOYDS ENGINEERING WORKS LIMITED | Lloyds Engineering Works Ltd
name_variant_between_exchanges,INE080I01025,Lloyds Enterprises Limited | Lloyds Enterprises Ltd
name_variant_between_exchanges,INE281B01032,Lloyds Metals And Energy Limited | Lloyds Metals and Energy Ltd
name_variant_between_exchanges,INE269B01029,LMW Limited | LMW Ltd
name_variant_between_exchanges,INE670K01029,Lodha Developers Limited | Lodha Developers Ltd
name_variant_between_exchanges,INE397H01017,Lokesh Machines Limited | Lokesh Machines Ltd
name_variant_between_exchanges,INE846D01012,Lords Chloro Alkali Limited | Lords Chloro Alkali Ltd
name_variant_between_exchanges,INE026D01011,Lotus Chocolate Company Limited | Lotus Chocolate Company Ltd
name_variant_between_exchanges,INE0V9Q01010,Sri Lotus Developers and Realty Limited | Sri Lotus Developers and Realty Ltd
name_variant_between_exchanges,INE947I01017,Lotus Eye Hospital And Institute Ltd | Lotus Eye Hospital and Institute Limited
name_variant_between_exchanges,INE597L01014,Lovable Lingerie Limited | Lovable Lingerie Ltd
name_variant_between_exchanges,INE970D01010,Loyal Textile Mills Limited | Loyal Textile Mills Ltd
name_variant_between_exchanges,INE197J01017,Landmark Property Development Company Limited | Landmark Property Development Company Ltd
name_variant_between_exchanges,INE018A01030,Larsen & Toubro Limited | Larsen & Toubro Ltd
name_variant_between_exchanges,INE498L01015,L&T Finance Limited | L&T Finance Ltd
name_variant_between_exchanges,INE818H01020,LT Foods Limited | LT Foods Ltd
name_variant_between_exchanges,INE214T01019,LTM Limited | LTM Ltd
name_variant_between_exchanges,INE010V01017,L&T Technology Services Limited | L&T Technology Services Ltd
name_variant_between_exchanges,INE162B01018,Lumax Industries Limited | Lumax Industries Ltd
name_variant_between_exchanges,INE872H01027,Lumax Auto Technologies Limited | Lumax Auto Technologies Ltd
name_variant_between_exchanges,INE185Q01025,Lumino Industries Limited | Lumino Industries Ltd
name_variant_between_exchanges,INE326A01037,Lupin Limited | Lupin Ltd
name_variant_between_exchanges,INE150G01020,Lux Industries Limited | Lux Industries Ltd
name_variant_between_exchanges,INE576O01020,Laxmi Organic Industries Limited | Laxmi Organic Industries Ltd
name_variant_between_exchanges,INE933A01014,Lyka Labs Limited | Lyka Labs Ltd
name_variant_between_exchanges,INE101A01026,Mahindra & Mahindra Limited | Mahindra & Mahindra Ltd
name_variant_between_exchanges,INE774D01024,Mahindra & Mahindra Financial Services Limited | Mahindra & Mahindra Financial Services Ltd
name_variant_between_exchanges,INE215I01027,Maan Aluminium Limited | Maan Aluminium Ltd
name_variant_between_exchanges,INE925C01016,Madhav Marbles & Granites Ltd | Madhav Marbles and Granites Limited
name_variant_between_exchanges,INE631R01026,Madhav Infra Projects Limited | Madhav Infra Projects Ltd
name_variant_between_exchanges,INE378D01032,Madhucon Projects Limited | Madhucon Projects Ltd
name_variant_between_exchanges,INE414A01015,Madras Fertilizers Limited | Madras Fertilizers Ltd
name_variant_between_exchanges,INE270B01035,Mafatlal Industries Limited | Mafatlal Industries Ltd
name_variant_between_exchanges,INE347W01011,Magadh Sugar & Energy Limited | Magadh Sugar & Energy Ltd
name_variant_between_exchanges,INE387I01016,Magnum Ventures Limited | Magnum Ventures Ltd
name_variant_between_exchanges,INE843B01013,Maha Rashtra Apex Corporation Limited | Maha Rashtra Apex Corporation Ltd
name_variant_between_exchanges,INE451L01014,Mahamaya Steel Industries Limited | Mahamaya Steel Industries Ltd
name_variant_between_exchanges,INE215D01010,Mahindra EPC Irrigation Limited | Mahindra EPC Irrigation Ltd
name_variant_between_exchanges,INE813A01018,Mahindra Lifespace Developers Limited | Mahindra Lifespace Developers Ltd
name_variant_between_exchanges,INE766P01016,Mahindra Logistics Limited | Mahindra Logistics Ltd
name_variant_between_exchanges,INE288A01013,Maharashtra Scooters Limited | Maharashtra Scooters Ltd
name_variant_between_exchanges,INE271B01025,Maharashtra Seamless Limited | Maharashtra Seamless Ltd
name_variant_between_exchanges,INE683C01011,Maithan Alloys Limited | Maithan Alloys Ltd
name_variant_between_exchanges,INE201B01022,Majestic Auto Limited | Majestic Auto Ltd
name_variant_between_exchanges,INE987A01010,Makers Laboratories Limited | Makers Laboratories Ltd
name_variant_between_exchanges,INE389C01015,Mallcom (India) Limited | Mallcom (India) Ltd
name_variant_between_exchanges,INE383H01017,Malu Paper Mills Limited | Malu Paper Mills Ltd
name_variant_between_exchanges,INE0TO701015,Mamata Machinery Limited | Mamata Machinery Ltd
name_variant_between_exchanges,INE859Q01017,Manaksia Aluminium Company Limited | Manaksia Aluminium Company Ltd
name_variant_between_exchanges,INE830Q01018,Manaksia Coated Metals & Industries Limited | Manaksia Coated Metals & Industries Ltd
name_variant_between_exchanges,INE015D01022,Manaksia Limited | Manaksia Ltd
name_variant_between_exchanges,INE824Q01011,Manaksia Steels Limited | Manaksia Steels Ltd
name_variant_between_exchanges,INE201A01024,Manali Petrochemicals Limited | Manali Petrochemicals Ltd
name_variant_between_exchanges,INE522D01027,Manappuram Finance Limited | Manappuram Finance Ltd
name_variant_between_exchanges,INE939X01013,Manba Finance Limited | Manba Finance Ltd
name_variant_between_exchanges,INE545L01039,Mangal Credit and Fincorp Limited | Mangal Credit and Fincorp Ltd
name_variant_between_exchanges,INE584F01014,Mangalam Drugs & Organics Ltd | Mangalam Drugs And Organics Limited
name_variant_between_exchanges,INE347A01017,Mangalam Cement Limited | Mangalam Cement Ltd
name_variant_between_exchanges,INE993A01026,Man Industries (India) Limited | Man Industries (India) Ltd
name_variant_between_exchanges,INE949H01023,Man Infraconstruction Limited | Man Infraconstruction Ltd
name_variant_between_exchanges,INE459N01021,Manipal Health Enterprises Limited | Manipal Health Enterprises Ltd
name_variant_between_exchanges,INE634S01028,Mankind Pharma Limited | Mankind Pharma Ltd
name_variant_between_exchanges,INE784W01015,Manomay Tex India Limited | Manomay Tex India Ltd
name_variant_between_exchanges,INE00VM01036,Manorama Industries Limited | Manorama Industries Ltd
name_variant_between_exchanges,INE370D01013,Mangalam Organics Limited | Mangalam Organics Ltd
name_variant_between_exchanges,INE867A01022,Manugraph India Limited | Manugraph India Ltd
name_variant_between_exchanges,INE825V01034,Vedant Fashions Limited | Vedant Fashions Ltd
name_variant_between_exchanges,INE0BV301023,C.E. Info Systems Limited | C.E. Info Systems Ltd
name_variant_between_exchanges,INE882A01013,Maral Overseas Limited | Maral Overseas Ltd
name_variant_between_exchanges,INE182D01020,Marathon Nextgen Realty Limited | Marathon Nextgen Realty Ltd
name_variant_between_exchanges,INE196A01026,Marico Limited | Marico Ltd
name_variant_between_exchanges,INE0FW001016,Markolines Pavement Technologies Limited | Markolines Pavement Technologies Ltd
name_variant_between_exchanges,INE750C01026,Marksans Pharma Limited | Marksans Pharma Ltd
name_variant_between_exchanges,INE415B01044,Marsons Limited | Marsons Ltd
name_variant_between_exchanges,INE585B01010,Maruti Suzuki India Limited | Maruti Suzuki India Ltd
name_variant_between_exchanges,INE348L01012,MAS Financial Services Limited | MAS Financial Services Ltd
name_variant_between_exchanges,INE759A01021,Mastek Limited | Mastek Ltd
name_variant_between_exchanges,INE677D01037,Master Trust Limited | Master Trust Ltd
name_variant_between_exchanges,INE866R01028,Matrimony.Com Limited | Matrimony.com Ltd
name_variant_between_exchanges,INE636A01039,Mawana Sugars Limited | Mawana Sugars Ltd
name_variant_between_exchanges,INE03EI01018,Max Estates Limited | Max Estates Ltd
name_variant_between_exchanges,INE027H01010,Max Healthcare Institute Limited | Max Healthcare Institute Ltd
name_variant_between_exchanges,INE0CG601016,Max India Limited | Max India Ltd
name_variant_between_exchanges,INE885E01042,Mazda Limited | Mazda Ltd
name_variant_between_exchanges,INE249Z01020,Mazagon Dock Shipbuilders Limited | Mazagon Dock Shipbuilders Ltd
name_variant_between_exchanges,INE748A01024,McNally Bharat Engineering Company Ltd | Mcnally Bharat Engineering Company Limited
name_variant_between_exchanges,INE08N601015,M & B Engineering Limited | M & B Engineering Ltd
name_variant_between_exchanges,INE912H01013,MBL Infrastructure Limited | MBL Infrastructure Ltd
name_variant_between_exchanges,INE435D01014,Mac Charles India Limited | Mac Charles India Ltd
name_variant_between_exchanges,INE942G01012,Mcleod Russel India Limited | Mcleod Russel India Ltd
name_variant_between_exchanges,INE613C01026,Magellanic Cloud Limited | Magellanic Cloud Ltd
name_variant_between_exchanges,INE745G01043,Multi Commodity Exchange of India Limited | Multi Commodity Exchange of India Ltd
name_variant_between_exchanges,INE474Q01031,Global Health Limited | Global Health Ltd
name_variant_between_exchanges,INE456Z01021,Medi Assist Healthcare Services Limited | Medi Assist Healthcare Services Ltd
name_variant_between_exchanges,INE646B01010,Medicamen Biotech Limited | Medicamen Biotech Ltd
name_variant_between_exchanges,INE442D01010,Medi Caps Limited | Medi Caps Ltd
name_variant_between_exchanges,INE630Y01024,Medico Remedies Limited | Medico Remedies Ltd
name_variant_between_exchanges,INE804L01022,Medplus Health Services Limited | Medplus Health Services Ltd
name_variant_between_exchanges,INE0VDM01015,Meesho Limited | Meesho Ltd
name_variant_between_exchanges,INE00EM01016,Megastar Foods Limited | Megastar Foods Ltd
name_variant_between_exchanges,INE0PKD01011,Mangal Electrical Industries Limited | Mangal Electrical Industries Ltd
name_variant_between_exchanges,INE650G01029,Menon Pistons Limited | Menon Pistons Ltd
name_variant_between_exchanges,INE071D01033,Menon Bearings Limited | Menon Bearings Ltd
name_variant_between_exchanges,INE776I01010,MEP Infrastructure Developers Limited | MEP Infrastructure Developers Ltd
name_variant_between_exchanges,INE689O01013,Mercantile Ventures Limited | Mercantile Ventures Ltd
name_variant_between_exchanges,INE763M01028,Mercury Ev-Tech Limited | Mercury Ev-Tech Ltd
name_variant_between_exchanges,INE317I01021,Metro Brands Limited | Metro Brands Ltd
name_variant_between_exchanges,INE085D01033,Metroglobal Limited | Metroglobal Ltd
name_variant_between_exchanges,INE112L01020,Metropolis Healthcare Limited | Metropolis Healthcare Ltd
name_variant_between_exchanges,INE0US801024,Mahalaxmi Fabric Mills Limited | Mahalaxmi Fabric Mills Ltd
name_variant_between_exchanges,INE180A01020,Max Financial Services Limited | Max Financial Services Ltd
name_variant_between_exchanges,INE0APB01032,Mangalam Global Enterprise Limited | Mangalam Global Enterprise Ltd
name_variant_between_exchanges,INE002S01010,Mahanagar Gas Limited | Mahanagar Gas Ltd
name_variant_between_exchanges,INE112D01035,Mahalaxmi Rubtech Limited | Mahalaxmi Rubtech Ltd
name_variant_between_exchanges,INE998I01010,Mahindra Holidays & Resorts India Limited | Mahindra Holidays & Resorts India Ltd
name_variant_between_exchanges,INE287C01037,MIC Electronics Limited | MIC Electronics Ltd
name_variant_between_exchanges,INE099Z01011,Mishra Dhatu Nigam Limited | Mishra Dhatu Nigam Ltd
name_variant_between_exchanges,INE0XAD01024,Midwest Limited | Midwest Ltd
name_variant_between_exchanges,INE898Q01015,Meghna Infracon Infrastructure Limited | Meghna Infracon Infrastructure Ltd
name_variant_between_exchanges,INE00IT01020,Milky Mist Dairy Food Limited | Milky Mist Dairy Food Ltd
name_variant_between_exchanges,INE097E01028,Minal Industries Limited | Minal Industries Ltd
name_variant_between_exchanges,INE842C01021,Minda Corporation Limited | Minda Corporation Ltd
name_variant_between_exchanges,INE110B01017,Mindteck (India) Limited | Mindteck (India) Ltd
name_variant_between_exchanges,INE771A01026,Mirza International Limited | Mirza International Ltd
name_variant_between_exchanges,INE227F01010,M.K. Exim (India) Limited | M.K. Exim (India) Ltd
name_variant_between_exchanges,INE964W01021,M K Proteins Limited | M. K. Proteins Ltd
name_variant_between_exchanges,INE588G01021,Milkfood Limited | Milkfood Ltd
name_variant_between_exchanges,INE227C01017,MM Forgings Limited | MM Forgings Ltd
name_variant_between_exchanges,INE123F01029,MMTC Limited | MMTC Ltd
name_variant_between_exchanges,INE200D01020,Media Matrix Worldwide Limited | Media Matrix Worldwide Ltd
name_variant_between_exchanges,INE0HLU01028,One Mobikwik Systems Limited | One Mobikwik Systems Ltd
name_variant_between_exchanges,INE537F01012,Modi Naturals Limited | Modi Naturals Ltd
name_variant_between_exchanges,INE832A01018,Modi Rubber Limited | Modi Rubber Ltd
name_variant_between_exchanges,INE0L0L01012,Modis Navnirman Limited | Modis Navnirman Ltd
name_variant_between_exchanges,INE737D01021,MODISON LIMITED | Modison Ltd
name_variant_between_exchanges,INE794W01014,Modern Thread India Ltd | Modern Threads (India) Limited
name_variant_between_exchanges,INE154B01023,Mohite Industries Limited | Mohite Industries Ltd
name_variant_between_exchanges,INE954E01012,Mohit Industries Limited | Mohit Industries Ltd
name_variant_between_exchanges,INE490G01020,MOIL Limited | Moil Ltd
name_variant_between_exchanges,INE0CT101020,Meghmani Organics Limited | Meghmani Organics Ltd
name_variant_between_exchanges,INE869T01028,Molbio Diagnostics Limited | Molbio Diagnostics Ltd
name_variant_between_exchanges,INE835B01035,Mold-Tek Technologies Limited | Mold-Tek Technologies Ltd
name_variant_between_exchanges,INE893J01029,Mold-Tek Packaging Limited | Mold-Tek Packaging Ltd
name_variant_between_exchanges,INE1FCO01014,Rays of Belief Limited | Rays of Belief Ltd
name_variant_between_exchanges,INE903D01011,Monarch Networth Capital Limited | Monarch Networth Capital Ltd
name_variant_between_exchanges,INE296Q01012,Moneyboxx Finance Limited | Moneyboxx Finance Ltd
name_variant_between_exchanges,INE950M01013,Monte Carlo Fashions Limited | Monte Carlo Fashions Ltd
name_variant_between_exchanges,INE083A01026,Morepen Laboratories Limited | Morepen Laboratories Ltd
name_variant_between_exchanges,INE935B01025,Moschip Technologies Limited | Moschip Technologies Ltd
name_variant_between_exchanges,INE775A01035,Samvardhana Motherson International Limited | Samvardhana Motherson International Ltd
name_variant_between_exchanges,INE338I01027,Motilal Oswal Financial Services Limited | Motilal Oswal Financial Services Ltd
name_variant_between_exchanges,INE0FRK01020,Motisons Jewellers Limited | Motisons Jewellers Ltd
name_variant_between_exchanges,INE861B01023,Motor & General Finance Ltd | The Motor & General Finance Limited
name_variant_between_exchanges,INE493H01014,MPDL Limited | MPDL Ltd
name_variant_between_exchanges,INE356A01018,MphasiS Limited | Mphasis Ltd
name_variant_between_exchanges,INE943D01017,MPS Limited | MPS Ltd
name_variant_between_exchanges,INE883A01011,MRF Limited | MRF Ltd
name_variant_between_exchanges,INE103A01014,Mangalore Refinery and Petrochemicals Limited | Mangalore Refinery and Petrochemicals Ltd
name_variant_between_exchanges,INE829S01016,Mangalam Seeds Limited | Mangalam Seeds Ltd
name_variant_between_exchanges,INE752G01015,MSP Steel & Power Limited | MSP Steel & Power Ltd
name_variant_between_exchanges,INE255X01014,MSTC Ltd | Mstc Limited
name_variant_between_exchanges,INE0FS801015,Motherson Sumi Wiring India Limited | Motherson Sumi Wiring India Ltd
name_variant_between_exchanges,INE864I01014,MTAR Technologies Ltd | Mtar Technologies Limited
name_variant_between_exchanges,INE472M01018,MT Educare Limited | MT Educare Ltd
name_variant_between_exchanges,INE153A01019,Mahanagar Telephone Nigam Limited | Mahanagar Telephone Nigam Ltd
name_variant_between_exchanges,INE08KJ01020,Mufin Green Finance Limited | Mufin Green Finance Ltd
name_variant_between_exchanges,INE220Q01020,Credo Brands Marketing Limited | Credo Brands Marketing Ltd
name_variant_between_exchanges,INE304A01026,Mukand Limited | Mukand Ltd
name_variant_between_exchanges,INE596B01017,Mukesh Babu Financial Services Limited | Mukesh Babu Financial Services Ltd
name_variant_between_exchanges,INE0CG401037,Mukka Proteins Limited | Mukka Proteins Ltd
name_variant_between_exchanges,INE374B01019,Mukta Arts Limited | Mukta Arts Ltd
name_variant_between_exchanges,INE672B01032,Munjal Auto Industries Limited | Munjal Auto Industries Ltd
name_variant_between_exchanges,INE577A01027,Munjal Showa Limited | Munjal Showa Ltd
name_variant_between_exchanges,INE692B01014,Murudeshwar Ceramics Limited | Murudeshwar Ceramics Ltd
name_variant_between_exchanges,INE296G01013,Muthoot Capital Services Limited | Muthoot Capital Services Ltd
name_variant_between_exchanges,INE414G01012,Muthoot Finance Limited | Muthoot Finance Ltd
name_variant_between_exchanges,INE046W01019,Muthoot Microfin Limited | Muthoot Microfin Ltd
name_variant_between_exchanges,INE0OWZ01020,MV Electrosystems Limited | MV Electrosystems Ltd
name_variant_between_exchanges,INE0KNT01012,Manoj Vaibhav Gems N Jewellers Limited | Manoj Vaibhav Gems N Jewellers Ltd
name_variant_between_exchanges,INE0JYY01029,Mangalam Worldwide Limited | Mangalam Worldwide Ltd
name_variant_between_exchanges,INE741A01011,Mysore Petro Chemicals Limited | Mysore Petro Chemicals Ltd
name_variant_between_exchanges,INE295D01020,NACL Industries Limited | NACL Industries Ltd
name_variant_between_exchanges,INE245I01016,Nagreeka Capital & Infrastructure Limited | Nagreeka Capital & Infrastructure Ltd
name_variant_between_exchanges,INE123B01028,Nagreeka Exports Limited | Nagreeka Exports Ltd
name_variant_between_exchanges,INE049I01012,Nahar Capital and Financial Services Limited | Nahar Capital and Financial Services Ltd
name_variant_between_exchanges,INE289A01011,Nahar Industrial Enterprises Limited | Nahar Industrial Enterprises Ltd
name_variant_between_exchanges,INE308A01027,Nahar Poly Films Limited | Nahar Polyfilms Ltd
name_variant_between_exchanges,INE290A01027,Nahar Spinning Mills Limited | Nahar Spinning Mills Ltd
name_variant_between_exchanges,INE298J01013,Nippon Life India Asset Management Limited | Nippon Life India Asset Management Ltd
name_variant_between_exchanges,INE117Z01029,Narmada Agrobase Limited | Narmada Agrobase Ltd
name_variant_between_exchanges,INE936B01015,Natural Capsules Limited | Natural Capsules Ltd
name_variant_between_exchanges,INE987B01026,Natco Pharma Limited | Natco Pharma Ltd
name_variant_between_exchanges,INE448G01010,Nath Bio-Genes (India) Limited | Nath Bio-Genes (India) Ltd
name_variant_between_exchanges,INE139A01034,National Aluminium Company Limited | National Aluminium Company Ltd
name_variant_between_exchanges,INE166R01015,National Standard (India) Limited | National Standard (India) Ltd
name_variant_between_exchanges,INE663F01032,Info Edge (India) Limited | Info Edge (India) Ltd
name_variant_between_exchanges,INE725A01030,NAVA LIMITED | Nava Ltd
name_variant_between_exchanges,INE048G01026,Navin Fluorine International Limited | Navin Fluorine International Ltd
name_variant_between_exchanges,INE278M01019,Navkar Corporation Limited | Navkar Corporation Ltd
name_variant_between_exchanges,INE268H01044,Navkar Urbanstructure Limited | Navkar Urbanstructure Ltd
name_variant_between_exchanges,INE060A01024,Navneet Education Limited | Navneet Education Ltd
name_variant_between_exchanges,INE418L01047,Nazara Technologies Limited | Nazara Technologies Ltd
name_variant_between_exchanges,INE095N01031,NBCC (India) Limited | NBCC (India) Ltd
name_variant_between_exchanges,INE868B01028,NCC Limited | NCC Ltd
name_variant_between_exchanges,INE732C01016,NCL Industries Limited | NCL Industries Ltd
name_variant_between_exchanges,INE875G01048,Nandan Denim Limited | Nandan Denim Ltd
name_variant_between_exchanges,INE353A01023,NDL Ventures Limited | NDL Ventures Ltd
name_variant_between_exchanges,INE07OG01012,NDR Auto Components Ltd | Ndr Auto Components Limited
name_variant_between_exchanges,INE155G01029,New Delhi Television Limited | New Delhi Television Ltd
name_variant_between_exchanges,INE605D01012,Neelamalai Agro Industries Limited | Neelamalai Agro Industries Ltd
name_variant_between_exchanges,INE553C01016,North Eastern Carrying Corporation Limited | North Eastern Carrying Corporation Ltd
name_variant_between_exchanges,INE023H01027,Nectar Lifesciences Limited | Nectar Lifesciences Ltd
name_variant_between_exchanges,INE189I01024,Nelcast Limited | Nelcast Ltd
name_variant_between_exchanges,INE045B01015,NELCO Limited | Nelco Ltd
name_variant_between_exchanges,INE136S01016,Neogen Chemicals Limited | Neogen Chemicals Ltd
name_variant_between_exchanges,INE428V01029,Nephrocare Health Services Limited | Nephrocare Health Services Ltd
name_variant_between_exchanges,INE317F01035,NESCO Ltd | Nesco Limited
name_variant_between_exchanges,INE239A01024,Nestle India Limited | Nestle India Ltd
name_variant_between_exchanges,INE0NT901020,Netweb Technologies India Limited | Netweb Technologies India Ltd
name_variant_between_exchanges,INE870H01013,Network 18 Media & Investments Ltd | Network18 Media & Investments Limited
name_variant_between_exchanges,INE333I01044,Neueon Corporation Limited | Neueon Corporation Ltd
name_variant_between_exchanges,INE794A01010,Neuland Laboratories Limited | Neuland Laboratories Ltd
name_variant_between_exchanges,INE619B01017,Newgen Software Technologies Limited | Newgen Software Technologies Ltd
name_variant_between_exchanges,INE747B01016,Next Mediaworks Limited | Next Mediaworks Ltd
name_variant_between_exchanges,INE870D01012,National Fertilizers Limited | National Fertilizers Ltd
name_variant_between_exchanges,INE236Y01012,Nakoda Group of Industries Limited | Nakoda Group of Industries Ltd
name_variant_between_exchanges,INE887E01022,NGL Fine Chem Ltd | NGL Fine-Chem Limited
name_variant_between_exchanges,INE410P01011,Narayana Hrudayalaya Ltd | Narayana Hrudayalaya Ltd.
name_variant_between_exchanges,INE848E01016,NHPC Limited | NHPC Ltd
name_variant_between_exchanges,INE470Y01017,The New India Assurance Company Limited | The New India Assurance Company Ltd
name_variant_between_exchanges,INE149O01018,NIBE Limited | NIBE Ltd
name_variant_between_exchanges,INE047O01014,NRB Industrial Bearings Limited | NRB Industrial Bearings Ltd
name_variant_between_exchanges,INE653C01022,Nicco Parks & Resorts Limited | Nicco Parks & Resorts Ltd
name_variant_between_exchanges,INE161A01038,NIIT Limited | NIIT Ltd
name_variant_between_exchanges,INE342G01023,NIIT Learning Systems Limited | NIIT Learning Systems Ltd
name_variant_between_exchanges,INE937C01029,Nila Infrastructures Limited | Nila Infrastructures Ltd
name_variant_between_exchanges,INE00S901012,Nila Spaces Limited | Nila Spaces Ltd
name_variant_between_exchanges,INE445D01013,Nile Limited | Nile Ltd
name_variant_between_exchanges,INE310A01015,Nilkamal Limited | Nilkamal Ltd
name_variant_between_exchanges,INE875B01015,Nimbus Projects Limited | Nimbus Projects Ltd
name_variant_between_exchanges,INE395U01014,NINtec Systems Limited | NINtec Systems Ltd
name_variant_between_exchanges,INE567A01028,Indo National Ltd | Indo-National Limited
name_variant_between_exchanges,INE368I01016,Niraj Cement Structurals Limited | Niraj Cement Structurals Ltd
name_variant_between_exchanges,INE910A01012,Nirlon Limited | Nirlon Ltd
name_variant_between_exchanges,INE858F01012,Nitco Limited | Nitco Ltd
name_variant_between_exchanges,INE229H01012,Nitin Spinners Limited | Nitin Spinners Ltd
name_variant_between_exchanges,INE265B01019,Nitta Gelatin India Limited | Nitta Gelatin India Ltd
name_variant_between_exchanges,INE995S01015,Niva Bupa Health Insurance Company Limited | Niva Bupa Health Insurance Company Ltd
name_variant_between_exchanges,INE542C01019,NK Industries Limited | NK Industries Ltd
name_variant_between_exchanges,INE589A01014,NLC India Limited | NLC India Ltd
name_variant_between_exchanges,INE584A01023,NMDC Limited | NMDC Ltd
name_variant_between_exchanges,INE163A01018,NOCIL Limited | NOCIL Ltd
name_variant_between_exchanges,INE781B01015,Noida Toll Bridge Company Limited | Noida Toll Bridge Company Ltd
name_variant_between_exchanges,INE369C01017,Norben Tea & Exports Limited | Norben Tea & Exports Ltd
name_variant_between_exchanges,INE850M01015,Northern Arc Capital Limited | Northern Arc Capital Ltd
name_variant_between_exchanges,INE02H701025,Nova Agritech Limited | Nova Agritech Ltd
name_variant_between_exchanges,INE234A01025,Novartis India Limited | Novartis India Ltd
name_variant_between_exchanges,INE0FFK01017,Network People Services Technologies Limited | Network People Services Technologies Ltd
name_variant_between_exchanges,INE740D01017,N R Agarwal Industries Limited | NR Agarwal Industries Ltd
name_variant_between_exchanges,INE349A01021,NRB Bearing Limited | NRB Bearings Ltd
name_variant_between_exchanges,INE023A01030,Nalwa Sons Investments Limited | Nalwa Sons Investments Ltd
name_variant_between_exchanges,INE0NNS01018,NMDC Steel Limited | NMDC Steel Ltd
name_variant_between_exchanges,INE920C01017,NTC Industries Limited | NTC Industries Ltd
name_variant_between_exchanges,INE733E01010,NTPC Limited | NTPC Ltd
name_variant_between_exchanges,INE0ONG01011,NTPC Green Energy Limited | NTPC Green Energy Ltd
name_variant_between_exchanges,INE096B01018,Nucleus Software Exports Limited | Nucleus Software Exports Ltd
name_variant_between_exchanges,INE0DSF01015,Nureca Limited | Nureca Ltd
name_variant_between_exchanges,INE531F01023,Nuvama Wealth Management Limited | Nuvama Wealth Management Ltd
name_variant_between_exchanges,INE118D01016,Nuvoco Vistas Corporation Limited | Nuvoco Vistas Corporation Ltd
name_variant_between_exchanges,INE388Y01029,FSN E-Commerce Ventures Limited | FSN E-Commerce Ventures Ltd
name_variant_between_exchanges,INE959C01023,Oriental Aromatics Limited | Oriental Aromatics Ltd
name_variant_between_exchanges,INE426Z01016,OBCL Limited | OBCL Ltd
name_variant_between_exchanges,INE093I01010,Oberoi Realty Limited | Oberoi Realty Ltd
name_variant_between_exchanges,INE0PK601023,OCCL Limited | OCCL Ltd
name_variant_between_exchanges,INE054301028,Odigma Consultancy Solutions Limited | Odigma Consultancy Solutions Ltd
name_variant_between_exchanges,INE839E01023,Odyssey Corporation Limited | Odyssey Corporation Ltd
name_variant_between_exchanges,INE881D01027,Oracle Financial Services Software Limited | Oracle Financial Services Software Ltd
name_variant_between_exchanges,INE274J01014,Oil India Limited | Oil India Ltd
name_variant_between_exchanges,INE591A01010,Oil Country Tubular Limited | Oil Country Tubular Ltd
name_variant_between_exchanges,INE0LXG01040,Ola Electric Mobility Limited | Ola Electric Mobility Ltd
name_variant_between_exchanges,INE260D01016,Olectra Greentech Limited | Olectra Greentech Ltd
name_variant_between_exchanges,INE090B01011,Omax Autos Limited | Omax Autos Ltd
name_variant_between_exchanges,INE800H01010,Omaxe Limited | Omaxe Ltd
name_variant_between_exchanges,INE1BZC01019,Om Freight Forwarders Limited | Om Freight Forwarders Ltd
name_variant_between_exchanges,INE239D01028,OM INFRA LIMITED | OM Infra Ltd
name_variant_between_exchanges,INE0UH301010,Omnitech Engineering Limited | Omnitech Engineering Ltd
name_variant_between_exchanges,INE25E901019,Om Power Transmission Limited | Om Power Transmission Ltd
name_variant_between_exchanges,INE670O01013,One Global Service Provider Limited | One Global Service Provider Ltd
name_variant_between_exchanges,INE912L01015,Onelife Capital Advisors Limited | Onelife Capital Advisors Ltd
name_variant_between_exchanges,INE840Y01029,One Point One Solutions Limited | One Point One Solutions Ltd
name_variant_between_exchanges,INE013P01021,Onesource Specialty Pharma Limited | Onesource Specialty Pharma Ltd
name_variant_between_exchanges,INE213A01029,Oil & Natural Gas Corporation Limited | Oil and Natural Gas Corporation Ltd
name_variant_between_exchanges,INE831A01028,Onida Electronics Limited | Onida Electronics Ltd
name_variant_between_exchanges,INE173M01012,Onix Solar Energy Limited | Onix Solar Energy Ltd
name_variant_between_exchanges,INE809I01019,OnMobile Global Limited | OnMobile Global Ltd
name_variant_between_exchanges,INE229A01017,Onward Technologies Limited | Onward Technologies Ltd
name_variant_between_exchanges,INE350C01017,Optiemus Infracom Limited | Optiemus Infracom Ltd
name_variant_between_exchanges,INE031G01022,Optimus Finance Limited | Optimus Finance Ltd
name_variant_between_exchanges,INE231G01010,Orbit Exports Limited | Orbit Exports Ltd
name_variant_between_exchanges,INE215B01022,Orchasp Limited | Orchasp Ltd
name_variant_between_exchanges,INE191A01027,Orchid Pharma Limited | Orchid Pharma Ltd
name_variant_between_exchanges,INE730A01022,Oricon Enterprises Limited | Oricon Enterprises Ltd
name_variant_between_exchanges,INE998H01012,Oriental Trimex Limited | Oriental Trimex Ltd
name_variant_between_exchanges,INE607D01018,Orient Bell Limited | Orient Bell Ltd
name_variant_between_exchanges,INE876N01018,Orient Cement Limited | Orient Cement Ltd
name_variant_between_exchanges,INE569C01020,ORIENT CERATECH LIMITED | Orient Ceratech Ltd
name_variant_between_exchanges,INE142Z01019,Orient Electric Limited | Orient Electric Ltd
name_variant_between_exchanges,INE750A01020,Oriental Hotels Limited | Oriental Hotels Ltd
name_variant_between_exchanges,INE609C01024,Orient Press Limited | Orient Press Ltd
name_variant_between_exchanges,INE592A01026,Orient Paper & Industries Limited | Orient Paper & Industries Ltd
name_variant_between_exchanges,INE0PPK01015,Orient Technologies Limited | Orient Technologies Ltd
name_variant_between_exchanges,INE457G01029,Oriental Rail Infrastructure Limited | Oriental Rail Infrastructure Ltd
name_variant_between_exchanges,INE725E01024,Orissa Minerals Development Company Ltd | The Orissa Minerals Development Company Limited
name_variant_between_exchanges,INE16NZ01023,Orkla India Limited | Orkla India Ltd
name_variant_between_exchanges,INE749B01020,ORTIN GLOBAL LIMITED | Ortin Global Ltd
name_variant_between_exchanges,INE142A01012,Oswal Agro Mills Limited | Oswal Agro Mills Ltd
name_variant_between_exchanges,INE143A01010,Oswal Greentech Limited | Oswal Greentech Ltd
name_variant_between_exchanges,INE0BYP01024,Oswal Pumps Limited | Oswal Pumps Ltd
name_variant_between_exchanges,INE0S3G01027,Pace Digitek Limited | Pace Digitek Ltd
name_variant_between_exchanges,INE883C01025,Pacific Industries Limited | Pacific Industries Ltd
name_variant_between_exchanges,INE761H01022,Page Industries Limited | Page Industries Ltd
name_variant_between_exchanges,INE420C01059,Paisalo Digital Limited | Paisalo Digital Ltd
name_variant_between_exchanges,INE551D01018,PAKKA LIMITED | Pakka Ltd
name_variant_between_exchanges,INE471W01019,Palash Securities Limited | Palash Securities Ltd
name_variant_between_exchanges,INE218G01033,Palred Technologies Limited | Palred Technologies Ltd
name_variant_between_exchanges,INE922B01023,Panacea Biotec Limited | Panacea Biotec Ltd
name_variant_between_exchanges,INE305C01029,Panama Petrochem Limited | Panama Petrochem Ltd
name_variant_between_exchanges,INE798F01010,Panchmahal Steel Limited | Panchmahal Steel Ltd
name_variant_between_exchanges,INE258R01028,Panorama Studios International Limited | Panorama Studios International Ltd
name_variant_between_exchanges,INE074B01023,Paramount Communications Limited | Paramount Communications Ltd
name_variant_between_exchanges,INE088F01024,Paradeep Phosphates Limited | Paradeep Phosphates Ltd
name_variant_between_exchanges,INE883N01014,Parag Milk Foods Limited | Parag Milk Foods Ltd
name_variant_between_exchanges,INE045601023,Paras Defence and Space Technologies Limited | Paras Defence and Space Technologies Ltd
name_variant_between_exchanges,INE162C01024,Paras Petrofils Limited | Paras Petrofils Ltd
name_variant_between_exchanges,INE119201023,Park Medi World Limited | Park Medi World Ltd
name_variant_between_exchanges,INE988S01028,Apeejay Surrendra Park Hotels Limited | Apeejay Surrendra Park Hotels Ltd
name_variant_between_exchanges,INE383L01019,Parnax Lab Limited | Parnax Lab Ltd
name_variant_between_exchanges,INE561H01026,Parsvnath Developers Limited | Parsvnath Developers Ltd
name_variant_between_exchanges,INE124Y01028,Pashupati Cotspin Limited | Pashupati Cotspin Ltd
name_variant_between_exchanges,INE818B01023,Pasupati Acrylon Limited | Pasupati Acrylon Ltd
name_variant_between_exchanges,INE619A01035,Patanjali Foods Limited | Patanjali Foods Ltd
name_variant_between_exchanges,INE244B01030,Patel Engineering Limited | Patel Engineering Ltd
name_variant_between_exchanges,INE0R8B01010,Patel Retail Limited | Patel Retail Ltd
name_variant_between_exchanges,INE529D01014,Patel Integrated Logistics Limited | Patel Integrated Logistics Ltd
name_variant_between_exchanges,INE111F01024,Paushak Limited | Paushak Ltd
name_variant_between_exchanges,INE07S101038,Pavna Industries Limited | Pavna Industries Ltd
name_variant_between_exchanges,INE982J01020,One 97 Communications Limited | One 97 Communications Ltd
name_variant_between_exchanges,INE501F01018,PBM Polytex Limited | PBM Polytex Ltd
name_variant_between_exchanges,INE602A01031,PCBL Chemical Limited | PCBL Chemical Ltd
name_variant_between_exchanges,INE785M01021,PC Jeweller Limited | PC Jeweller Ltd
name_variant_between_exchanges,INE865T01018,Pudumjee Paper Products Limited | Pudumjee Paper Products Ltd
name_variant_between_exchanges,INE111Q01021,PDS Limited | PDS Ltd
name_variant_between_exchanges,INE844A01013,PEARL Polymers Ltd | Pearl Polymers Limited
name_variant_between_exchanges,INE932A01024,Pennar Industries Limited | Pennar Industries Ltd
name_variant_between_exchanges,INE138A01028,Peninsula Land Limited | Peninsula Land Ltd
name_variant_between_exchanges,INE418E01018,Permanent Magnets Limited | Permanent Magnets Ltd
name_variant_between_exchanges,INE0I1B01016,Purple Style Labs Limited | Purple Style Labs Ltd
name_variant_between_exchanges,INE262H01021,Persistent Systems Limited | Persistent Systems Ltd
name_variant_between_exchanges,INE347G01014,Petronet LNG Limited | Petronet LNG Ltd
name_variant_between_exchanges,INE134E01011,Power Finance Corporation Limited | Power Finance Corporation Ltd
name_variant_between_exchanges,INE182A01018,Pfizer Limited | Pfizer Ltd
name_variant_between_exchanges,INE367G01038,Prime Focus Limited | Prime Focus Ltd
name_variant_between_exchanges,INE560K01014,PTC India Financial Services Limited | PTC India Financial Services Ltd
name_variant_between_exchanges,INE457L01029,PG Electroplast Limited | PG Electroplast Ltd
name_variant_between_exchanges,INE179A01014,Procter & Gamble Hygiene and Health Care Limited | Procter & Gamble Hygiene and Health Care Ltd
name_variant_between_exchanges,INE199A01012,Procter & Gamble Health Limited | Procter & Gamble Health Ltd
name_variant_between_exchanges,INE940H01022,Pearl Global Industries Limited | Pearl Global Industries Ltd
name_variant_between_exchanges,INE211B01039,The Phoenix Mills Limited | The Phoenix Mills Ltd
name_variant_between_exchanges,INE245B01011,Phoenix International Limited | Phoenix International Ltd
name_variant_between_exchanges,INE546C01010,Piccadily Agro Industries Limited | Piccadily Agro Industries Ltd
name_variant_between_exchanges,INE318A01026,Pidilite Industries Limited | Pidilite Industries Ltd
name_variant_between_exchanges,INE557Z01018,Power & Instrumentation (Gujarat) Limited | Power and Instrumentation (Gujarat) Ltd
name_variant_between_exchanges,INE603J01030,PI Industries Limited | PI Industries Ltd
name_variant_between_exchanges,INE417C01014,Pilani Investment and Industries Corporation Limited | Pilani Investment and Industries Corporation Ltd
name_variant_between_exchanges,INE600A01035,PIL ITALICA LIFESTYLE LIMITED | Pil Italica Lifestyle Ltd
name_variant_between_exchanges,INE15B701018,Pine Labs Limited | Pine Labs Ltd
name_variant_between_exchanges,INE156C01018,Pioneer Embroideries Limited | Pioneer Embroideries Ltd
name_variant_between_exchanges,INE746D01014,Pioneer Investcorp Limited | Pioneer Investcorp Ltd
name_variant_between_exchanges,INE202B01038,Piramal Finance Limited | Piramal Finance Ltd
name_variant_between_exchanges,INE450D01021,Pitti Engineering Limited | Pitti Engineering Ltd
name_variant_between_exchanges,INE751B01018,Pix Transmissions Limited | Pix Transmissions Ltd
name_variant_between_exchanges,INE083C01022,Plastiblends India Limited | Plastiblends India Ltd
name_variant_between_exchanges,INE0PT501018,Platinum Industries Limited | Platinum Industries Ltd
name_variant_between_exchanges,INE0INJ01017,Plaza Wires Limited | Plaza Wires Ltd
name_variant_between_exchanges,INE291E01019,Paul Merchants Limited | Paul Merchants Ltd
name_variant_between_exchanges,INE859A01011,PNB Gilts Limited | PNB Gilts Ltd
name_variant_between_exchanges,INE572E01012,PNB Housing Finance Limited | PNB Housing Finance Ltd
name_variant_between_exchanges,INE392B01011,Pritish Nandy Communications Limited | Pritish Nandy Communications Ltd
name_variant_between_exchanges,INE195J01029,PNC Infratech Limited | PNC Infratech Ltd
name_variant_between_exchanges,INE953R01016,P N Gadgil Jewellers Limited | P N Gadgil Jewellers Ltd
name_variant_between_exchanges,INE1RDG01013,PNGS Reva Diamond Jewellery Limited | PNGS Reva Diamond Jewellery Ltd
name_variant_between_exchanges,INE063E01061,Pondy Oxides & Chemicals Limited | Pondy Oxides & Chemicals Ltd
name_variant_between_exchanges,INE371C01013,Poddar Pigments Limited | Poddar Pigments Ltd
name_variant_between_exchanges,INE035S01028,POCL Enterprises Limited | POCL Enterprises Ltd
name_variant_between_exchanges,INE637C01025,Pokarna Limited | Pokarna Ltd
name_variant_between_exchanges,INE417T01026,PB Fintech Limited | PB Fintech Ltd
name_variant_between_exchanges,INE455K01017,Polycab India Limited | Polycab India Ltd
name_variant_between_exchanges,INE205C01021,Poly Medicure Limited | Poly Medicure Ltd
name_variant_between_exchanges,INE633B01018,Polyplex Corporation Limited | Polyplex Corporation Ltd
name_variant_between_exchanges,INE914G01029,Polyspin Exports Limited | Polyspin Exports Ltd
name_variant_between_exchanges,INE838E01017,Ponni Sugars (Erode) Limited | Ponni Sugars (Erode) Ltd
name_variant_between_exchanges,INE511C01022,Poonawalla Fincorp Limited | Poonawalla Fincorp Ltd
name_variant_between_exchanges,INE752E01010,Power Grid Corporation of India Limited | Power Grid Corporation of India Ltd
name_variant_between_exchanges,INE921L01032,Powerica Limited | Powerica Ltd
name_variant_between_exchanges,INE07Y701011,Hitachi Energy India Limited | Hitachi Energy India Ltd
name_variant_between_exchanges,INE211R01019,Power Mech Projects Limited | Power Mech Projects Ltd
name_variant_between_exchanges,INE095I01015,PPAP Automotive Limited | PPAP Automotive Ltd
name_variant_between_exchanges,INE050001010,Prakash Pipes Limited | Prakash Pipes Ltd
name_variant_between_exchanges,INE0DK501011,Piramal Pharma Limited | Piramal Pharma Ltd
name_variant_between_exchanges,INE0I0M01023,Prabha Energy Limited | Prabha Energy Ltd
name_variant_between_exchanges,INE770A01010,Pradeep Metals Limited | Pradeep Metals Ltd
name_variant_between_exchanges,INE505C01016,Prajay Engineers Syndicate Limited | Prajay Engineers Syndicate Ltd
name_variant_between_exchanges,INE074A01025,Praj Industries Limited | Praj Industries Ltd
name_variant_between_exchanges,INE603A01013,Prakash Industries Limited | Prakash Industries Ltd
name_variant_between_exchanges,INE696K01024,Prakash Steelage Limited | Prakash Steelage Ltd
name_variant_between_exchanges,INE722B01019,Praveg Limited | Praveg Ltd
name_variant_between_exchanges,INE546Y01022,Praxis Home Retail Limited | Praxis Home Retail Ltd
name_variant_between_exchanges,INE484I01029,Precision Camshafts Limited | Precision Camshafts Ltd
name_variant_between_exchanges,INE372C01037,Precision Wires India Limited | Precision Wires India Ltd
name_variant_between_exchanges,INE001E01012,Premco Global Limited | Premco Global Ltd
name_variant_between_exchanges,INE863B01029,Premier Explosives Limited | Premier Explosives Ltd
name_variant_between_exchanges,INE342A01018,Premier Limited | Premier Ltd
name_variant_between_exchanges,INE0BS701011,Premier Energies Limited | Premier Energies Ltd
name_variant_between_exchanges,INE309M01020,Premier Polyfilm Limited | Premier Polyfilm Ltd
name_variant_between_exchanges,INE811K01011,Prestige Estates Projects Limited | Prestige Estates Projects Ltd
name_variant_between_exchanges,INE726V01018,Pricol Limited | Pricol Ltd
name_variant_between_exchanges,INE032B01021,Prime Securities Limited | Prime Securities Ltd
name_variant_between_exchanges,INE607A01022,Primo Chemicals Limited | Primo Chemicals Ltd
name_variant_between_exchanges,INE689W01016,Prince Pipes And Fittings Limited | Prince Pipes and Fittings Ltd
name_variant_between_exchanges,INE15EH01014,Priority Jewels Limited | Priority Jewels Ltd
name_variant_between_exchanges,INE286N01028,Prismx Global Ventures Limited | Prismx Global Ventures Ltd
name_variant_between_exchanges,INE583R01029,Pritika Auto Industries Limited | Pritika Auto Industries Ltd
name_variant_between_exchanges,INE959A01019,Privi Speciality Chemicals Limited | Privi Speciality Chemicals Ltd
name_variant_between_exchanges,INE0BX301013,Prostarm Info Systems Limited | Prostarm Info Systems Ltd
name_variant_between_exchanges,INE004A01022,Protean eGov Technologies Limited | Protean eGov Technologies Ltd
name_variant_between_exchanges,INE195N01013,Prozone Realty Limited | Prozone Realty Ltd
name_variant_between_exchanges,INE010A01011,Prism Johnson Limited | Prism Johnson Ltd
name_variant_between_exchanges,INE00F201020,Prudent Corporate Advisory Services Limited | Prudent Corporate Advisory Services Ltd
name_variant_between_exchanges,INE024D01016,Prudential Sugar Corporation Limited | Prudential Sugar Corporation Ltd
name_variant_between_exchanges,INE488V01015,PSP Projects Limited | PSP Projects Ltd
name_variant_between_exchanges,INE877F01012,PTC India Limited | PTC India Ltd
name_variant_between_exchanges,INE596F01018,PTC Industries Limited | PTC Industries Ltd
name_variant_between_exchanges,INE034D01049,PTL Enterprises Limited | PTL Enterprises Ltd
name_variant_between_exchanges,INE277B01014,Punjab Chemicals & Crop Protection Limited | Punjab Chemicals & Crop Protection Ltd
name_variant_between_exchanges,INE323I01011,Puravankara Limited | Puravankara Ltd
name_variant_between_exchanges,INE362A01016,PVP Ventures Limited | PVP Ventures Ltd
name_variant_between_exchanges,INE191H01014,PVR INOX Limited | PVR Inox Ltd
name_variant_between_exchanges,INE772T01024,Popular Vehicles and Services Limited | Popular Vehicles and Services Ltd
name_variant_between_exchanges,INE0LP301011,Physicswallah Limited | Physicswallah Ltd
name_variant_between_exchanges,INE0MIS01010,Pyramid Technoplast Limited | Pyramid Technoplast Ltd
name_variant_between_exchanges,INE0SII01026,Quality Power Electrical Equipments Limited | Quality Power Electrical Equipments Ltd
name_variant_between_exchanges,INE0LRY01011,Quadrant Future Tek Limited | Quadrant Future Tek Ltd
name_variant_between_exchanges,INE615P01015,Quess Corp Limited | Quess Corp Ltd
name_variant_between_exchanges,INE306L01010,Quick Heal Technologies Limited | Quick Heal Technologies Ltd
name_variant_between_exchanges,INE641R01017,Quint Digital Limited | Quint Digital Ltd
name_variant_between_exchanges,INE084Q01012,Race Eco Chain Limited | Race Eco Chain Ltd
name_variant_between_exchanges,INE704B01017,RACL Geartech Limited | RACL Geartech Ltd
name_variant_between_exchanges,INE874F01027,Radaan Mediaworks India Limited | Radaan Mediaworks India Ltd
name_variant_between_exchanges,INE583V01021,Radhika Jeweltech Limited | Radhika Jeweltech Ltd
name_variant_between_exchanges,INE855R01021,Radiant Cash Management Services Limited | Radiant Cash Management Services Ltd
name_variant_between_exchanges,INE944F01028,Radico Khaitan Limited | Radico Khaitan Ltd
name_variant_between_exchanges,INE919I01024,Music Broadcast Limited | Music Broadcast Ltd
name_variant_between_exchanges,INE0DD101019,RailTel Corporation of India Ltd | Railtel Corporation Of India Limited
name_variant_between_exchanges,INE855B01025,Rain Industries Limited | Rain Industries Ltd
name_variant_between_exchanges,INE961O01016,Rainbow Children's Medicare Ltd | Rainbow Childrens Medicare Limited
name_variant_between_exchanges,INE343B01030,Rajesh Exports Limited | Rajesh Exports Ltd
name_variant_between_exchanges,INE535F01024,Rajoo Engineers Limited | Rajoo Engineers Ltd
name_variant_between_exchanges,INE296E01026,Rajapalayam Mills Limited | Rajapalayam Mills Ltd
name_variant_between_exchanges,INE451D01029,Rajratan Global Wire Limited | Rajratan Global Wire Ltd
name_variant_between_exchanges,INE533D01032,Raj Rayon Industries Limited | Raj Rayon Industries Ltd
name_variant_between_exchanges,INE562B01019,Rajshree Sugars & Chemicals Limited | Rajshree Sugars & Chemicals Ltd
name_variant_between_exchanges,INE952H01027,Raj Television Network Limited | Raj Television Network Ltd
name_variant_between_exchanges,INE613A01020,Rallis India Limited | Rallis India Ltd
name_variant_between_exchanges,INE278B01020,Shree Rama Newsprint Limited | Shree Rama Newsprint Ltd
name_variant_between_exchanges,INE809A01032,Rama Phosphates Limited | Rama Phosphates Ltd
name_variant_between_exchanges,INE230R01035,Rama Steel Tubes Limited | Rama Steel Tubes Ltd
name_variant_between_exchanges,INE1SJO01012,Advit Jewels Limited | Advit Jewels Ltd
name_variant_between_exchanges,INE331A01037,The Ramco Cements Limited | The Ramco Cements Ltd
name_variant_between_exchanges,INE614A01028,Ramco Industries Limited | Ramco Industries Ltd
name_variant_between_exchanges,INE246B01019,Ramco Systems Limited | Ramco Systems Ltd
name_variant_between_exchanges,INE874I01013,Ramky Infrastructure Limited | Ramky Infrastructure Ltd
name_variant_between_exchanges,INE207E01023,Ram Ratna Wires Limited | Ram Ratna Wires Ltd
name_variant_between_exchanges,INE625B01014,Rana Sugars Limited | Rana Sugars Ltd
name_variant_between_exchanges,INE384A01010,Rane Holdings Limited | Rane Holdings Ltd
name_variant_between_exchanges,INE0CLI01024,RateGain Travel Technologies Ltd | Rategain Travel Technologies Limited
name_variant_between_exchanges,INE703B01027,Ratnamani Metals & Tubes Limited | Ratnamani Metals & Tubes Ltd
name_variant_between_exchanges,INE05CZ01011,Ratnaveer Precision Engineering Limited | Ratnaveer Precision Engineering Ltd
name_variant_between_exchanges,INE301A01014,Raymond Limited | Raymond Ltd
name_variant_between_exchanges,INE02ID01020,Raymond Lifestyle Limited | Raymond Lifestyle Ltd
name_variant_between_exchanges,INE1SY401010,Raymond Realty Limited | Raymond Realty Ltd
name_variant_between_exchanges,INE07T201019,Restaurant Brands Asia Limited | Restaurant Brands Asia Ltd
name_variant_between_exchanges,INE976G01028,RBL Bank Limited | RBL Bank Ltd
name_variant_between_exchanges,INE0PEQ01016,RBZ Jewellers Limited | RBZ Jewellers Ltd
name_variant_between_exchanges,INE027A01015,Rashtriya Chemicals and Fertilizers Limited | Rashtriya Chemicals and Fertilizers Ltd
name_variant_between_exchanges,INE330H01018,Reliance Communications Limited | Reliance Communications Ltd
name_variant_between_exchanges,INE020B01018,REC Limited | REC Ltd
name_variant_between_exchanges,INE891D01026,Redington Limited | Redington Ltd
name_variant_between_exchanges,INE0LXT01019,Redtape Limited | Redtape Ltd
name_variant_between_exchanges,INE056I01025,Refex Industries Limited | Refex Industries Ltd
name_variant_between_exchanges,INE0MHO01029,Regaal Resources Limited | Regaal Resources Ltd
name_variant_between_exchanges,INE277C01012,Regency Ceramics Limited | Regency Ceramics Ltd
name_variant_between_exchanges,INE131B01039,Relaxo Footwears Limited | Relaxo Footwears Ltd
name_variant_between_exchanges,INE750D01016,Reliance Chemotex Industries Limited | Reliance Chemotex Industries Ltd
name_variant_between_exchanges,INE375Y01018,Reliable Data Services Limited | Reliable Data Services Ltd
name_variant_between_exchanges,INE002A01018,Reliance Industries Limited | Reliance Industries Ltd
name_variant_between_exchanges,INE621H01010,Religare Enterprises Limited | Religare Enterprises Ltd
name_variant_between_exchanges,INE036A01016,Reliance Infrastructure Limited | Reliance Infrastructure Ltd
name_variant_between_exchanges,INE206N01018,Ravindra Energy Limited | Ravindra Energy Ltd
name_variant_between_exchanges,INE474C01023,Remsons Industries Limited | Remsons Industries Ltd
name_variant_between_exchanges,INE087H01022,Shree Renuka Sugars Limited | Shree Renuka Sugars Ltd
name_variant_between_exchanges,INE612J01015,Repco Home Finance Limited | Repco Home Finance Ltd
name_variant_between_exchanges,INE461B01014,Repro India Limited | Repro India Ltd
name_variant_between_exchanges,INE688D01026,Responsive Industries Limited | Responsive Industries Ltd
name_variant_between_exchanges,INE03DD01011,JHS Svendgaard Retail Ventures Limited | JHS Svendgaard Retail Ventures Ltd
name_variant_between_exchanges,INE722H01024,Renaissance Global Limited | Renaissance Global Ltd
name_variant_between_exchanges,INE0KKN01029,Rhetan TMT Limited | Rhetan TMT Ltd
name_variant_between_exchanges,INE217K01011,Reliance Home Finance Limited | Reliance Home Finance Ltd
name_variant_between_exchanges,INE743M01012,RHI MAGNESITA INDIA LIMITED | Rhi Magnesita India Ltd
name_variant_between_exchanges,INE508K01013,Robust Hotels Limited | Robust Hotels Ltd
name_variant_between_exchanges,INE209B01025,Rico Auto Industries Limited | Rico Auto Industries Ltd
name_variant_between_exchanges,INE046A01015,Reliance Industrial Infrastructure Limited | Reliance Industrial Infrastructure Ltd
name_variant_between_exchanges,INE302D01024,RIR Power Electronics Limited | RIR Power Electronics Ltd
name_variant_between_exchanges,INE0N2P01017,Rishabh Instruments Limited | Rishabh Instruments Ltd
name_variant_between_exchanges,INE01EG01016,Ritco Logistics Limited | Ritco Logistics Ltd
name_variant_between_exchanges,INE320J01015,RITES Limited | RITES Ltd
name_variant_between_exchanges,INE722J01012,Ravi Kumar Distilleries Limited | Ravi Kumar Distilleries Ltd
name_variant_between_exchanges,INE399G01023,Ramkrishna Forgings Limited | Ramkrishna Forgings Ltd
name_variant_between_exchanges,INE0NQ801033,R K Swamy Limited | R K Swamy Ltd
name_variant_between_exchanges,INE655V01019,RMC Switchgears Limited | RMC Switchgears Ltd
name_variant_between_exchanges,INE219Y01026,R M Drip and Sprinklers Systems Limited | R M Drip and Sprinklers Systems Ltd
name_variant_between_exchanges,INE050H01012,Rane (Madras) Limited | Rane (Madras) Ltd
name_variant_between_exchanges,INE012Q01039,R&B Denims Limited | R&B Denims Ltd
name_variant_between_exchanges,INE283H01019,Royal Orchid Hotels Limited | Royal Orchid Hotels Ltd
name_variant_between_exchanges,INE645S01024,Rolex Rings Limited | Rolex Rings Ltd
name_variant_between_exchanges,INE927A01040,Rollatainers Limited | Rollatainers Ltd
name_variant_between_exchanges,INE294G01026,Raj Oil Mills Limited | Raj Oil Mills Ltd
name_variant_between_exchanges,INE02A801020,Rossari Biotech Limited | Rossari Biotech Ltd
name_variant_between_exchanges,INE847C01020,Rossell India Limited | Rossell India Ltd
name_variant_between_exchanges,INE0OJW01016,Rossell Techsys Limited | Rossell Techsys Ltd
name_variant_between_exchanges,INE535D01037,Roto Pumps Limited | Roto Pumps Ltd
name_variant_between_exchanges,INE450U01017,ROUTE MOBILE LIMITED | Route Mobile Ltd
name_variant_between_exchanges,INE912T01018,Raghav Productivity Enhancers Limited | Raghav Productivity Enhancers Ltd
name_variant_between_exchanges,INE105J01010,RPG Life Sciences Limited | RPG Life Sciences Ltd
name_variant_between_exchanges,INE614G01033,Reliance Power Limited | Reliance Power Ltd
name_variant_between_exchanges,INE324L01013,R P P Infra Projects Ltd | R.P.P. Infra Projects Limited
name_variant_between_exchanges,INE425Y01011,RPSG VENTURES LIMITED | RPSG Ventures Ltd
name_variant_between_exchanges,INE0J1F01024,Rashi Peripherals Limited | Rashi Peripherals Ltd
name_variant_between_exchanges,INE0AK901016,RDB Real Estate Constructions Limited | RDB Real Estate Constructions Ltd
name_variant_between_exchanges,INE951M01037,RRIL Limited | RRIL Ltd
name_variant_between_exchanges,INE777K01022,R R Kabel Limited | R R Kabel Ltd
name_variant_between_exchanges,INE616F01022,RSD Finance Limited | RSD Finance Ltd
name_variant_between_exchanges,INE313L01016,Rajputana Stainless Limited | Rajputana Stainless Ltd
name_variant_between_exchanges,INE165B01029,R. S. Software (India) Limited | R.S. Software (India) Ltd
name_variant_between_exchanges,INE611A01016,RSWM Limited | RSWM Ltd
name_variant_between_exchanges,INE411H01032,R Systems International Limited | R Systems International Ltd
name_variant_between_exchanges,INE834M01019,RattanIndia Enterprises Limited | Rattanindia Enterprises Ltd
name_variant_between_exchanges,INE399K01017,RattanIndia Power Limited | RattanIndia Power Ltd
name_variant_between_exchanges,INE005C01017,RTS Power Corporation Limited | RTS Power Corporation Ltd
name_variant_between_exchanges,INE642C01025,Rubfila International Limited | Rubfila International Ltd
name_variant_between_exchanges,INE506V01022,Rubicon Research Limited | Rubicon Research Ltd
name_variant_between_exchanges,INE301D01026,Ruby Mills Ltd | The Ruby Mills Limited
name_variant_between_exchanges,INE413B01023,Ruchi Infrastructure Limited | Ruchi Infrastructure Ltd
name_variant_between_exchanges,INE803H01014,Ruchira Papers Limited | Ruchira Papers Ltd
name_variant_between_exchanges,INE027T01023,Rudra Global Infra Products Limited | Rudra Global Infra Products Ltd
name_variant_between_exchanges,INE895B01021,Rupa & Company Limited | Rupa & Company Ltd
name_variant_between_exchanges,INE573K01025,Rushil Decor Limited | Rushil Decor Ltd
name_variant_between_exchanges,INE263M01029,Keystone Realtors Limited | Keystone Realtors Ltd
name_variant_between_exchanges,INE09E501017,Ravinder Heights Limited | Ravinder Heights Ltd
name_variant_between_exchanges,INE415G01027,Rail Vikas Nigam Limited | Rail Vikas Nigam Ltd
name_variant_between_exchanges,INE0DAB01012,Revathi Equipment India Limited | Revathi Equipment India Ltd
name_variant_between_exchanges,INE902B01017,S&S Power Switchgear Ltd | S&S Power Switchgears Limited
name_variant_between_exchanges,INE13B501022,Saatvik Green Energy Limited | Saatvik Green Energy Ltd
name_variant_between_exchanges,INE137M01017,SAB Industries Limited | SAB Industries Ltd
name_variant_between_exchanges,INE226H01026,Sadbhav Engineering Limited | Sadbhav Engineering Ltd
name_variant_between_exchanges,INE764L01010,Sadbhav Infrastructure Project Limited | Sadbhav Infrastructure Project Ltd
name_variant_between_exchanges,INE888C01040,Sadhana Nitro Chem Ltd | Sadhana Nitrochem Limited
name_variant_between_exchanges,INE429E01023,Safari Industries (India) Limited | Safari Industries India Ltd
name_variant_between_exchanges,INE229C01021,Sagar Cements Limited | Sagar Cements Ltd
name_variant_between_exchanges,INE0W2G01015,SAGILITY LIMITED | Sagility Ltd
name_variant_between_exchanges,INE861D01011,Shalibhadra Finance Limited | Shalibhadra Finance Ltd
name_variant_between_exchanges,INE280H01015,Sahyadri Industries Limited | Sahyadri Industries Ltd
name_variant_between_exchanges,INE531X01018,Sai Capital Limited | Sai Capital Ltd
name_variant_between_exchanges,INE114A01011,Steel Authority of India Limited | Steel Authority of India Ltd
name_variant_between_exchanges,INE570L01029,Sai Life Sciences Limited | Sai Life Sciences Ltd
name_variant_between_exchanges,INE0H9F01037,Sai Parenterals Limited | Sai Parenterals Ltd
name_variant_between_exchanges,INE623A01011,Sakthi Sugars Limited | Sakthi Sugars Ltd
name_variant_between_exchanges,INE667G01023,Saksoft Limited | Saksoft Ltd
name_variant_between_exchanges,INE190H01024,Sakuma Exports Limited | Sakuma Exports Ltd
name_variant_between_exchanges,INE170V01027,Salasar Techno Engineering Limited | Salasar Techno Engineering Ltd
name_variant_between_exchanges,INE498E01010,Salona Cotspin Limited | Salona Cotspin Ltd
name_variant_between_exchanges,INE658G01014,S.A.L. Steel Limited | S.A.L. Steel Ltd
name_variant_between_exchanges,INE457F01013,Salzer Electronics Limited | Salzer Electronics Ltd
name_variant_between_exchanges,INE304D01012,Sambandam Spinning Mills Limited | Sambandam Spinning Mills Ltd
name_variant_between_exchanges,INE699B01027,Sambhaav Media Limited | Sambhaav Media Ltd
name_variant_between_exchanges,INE12NJ01018,Sambhv Steel Tubes Limited | Sambhv Steel Tubes Ltd
name_variant_between_exchanges,INE08U801020,Samhi Hotels Limited | Samhi Hotels Ltd
name_variant_between_exchanges,INE148I01020,Sammaan Capital Limited | Sammaan Capital Ltd
name_variant_between_exchanges,INE735M01018,Sampann Utpadan India Limited | Sampann Utpadan India Ltd
name_variant_between_exchanges,INE0JPD01013,Sanathan Textiles Limited | Sanathan Textiles Ltd
name_variant_between_exchanges,INE583B01015,Sandesh Ltd | The Sandesh Limited
name_variant_between_exchanges,INE278H01035,Sandhar Technologies Limited | Sandhar Technologies Ltd
name_variant_between_exchanges,INE149K01016,Sandur Manganese & Iron Ores Limited | Sandur Manganese & Iron Ores Ltd
name_variant_between_exchanges,INE495C01010,Sangam (India) Limited | Sangam India Ltd
name_variant_between_exchanges,INE989A01032,Sanghvi Movers Limited | Sanghvi Movers Ltd
name_variant_between_exchanges,INE058A01010,Sanofi India Limited | Sanofi India Ltd
name_variant_between_exchanges,INE0UOS01011,Sanofi Consumer Healthcare India Limited | Sanofi Consumer Healthcare India Ltd
name_variant_between_exchanges,INE953O01021,Sansera Engineering Limited | Sansera Engineering Ltd
name_variant_between_exchanges,INE08NE01025,Sanstar Limited | Sanstar Ltd
name_variant_between_exchanges,INE890C01046,Sanwaria Consumer Limited | Sanwaria Consumer Ltd
name_variant_between_exchanges,INE806T01020,Sapphire Foods India Limited | Sapphire Foods India Ltd
name_variant_between_exchanges,INE185C01017,Shree Ajit Pulp & Paper Limited | Shree Ajit Pulp And Paper Ltd
name_variant_between_exchanges,INE385C01021,Sarda Energy & Minerals Limited | Sarda Energy & Minerals Ltd
name_variant_between_exchanges,INE979A01025,Saregama India Limited | Saregama India Ltd
name_variant_between_exchanges,INE453D01025,Sarla Performance Fibers Limited | Sarla Performance Fibers Ltd
name_variant_between_exchanges,INE324X01026,Sarveshwar Foods Limited | Sarveshwar Foods Ltd
name_variant_between_exchanges,INE231F01020,Sasken Technologies Limited | Sasken Technologies Ltd
name_variant_between_exchanges,INE170E01023,Satia Industries Limited | Satia Industries Ltd
name_variant_between_exchanges,INE836B01017,Satin Creditcare Network Limited | Satin Creditcare Network Ltd
name_variant_between_exchanges,INE626A01014,Saurashtra Cement Limited | Saurashtra Cement Ltd
name_variant_between_exchanges,INE318C01014,Sayaji Hotels Limited | Sayaji Hotels Ltd
name_variant_between_exchanges,INE327G01032,Sayaji Industries Limited | Sayaji Industries Ltd
name_variant_between_exchanges,INE04AK01028,SBC Exports Limited | SBC Exports Ltd
name_variant_between_exchanges,INE386D01027,Shivalik Bimetal Controls Limited | Shivalik Bimetal Controls Ltd
name_variant_between_exchanges,INE423Y01016,SBFC Finance Limited | SBFC Finance Ltd
name_variant_between_exchanges,INE05ST01028,Suratwwala Business Group Limited | Suratwwala Business Group Ltd
name_variant_between_exchanges,INE018E01016,SBI Cards and Payment Services Limited | SBI Cards and Payment Services Ltd
name_variant_between_exchanges,INE640G01020,SBI Funds Management Limited | SBI Funds Management Ltd
name_variant_between_exchanges,INE123W01016,SBI Life Insurance Company Limited | SBI Life Insurance Company Ltd
name_variant_between_exchanges,INE099G01011,Scan Steels Limited | Scan Steels Ltd
name_variant_between_exchanges,INE513A01022,Schaeffler India Limited | Schaeffler India Ltd
name_variant_between_exchanges,INE807K01035,S Chand And Company Limited | S Chand and Company Ltd
name_variant_between_exchanges,INE839M01018,Schneider Electric Infrastructure Limited | Schneider Electric Infrastructure Ltd
name_variant_between_exchanges,INE109A01011,Shipping Corporation Of India Limited | Shipping Corporation of India Ltd
name_variant_between_exchanges,INE0PB301013,Shipping Corporation of India Land and Assets Limited | Shipping Corporation of India Land and Assets Ltd
name_variant_between_exchanges,INE090501011,Scoda Tubes Limited | Scoda Tubes Ltd
name_variant_between_exchanges,INE501Y01019,Sheetal Cool Products Limited | Sheetal Cool Products Ltd
name_variant_between_exchanges,INE480C01038,Som Distilleries & Breweries Limited | Som Distilleries & Breweries Ltd
name_variant_between_exchanges,INE497B01018,Seamec Limited | Seamec Ltd
name_variant_between_exchanges,INE0BTM01013,SecMark Consultancy Limited | SecMark Consultancy Ltd
name_variant_between_exchanges,INE650K01021,SECUREKLOUD TECHNOLOGIES LIMITED | Securekloud Technologies Ltd
name_variant_between_exchanges,INE00XB01019,SEDEMAC Mechatronics Limited | Sedemac Mechatronics Ltd
name_variant_between_exchanges,INE440T01028,Shanti Educational Initiatives Limited | Shanti Educational Initiatives Ltd
name_variant_between_exchanges,INE955I01044,Sejal Glass Limited | Sejal Glass Ltd
name_variant_between_exchanges,INE068B01017,Saint Gobain Sekurit India Limited | Saint Gobain Sekurit India Ltd
name_variant_between_exchanges,INE105I01020,SEL Manufacturing Company Limited | SEL Manufacturing Company Ltd
name_variant_between_exchanges,INE617A01013,Semac Construction Limited | Semac Construction Ltd
name_variant_between_exchanges,INE602W01027,Senco Gold Limited | Senco Gold Ltd
name_variant_between_exchanges,INE0RB801010,Senores Pharmaceuticals Limited | Senores Pharmaceuticals Ltd
name_variant_between_exchanges,INE964H01014,SEPC Limited | SEPC Ltd
name_variant_between_exchanges,INE630A01024,Seshasayee Paper and Boards Limited | Seshasayee Paper and Boards Ltd
name_variant_between_exchanges,INE878E01021,Setco Automotive Limited | Setco Automotive Ltd
name_variant_between_exchanges,INE0M4D01010,Standard Engineering Technology Limited | Standard Engineering Technology Ltd
name_variant_between_exchanges,INE023M01027,Setubandhan Infrastructure Limited | Setubandhan Infrastructure Ltd
name_variant_between_exchanges,INE573R01012,Seya Industries Limited | Seya Industries Ltd
name_variant_between_exchanges,INE916U01025,Sheela Foam Limited | Sheela Foam Ltd
name_variant_between_exchanges,INE618R01015,SG Finserve Limited | SG Finserve Ltd
name_variant_between_exchanges,INE00QT01015,Synergy Green Industries Limited | Synergy Green Industries Ltd
name_variant_between_exchanges,INE353H01010,STL Global Limited | STL Global Ltd
name_variant_between_exchanges,INE967B01028,SGL Resources Limited | SGL Resources Ltd
name_variant_between_exchanges,INE385F01024,SG Mart Limited | SG Mart Ltd
name_variant_between_exchanges,INE414Y01015,Shree Ganesh Remedies Limited | Shree Ganesh Remedies Ltd
name_variant_between_exchanges,INE12UN01015,Shadowfax Technologies Limited | Shadowfax Technologies Ltd
name_variant_between_exchanges,INE482J01021,Shah Metacorp Limited | Shah Metacorp Ltd
name_variant_between_exchanges,INE640C01011,Shah Alloys Limited | Shah Alloys Ltd
name_variant_between_exchanges,INE151G01028,Shaily Engineering Plastics Limited | Shaily Engineering Plastics Ltd
name_variant_between_exchanges,INE908D01010,Shakti Pumps (India) Limited | Shakti Pumps India Ltd
name_variant_between_exchanges,INE597J01018,Shalby Limited | Shalby Ltd
name_variant_between_exchanges,INE849C01026,Shalimar Paints Limited | Shalimar Paints Ltd
name_variant_between_exchanges,INE274V01019,Shankara Building Products Limited | Shankara Building Products Ltd
name_variant_between_exchanges,INE1WFC01025,Shankesh Jewellers Limited | Shankesh Jewellers Ltd
name_variant_between_exchanges,INE631A01022,Shanthi Gears Limited | Shanthi Gears Ltd
name_variant_between_exchanges,INE06ZD01017,Shanti Gold International Limited | Shanti Gold International Ltd
name_variant_between_exchanges,INE221J01015,Sharda Cropchem Limited | Sharda Cropchem Ltd
name_variant_between_exchanges,INE597I01028,Sharda Motor Industries Limited | Sharda Motor Industries Ltd
name_variant_between_exchanges,INE037B01020,Shardul Securities Limited | Shardul Securities Ltd
name_variant_between_exchanges,INE932X01026,Share India Securities Limited | Share India Securities Ltd
name_variant_between_exchanges,INE402H01015,Shri Bajrang Alliance Limited | Shri Bajrang Alliance Ltd
name_variant_between_exchanges,INE268L01046,Shekhawati Industries Limited | Shekhawati Industries Ltd
name_variant_between_exchanges,INE363M01019,Shemaroo Entertainment Limited | Shemaroo Entertainment Ltd
name_variant_between_exchanges,INE011D01013,Shervani Industrial Syndicate Limited | Shervani Industrial Syndicate Ltd
name_variant_between_exchanges,INE024F01011,Shilchar Technologies Limited | Shilchar Technologies Ltd
name_variant_between_exchanges,INE960A01017,Shilp Gravures Limited | Shilp Gravures Ltd
name_variant_between_exchanges,INE790G01031,Shilpa Medicare Limited | Shilpa Medicare Ltd
name_variant_between_exchanges,INE220Z01013,Sharat Industries Limited | Sharat Industries Ltd
name_variant_between_exchanges,INE0FOO01011,Shiprocket Limited | Shiprocket Ltd
name_variant_between_exchanges,INE960E01019,Shiva Global Agro Industries Limited | Shiva Global Agro Industries Ltd
name_variant_between_exchanges,INE555C01029,Shiva Cement Limited | Shiva Cement Ltd
name_variant_between_exchanges,INE788J01021,Shivalik Rasayan Limited | Shivalik Rasayan Ltd
name_variant_between_exchanges,INE637H01024,Shivam Autotech Limited | Shivam Autotech Ltd
name_variant_between_exchanges,INE644Y01017,Shiva Mills Limited | Shiva Mills Ltd
name_variant_between_exchanges,INE705C01020,Shiva Texyarn Limited | Shiva Texyarn Ltd
name_variant_between_exchanges,INE500L01026,S H Kelkar and Company Limited | S H Kelkar and Company Ltd
name_variant_between_exchanges,INE498B01024,Shoppers Stop Limited | Shoppers Stop Ltd
name_variant_between_exchanges,INE311M01018,Shraddha Prime Projects Limited | Shraddha Prime Projects Ltd
name_variant_between_exchanges,INE232A01011,Shree Digvijay Cement Co.Ltd | Shree Digvijay Cement Company Ltd
name_variant_between_exchanges,INE070A01015,SHREE CEMENT LIMITED | Shree Cement Ltd
name_variant_between_exchanges,INE1B6101010,Shreeji Shipping Global Limited | Shreeji Shipping Global Ltd
name_variant_between_exchanges,INE712K01011,Shree Pushkar Chemicals & Fertilisers Limited | Shree Pushkar Chemicals & Fertilisers Ltd
name_variant_between_exchanges,INE879A01019,Shree Rama Multi-Tech Limited | Shree Rama Multi-Tech Ltd
name_variant_between_exchanges,INE231C01019,Shreyans Industries Limited | Shreyans Industries Ltd
name_variant_between_exchanges,INE997I01012,Shri Krishna Devcon Limited | Shri Krishna Devcon Ltd
name_variant_between_exchanges,INE1B3L01017,Shringar House of Mangalsutra Limited | Shringar House of Mangalsutra Ltd
name_variant_between_exchanges,INE526E01018,SPR Auto Technologies Limited | SPR Auto Technologies Ltd
name_variant_between_exchanges,INE721A01047,Shriram Finance Limited | Shriram Finance Ltd
name_variant_between_exchanges,INE217L01019,Shriram Properties Limited | Shriram Properties Ltd
name_variant_between_exchanges,INE564J01026,Shri Jagdamba Polymers Limited | Shri Jagdamba Polymers Ltd
name_variant_between_exchanges,INE551C01044,Shukra Pharmaceuticals Limited | Shukra Pharmaceuticals Ltd
name_variant_between_exchanges,INE979R01011,Shyam Century Ferrous Limited | Shyam Century Ferrous Ltd
name_variant_between_exchanges,INE810G01011,Shyam Metalics and Energy Limited | Shyam Metalics and Energy Ltd
name_variant_between_exchanges,INE635A01023,Shyam Telecom Limited | Shyam Telecom Ltd
name_variant_between_exchanges,INE176J01011,Sicagen India Limited | Sicagen India Ltd
name_variant_between_exchanges,INE075B01020,Sical Logistics Limited | Sical Logistics Ltd
name_variant_between_exchanges,INE843L01012,Superior Industrial Enterprises Limited | Superior Industrial Enterprises Ltd
name_variant_between_exchanges,INE003A01024,Siemens Limited | Siemens Ltd
name_variant_between_exchanges,INE0D0K01022,Sigachi Industries Limited | Sigachi Industries Ltd
name_variant_between_exchanges,INE529F01035,Signet Industries Limited | Signet Industries Ltd
name_variant_between_exchanges,INE0A0S01028,Sigma Solve Limited | Sigma Solve Ltd
name_variant_between_exchanges,INE933B01012,SIGMA ADVANCED SYSTEMS LIMITED | Sigma Advanced Systems Ltd
name_variant_between_exchanges,INE903U01023,Signatureglobal (India) Limited | Signatureglobal (India) Ltd
name_variant_between_exchanges,INE0KGZ01021,Signpost India Limited | Signpost India Ltd
name_variant_between_exchanges,INE438E01032,Sika Interplant Systems Limited | Sika Interplant Systems Ltd
name_variant_between_exchanges,INE173A01025,Standard Industries Limited | Standard Industries Ltd
name_variant_between_exchanges,INE923A01015,SIL Investments Limited | SIL Investments Ltd
name_variant_between_exchanges,INE625X01026,Silver Touch Technologies Limited | Silver Touch Technologies Ltd
name_variant_between_exchanges,INE748T01016,Simbhaoli Sugars Limited | Simbhaoli Sugars Ltd
name_variant_between_exchanges,INE059B01024,Simplex Infrastructures Limited | Simplex Infrastructures Ltd
name_variant_between_exchanges,INE167H01014,Simplex Realty Limited | Simplex Realty Ltd
name_variant_between_exchanges,INE985A01022,Sinclairs Hotels Limited | Sinclairs Hotels Ltd
name_variant_between_exchanges,INE325D01025,Sindhu Trade Links Limited | Sindhu Trade Links Ltd
name_variant_between_exchanges,INE638A01035,Singer India Limited | Singer India Ltd
name_variant_between_exchanges,INE792Z01011,Sirca Paints India Limited | Sirca Paints India Ltd
name_variant_between_exchanges,INE285J01028,SIS LIMITED | SIS Ltd
name_variant_between_exchanges,INE965H01011,Siti Networks Limited | Siti Networks Ltd
name_variant_between_exchanges,INE076B01028,Siyaram Silk Mills Limited | Siyaram Silk Mills Ltd
name_variant_between_exchanges,INE284S01014,S.J.S. Enterprises Limited | S.J.S. Enterprises Ltd
name_variant_between_exchanges,INE002L01015,SJVN Limited | SJVN Ltd
name_variant_between_exchanges,INE640A01023,SKF India Limited | SKF India Ltd
name_variant_between_exchanges,INE2J8701016,SKF India (Industrial) Limited | SKF India (Industrial) Ltd
name_variant_between_exchanges,INE439E01022,Skipper Limited | Skipper Ltd
name_variant_between_exchanges,INE411D01023,SKM Egg Products Export (India) Limited | SKM Egg Products Export (India) Ltd
name_variant_between_exchanges,INE01IU01018,SKY GOLD AND DIAMONDS LIMITED | Sky Gold And Diamonds Ltd
name_variant_between_exchanges,INE0PX301025,Skyways Air Services Limited | Skyways Air Services Ltd
name_variant_between_exchanges,INE178C01020,Smartlink Holdings Limited | Smartlink Holdings Ltd
name_variant_between_exchanges,INE0NAZ01010,Smartworks Coworking Spaces Limited | Smartworks Coworking Spaces Ltd
name_variant_between_exchanges,INE103C01036,SMC Global Securities Limited | SMC Global Securities Ltd
name_variant_between_exchanges,INE294B01019,SML Mahindra Limited | SML Mahindra Ltd
name_variant_between_exchanges,INE017W01010,Sarthak Metals Limited | Sarthak Metals Ltd
name_variant_between_exchanges,INE812G01025,SMS Pharmaceuticals Limited | SMS Pharmaceuticals Ltd
name_variant_between_exchanges,INE734N01019,Snowman Logistics Limited | Snowman Logistics Ltd
name_variant_between_exchanges,INE671H01015,Sobha Limited | Sobha Ltd
name_variant_between_exchanges,INE728Z01015,Softtech Engineers Limited | Softtech Engineers Ltd
name_variant_between_exchanges,INE624Z01016,Solara Active Pharma Sciences Limited | Solara Active Pharma Sciences Ltd
name_variant_between_exchanges,INE343H01029,Solar Industries India Limited | Solar Industries India Ltd
name_variant_between_exchanges,INE0TY101024,Solarworld Energy Solutions Limited | Solarworld Energy Solutions Ltd
name_variant_between_exchanges,INE880Y01017,Solex Energy Limited | Solex Energy Ltd
name_variant_between_exchanges,INE355A01028,Somany Ceramics Limited | Somany Ceramics Ltd
name_variant_between_exchanges,INE314C01013,Soma Textiles & Industries Limited | Soma Textiles & Industries Ltd
name_variant_between_exchanges,INE323J01019,Somi Conveyor Beltings Limited | Somi Conveyor Beltings Ltd
name_variant_between_exchanges,INE073K01018,Sona BLW Precision Forgings Limited | Sona BLW Precision Forgings Ltd
name_variant_between_exchanges,INE321M01017,Sonal Mercantile Limited | Sonal Mercantile Ltd
name_variant_between_exchanges,INE269A01021,Sonata Software Limited | Sonata Software Ltd
name_variant_between_exchanges,INE035D01020,Savita Oil Technologies Limited | Savita Oil Technologies Ltd
name_variant_between_exchanges,INE683A01023,South Indian Bank Ltd | The South Indian Bank Limited
name_variant_between_exchanges,INE980Y01015,South West Pinnacle Exploration Limited | South West Pinnacle Exploration Ltd
name_variant_between_exchanges,INE212I01016,S. P. Apparels Limited | S.P. Apparels Ltd
name_variant_between_exchanges,INE572J01011,Spandana Sphoorty Financial Limited | Spandana Sphoorty Financial Ltd
name_variant_between_exchanges,INE232I01014,Sun Pharma Advanced Research Company Limited | Sun Pharma Advanced Research Company Ltd
name_variant_between_exchanges,INE247M01014,Speciality Restaurants Limited | Speciality Restaurants Ltd
name_variant_between_exchanges,INE01EO01010,Spectrum Electrical Industries Limited | Spectrum Electrical Industries Ltd
name_variant_between_exchanges,INE252A01019,SPEL Semiconductor Limited | SPEL Semiconductor Ltd
name_variant_between_exchanges,INE020801028,Spencer's Retail Limited | Spencers Retail Ltd
name_variant_between_exchanges,INE147A01011,Southern Petrochemicals Industries Corporation  Limited | Southern Petrochemicals Industries Corporation Ltd
name_variant_between_exchanges,INE978G01016,SPL Industries Limited | SPL Industries Ltd
name_variant_between_exchanges,INE663A01033,Supreme Petrochem Limited | Supreme Petrochem Ltd
name_variant_between_exchanges,INE937A01023,SPML Infra Limited | SPML Infra Ltd
name_variant_between_exchanges,INE885H01029,Sportking India Limited | Sportking India Ltd
name_variant_between_exchanges,INE01NE01012,Shankar Lal Rampal Dye-Chem Limited | Shankar Lal Rampal Dye-Chem Ltd
name_variant_between_exchanges,INE099F01013,Sreeleathers Limited | Sreeleathers Ltd
name_variant_between_exchanges,INE647A01010,SRF Limited | SRF Ltd
name_variant_between_exchanges,INE559N01010,SRG Housing Finance Limited | SRG Housing Finance Ltd
name_variant_between_exchanges,INE917H01012,Sree Rayalaseema Hi-Strength Hypo Limited | Sree Rayalaseema Hi-Strength Hypo Ltd
name_variant_between_exchanges,INE009C01019,Sri KPR Industries Limited | Sri KPR Industries Ltd
name_variant_between_exchanges,INE0R6Z01013,SRM Contractors Limited | SRM Contractors Ltd
name_variant_between_exchanges,INE19GK01015,Shree Ram Twistex Limited | Shree Ram Twistex Ltd
name_variant_between_exchanges,INE0PQ101010,Saraswati Saree Depot Limited | Saraswati Saree Depot Ltd
name_variant_between_exchanges,INE802C01033,Steel Strips Wheels Limited | Steel Strips Wheels Ltd
name_variant_between_exchanges,INE0RYC01010,Stallion India Fluorochemicals Limited | Stallion India Fluorochemicals Ltd
name_variant_between_exchanges,INE01A001028,Stanley Lifestyles Limited | Stanley Lifestyles Ltd
name_variant_between_exchanges,INE939A01011,Strides Pharma Science Limited | Strides Pharma Science Ltd
name_variant_between_exchanges,INE460H01021,Star Cement Limited | Star Cement Ltd
name_variant_between_exchanges,INE575P01011,Star Health and Allied Insurance Company Limited | Star Health and Allied Insurance Company Ltd
name_variant_between_exchanges,INE733A01018,Star Paper Mills Limited | Star Paper Mills Ltd
name_variant_between_exchanges,INE992I01013,Starteck Finance Limited | Starteck Finance Ltd
name_variant_between_exchanges,INE655A01013,State Trading Corporation of India Ltd | The State Trading Corporation of India Limited
name_variant_between_exchanges,INE124E01038,Steelcast Limited | Steelcast Ltd
name_variant_between_exchanges,INE503B01021,STEEL EXCHANGE INDIA LIMITED | Steel Exchange India Ltd
name_variant_between_exchanges,INE577L01016,STEL Holdings Ltd | Stel Holdings Limited
name_variant_between_exchanges,INE334A01023,Sterling Tools Limited | Sterling Tools Ltd
name_variant_between_exchanges,INE1VXE01018,STL Networks Limited | STL Networks Ltd
name_variant_between_exchanges,INE205F01016,Steel Strips Infrastructures Limited | Steel Strips Infrastructures Ltd
name_variant_between_exchanges,INE089C01029,Sterlite Technologies Limited | Sterlite Technologies Ltd
name_variant_between_exchanges,INE00IN01015,Stove Kraft Limited | Stove Kraft Ltd
name_variant_between_exchanges,INE00Q601028,Studds Accessories Limited | Studds Accessories Ltd
name_variant_between_exchanges,INE04VU01023,Seshaasai Technologies Limited | Seshaasai Technologies Ltd
name_variant_between_exchanges,INE239C01020,Stylam Industries Limited | Stylam Industries Ltd
name_variant_between_exchanges,INE01FR01028,Baazar Style Retail Limited | Baazar Style Retail Ltd
name_variant_between_exchanges,INE189B01011,Styrenix Performance Materials Limited | Styrenix Performance Materials Ltd
name_variant_between_exchanges,INE754A01055,Subex Limited | Subex Ltd
name_variant_between_exchanges,INE287B01021,Subros Limited | Subros Ltd
name_variant_between_exchanges,INE492A01029,Sudarshan Colorants India Limited | Sudarshan Colorants India Ltd
name_variant_between_exchanges,INE659A01023,Sudarshan Chemical Industries Limited | Sudarshan Chemical Industries Ltd
name_variant_between_exchanges,INE0QPI01025,Sudeep Pharma Limited | Sudeep Pharma Ltd
name_variant_between_exchanges,INE450E01029,Sukhjit Starch & Chemicals Limited | Sukhjit Starch & Chemicals Ltd
name_variant_between_exchanges,INE142Q01026,Sula Vineyards Limited | Sula Vineyards Ltd
name_variant_between_exchanges,INE886B01012,Sumedha Fiscal Services Limited | Sumedha Fiscal Services Ltd
name_variant_between_exchanges,INE235C01036,Sumeet Industries Limited | Sumeet Industries Ltd
name_variant_between_exchanges,INE258G01013,Sumitomo Chemical India Limited | Sumitomo Chemical India Ltd
name_variant_between_exchanges,INE519C01017,Summit Securities Limited | Summit Securities Ltd
name_variant_between_exchanges,INE0Q3R01026,Sundaram Clayton Limited | Sundaram-Clayton Ltd
name_variant_between_exchanges,INE108E01023,Sundaram Multi Pap Limited | Sundaram Multi Pap Ltd
name_variant_between_exchanges,INE660A01013,Sundaram Finance Limited | Sundaram Finance Ltd
name_variant_between_exchanges,INE073D01013,Sundaram Brake Linings Limited | Sundaram Brake Linings Ltd
name_variant_between_exchanges,INE387A01021,Sundram Fasteners Limited | Sundram Fasteners Ltd
name_variant_between_exchanges,INE209A01019,Sundrop Brands Limited | Sundrop Brands Ltd
name_variant_between_exchanges,INE947A01014,Sunflag Iron & Steel Company Ltd | Sunflag Iron And Steel Company Limited
name_variant_between_exchanges,INE671C01016,Sunil Healthcare Limited | Sunil Healthcare Ltd
name_variant_between_exchanges,INE044A01036,Sun Pharmaceutical Industries Limited | Sun Pharmaceutical Industries Ltd
name_variant_between_exchanges,INE671K01027,Sunrakshakk Industries India Limited | Sunrakshakk Industries India Ltd
name_variant_between_exchanges,INE199E01014,Sunshield Chemicals Limited | Sunshield Chemicals Ltd
name_variant_between_exchanges,INE1B3O01011,Sunshine Pictures Limited | Sunshine Pictures Ltd
name_variant_between_exchanges,INE805D01034,Sunteck Realty Limited | Sunteck Realty Ltd
name_variant_between_exchanges,INE424H01027,Sun TV Network Limited | Sun TV Network Ltd
name_variant_between_exchanges,INE712B01010,Superhouse Limited | Superhouse Ltd
name_variant_between_exchanges,INE662A01027,Super Spinning Mills Limited | Super Spinning Mills Ltd
name_variant_between_exchanges,INE399C01030,Suprajit Engineering Limited | Suprajit Engineering Ltd
name_variant_between_exchanges,INE822E01011,Supreme Holdings & Hospitality (India) Limited | Supreme Holdings & Hospitality (India) Ltd
name_variant_between_exchanges,INE195A01028,Supreme Industries Limited | Supreme Industries Ltd
name_variant_between_exchanges,INE550H01011,Supreme Infrastructure India Limited | Supreme Infrastructure India Ltd
name_variant_between_exchanges,INE07RO01027,Supriya Lifescience Limited | Supriya Lifescience Ltd
name_variant_between_exchanges,INE460D01038,Super Tannery Limited | Super Tannery Ltd
name_variant_between_exchanges,INE843S01025,Suraj Estate Developers Limited | Suraj Estate Developers Ltd
name_variant_between_exchanges,INE713C01016,Suraj Limited | Suraj Ltd
name_variant_between_exchanges,INE877V01027,Suraksha Diagnostic Limited | Suraksha Diagnostic Ltd
name_variant_between_exchanges,INE272L01022,Surana Solar Limited | Surana Solar Ltd
name_variant_between_exchanges,INE130B01031,Surana Telecom and Power Limited | Surana Telecom and Power Ltd
name_variant_between_exchanges,INE132C01027,Suryalata Spinning Mills Limited | Suryalata Spinning Mills Ltd
name_variant_between_exchanges,INE713B01026,Suryalakshmi Cotton Mills Limited | Suryalakshmi Cotton Mills Ltd
name_variant_between_exchanges,INE335A01020,Surya Roshni Limited | Surya Roshni Ltd
name_variant_between_exchanges,INE428Q01011,Suryoday Small Finance Bank Limited | Suryoday Small Finance Bank Ltd
name_variant_between_exchanges,INE645H01027,Sutlej Textiles and Industries Limited | Sutlej Textiles and Industries Ltd
name_variant_between_exchanges,INE495B01038,Suven Life Sciences Limited | Suven Life Sciences Ltd
name_variant_between_exchanges,INE018401013,Suvidhaa Infoserve Limited | Suvidhaa Infoserve Ltd
name_variant_between_exchanges,INE442P01014,Suyog Telematics Limited | Suyog Telematics Ltd
name_variant_between_exchanges,INE040H01021,Suzlon Energy Limited | Suzlon Energy Ltd
name_variant_between_exchanges,INE159L01013,S V Global Mill Limited | S V Global Mill Ltd
name_variant_between_exchanges,INE308E01029,SVP GLOBAL TEXTILES LIMITED | SVP Global Textiles Ltd
name_variant_between_exchanges,INE665A01038,SWAN CORP LIMITED | Swan Corp Ltd
name_variant_between_exchanges,INE542F01020,Swan Defence And Heavy Industries Ltd | Swan Defence and Heavy Industries Limited
name_variant_between_exchanges,INE0GMR01016,Swaraj Suiting Limited | Swaraj Suiting Ltd
name_variant_between_exchanges,INE277A01016,Swaraj Engines Limited | Swaraj Engines Ltd
name_variant_between_exchanges,INE967A01012,Swarnsarita Jewels India Limited | Swarnsarita Jewels India Ltd
name_variant_between_exchanges,INE409B01013,Swelect Energy Systems Limited | Swelect Energy Systems Ltd
name_variant_between_exchanges,INE00H001014,Swiggy Limited | Swiggy Ltd
name_variant_between_exchanges,INE010C01025,Swiss Military Consumer Goods Limited | Swiss Military Consumer Goods Ltd
name_variant_between_exchanges,INE00M201021,Sterling and Wilson Renewable Energy Limited | Sterling and Wilson Renewable Energy Ltd
name_variant_between_exchanges,INE899I01028,Symbiotec Pharmalab Limited | Symbiotec Pharmalab Ltd
name_variant_between_exchanges,INE225D01027,Symphony Limited | Symphony Ltd
name_variant_between_exchanges,INE312C01025,Syncom Formulations (India) Limited | Syncom Formulations India Ltd
name_variant_between_exchanges,INE398R01022,Syngene International Limited | Syngene International Ltd
name_variant_between_exchanges,INE0DYJ01015,Syrma SGS Technology Limited | Syrma SGS Technology Ltd
name_variant_between_exchanges,INE356B01024,Systematix Corporate Services Limited | Systematix Corporate Services Ltd
name_variant_between_exchanges,INE524T01011,TAAL Tech Ltd | Taal Tech Limited
name_variant_between_exchanges,INE123C01018,Tainwala Chemical and Plastic (I) Limited | Tainwala Chemicals and Plastics (India) Ltd
name_variant_between_exchanges,INE586B01026,Taj GVK Hotels & Resorts Limited | Taj Gvk Hotels & Resorts Ltd
name_variant_between_exchanges,INE142I01023,TAKE Limited | Take Ltd
name_variant_between_exchanges,INE187D01029,Talbros Automotive Components Limited | Talbros Automotive Components Ltd
name_variant_between_exchanges,INE864J01012,Tamboli Industries Limited | Tamboli Industries Ltd
name_variant_between_exchanges,INE692C01020,Taneja Aerospace & Aviation Limited | Taneja Aerospace & Aviation Ltd
name_variant_between_exchanges,INE483C01032,Tanla Platforms Limited | Tanla Platforms Ltd
name_variant_between_exchanges,INE747K01017,Tarapur Transformers Limited | Tarapur Transformers Ltd
name_variant_between_exchanges,INE0EK901012,TARC Limited | Tarc Ltd
name_variant_between_exchanges,INE763I01026,Transformers And Rectifiers (India) Limited | Transformers and Rectifiers (India) Ltd
name_variant_between_exchanges,INE924H01018,Tarmat Limited | Tarmat Ltd
name_variant_between_exchanges,INE144Z01023,Tarsons Products Limited | Tarsons Products Ltd
name_variant_between_exchanges,INE488B01017,Tasty Bite Eatables Limited | Tasty Bite Eatables Ltd
name_variant_between_exchanges,INE976I01016,Tata Capital Limited | Tata Capital Ltd
name_variant_between_exchanges,INE092A01019,Tata Chemicals Limited | Tata Chemicals Ltd
name_variant_between_exchanges,INE151A01013,Tata Communications Limited | Tata Communications Ltd
name_variant_between_exchanges,INE192A01025,TATA CONSUMER PRODUCTS LIMITED | Tata Consumer Products Ltd
name_variant_between_exchanges,INE670A01012,Tata Elxsi Limited | Tata Elxsi Ltd
name_variant_between_exchanges,INE672A01026,Tata Investment Corporation Limited | Tata Investment Corporation Ltd
name_variant_between_exchanges,INE245A01021,Tata Power Company Limited | Tata Power Company Ltd
name_variant_between_exchanges,INE081A01020,Tata Steel Limited | Tata Steel Ltd
name_variant_between_exchanges,INE142M01025,Tata Technologies Limited | Tata Technologies Ltd
name_variant_between_exchanges,INE0GK401011,Tatva Chintan Pharma Chem Limited | Tatva Chintan Pharma Chem Ltd
name_variant_between_exchanges,INE673O01025,TBO TEK Ltd | TBO Tek Limited
name_variant_between_exchanges,INE760L01018,Tribhovandas Bhimji Zaveri Limited | Tribhovandas Bhimji Zaveri Ltd
name_variant_between_exchanges,INE887D01024,TCC Concept Limited | TCC Concept Ltd
name_variant_between_exchanges,INE688A01022,Transport Corporation of India Limited | Transport Corporation of India Ltd
name_variant_between_exchanges,INE586V01016,TCI Express Limited | TCI Express Ltd
name_variant_between_exchanges,INE911B01018,TCI Finance Limited | TCI Finance Ltd
name_variant_between_exchanges,INE822C01015,TCPL Packaging Limited | TCPL Packaging Ltd
name_variant_between_exchanges,INE467B01029,Tata Consultancy Services Limited | Tata Consultancy Services Ltd
name_variant_between_exchanges,INE419M01035,TD Power Systems Limited | TD Power Systems Ltd
name_variant_between_exchanges,INE289C01025,Team India Guaranty Limited | Team India Guaranty Ltd
name_variant_between_exchanges,INE985S01024,TeamLease Services Ltd | Teamlease Services Limited
name_variant_between_exchanges,INE669C01036,Tech Mahindra Limited | Tech Mahindra Ltd
name_variant_between_exchanges,INE1D0W01018,Technocraft Ventures Limited | Technocraft Ventures Ltd
name_variant_between_exchanges,INE285K01026,Techno Electric & Engineering Company Limited | Techno Electric & Engineering Company Ltd
name_variant_between_exchanges,INE314H01012,TechNVision Ventures Limited | TechNVision Ventures Ltd
name_variant_between_exchanges,INE014B01011,TECIL Chemicals and Hydro Power Limited | Tecil Chemicals & Hydro Power Ltd
name_variant_between_exchanges,INE011K01018,Tega Industries Limited | Tega Industries Ltd
name_variant_between_exchanges,INE010J01012,Tejas Networks Limited | Tejas Networks Ltd
name_variant_between_exchanges,INE1KZI01025,Tempsens Instruments (India) Limited | Tempsens Instruments (India) Ltd
name_variant_between_exchanges,INE19RI01016,Tenneco Clean Air India Limited | Tenneco Clean Air India Ltd
name_variant_between_exchanges,INE390D01011,Terai Tea Company Limited | Terai Tea Company Ltd
name_variant_between_exchanges,INE482B01010,Tera Software Limited | Tera Software Ltd
name_variant_between_exchanges,INE435C01024,Texmaco Infrastructure & Holdings Limited | Texmaco Infrastructure & Holdings Ltd
name_variant_between_exchanges,INE141K01013,Texmo Pipes and Products Limited | Texmo Pipes and Products Ltd
name_variant_between_exchanges,INE621L01012,Texmaco Rail & Engineering Limited | Texmaco Rail & Engineering Ltd
name_variant_between_exchanges,INE305A01023,Tourism Finance Corporation of India Limited | Tourism Finance Corporation of India Ltd
name_variant_between_exchanges,INE804H01012,Transwarranty Finance Limited | Transwarranty Finance Ltd
name_variant_between_exchanges,INE797H01018,TGB Banquets And Hotels Limited | TGB Banquets and Hotels Ltd
name_variant_between_exchanges,INE284B01028,TGV Sraac Limited | TGV Sraac Ltd
name_variant_between_exchanges,INE077P01034,Thacker & Company Limited | Thacker & Company Ltd
name_variant_between_exchanges,INE403F01017,Thakkers Developers Limited | Thakkers Developers Ltd
name_variant_between_exchanges,INE085J01014,Thangamayil Jewellery Limited | Thangamayil Jewellery Ltd
name_variant_between_exchanges,INE924D01017,The Investment Trust Of India Limited | The Investment Trust Of India Ltd
name_variant_between_exchanges,INE0AQ201015,Leela Palaces Hotels & Resorts Limited | Leela Palaces Hotels & Resorts Ltd
name_variant_between_exchanges,INE083B01024,Themis Medicare Limited | Themis Medicare Ltd
name_variant_between_exchanges,INE152A01029,Thermax Limited | Thermax Ltd
name_variant_between_exchanges,INE332A01027,Thomas Cook  (India)  Limited | Thomas Cook (India) Ltd
name_variant_between_exchanges,INE480M01011,Thomas Scott (India) Limited | Thomas Scott (India) Ltd
name_variant_between_exchanges,INE594H01019,Thyrocare Technologies Limited | Thyrocare Technologies Ltd
name_variant_between_exchanges,INE133E01013,Tilaknagar Industries Limited | Tilaknagar Industries Ltd
name_variant_between_exchanges,INE388G01026,Twamev Construction And Infrastructure Ltd | Twamev Construction and Infrastructure Limited
name_variant_between_exchanges,INE906O01029,Tiger Logistics (India) Limited | Tiger Logistics (India) Ltd
name_variant_between_exchanges,INE545H01011,Technocraft Industries (India) Limited | Technocraft Industries (India) Ltd
name_variant_between_exchanges,INE974X01010,Tube Investments of India Limited | Tube Investments of India Ltd
name_variant_between_exchanges,INE440L01017,Tijaria Polypipes Limited | Tijaria Polypipes Ltd
name_variant_between_exchanges,INE806C01018,TIL Limited | TIL Ltd
name_variant_between_exchanges,INE508G01029,Time Technoplast Limited | Time Technoplast Ltd
name_variant_between_exchanges,INE064A01026,Timex Group India Limited | Timex Group India Ltd
name_variant_between_exchanges,INE325A01013,Timken India Limited | Timken India Ltd
name_variant_between_exchanges,INE015C01016,Tinna Rubber and Infrastructure Limited | Tinna Rubber and Infrastructure Ltd
name_variant_between_exchanges,INE0LQS01015,Tips Films Limited | Tips Films Ltd
name_variant_between_exchanges,INE716B01029,Tips Music Limited | Tips Music Ltd
name_variant_between_exchanges,INE338A01024,Thirumalai Chemicals Limited | Thirumalai Chemicals Ltd
name_variant_between_exchanges,INE615H01020,TITAGARH RAIL SYSTEMS LIMITED | Titagarh Rail Systems Ltd
name_variant_between_exchanges,INE280A01028,Titan Company Limited | Titan Company Ltd
name_variant_between_exchanges,INE668A01016,Tamilnad Mercantile Bank Limited | Tamilnad Mercantile Bank Ltd
name_variant_between_exchanges,INE1TAE01010,Tata Motors Limited | Tata Motors Ltd
name_variant_between_exchanges,INE155A01022,Tata Motors Passenger Vehicles Limited | Tata Motors Passenger Vehicles Ltd
name_variant_between_exchanges,INE148A01019,Tamilnadu PetroProducts Limited | Tamilnadu Petroproducts Ltd
name_variant_between_exchanges,INE107A01015,Tamil Nadu Newsprint & Papers Limited | Tamil Nadu Newsprint & Papers Ltd
name_variant_between_exchanges,INE141D01018,Tamilnadu Telecommunication Limited | Tamilnadu Telecommunications Ltd
name_variant_between_exchanges,INE932C01012,Tokyo Plast International Limited | Tokyo Plast International Ltd
name_variant_between_exchanges,INE0RWQ01014,Tolins Tyres Limited | Tolins Tyres Ltd
name_variant_between_exchanges,INE685A01028,Torrent Pharmaceuticals Limited | Torrent Pharmaceuticals Ltd
name_variant_between_exchanges,INE813H01021,Torrent Power Limited | Torrent Power Ltd
name_variant_between_exchanges,INE457P01020,Toyam Sports Limited | Toyam Sports Ltd
name_variant_between_exchanges,INE065J01024,Teamo Productions HQ Limited | Teamo Productions HQ Ltd
name_variant_between_exchanges,INE413G01022,TPL Plastech Limited | TPL Plastech Ltd
name_variant_between_exchanges,INE0HMF01019,Tracxn Technologies Limited | Tracxn Technologies Ltd
name_variant_between_exchanges,INE330E01023,Transcorp International Limited | Transcorp International Ltd
name_variant_between_exchanges,INE687A01016,Transpek Industry Limited | Transpek Industry Ltd
name_variant_between_exchanges,INE454P01035,Transrail Lighting Limited | Transrail Lighting Ltd
name_variant_between_exchanges,INE757B01015,TRANSWORLD SHIPPING LINES LIMITED | Transworld Shipping Lines Ltd
name_variant_between_exchanges,INE103V01028,Travel Food Services Limited | Travel Food Services Ltd
name_variant_between_exchanges,INE040M01013,Tree House Education & Accessories Limited | Tree House Education & Accessories Ltd
name_variant_between_exchanges,INE00CA01015,TREJHARA SOLUTIONS LIMITED | Trejhara Solutions Ltd
name_variant_between_exchanges,INE0O3901029,Transindia Real Estate Limited | Transindia Real Estate Ltd
name_variant_between_exchanges,INE849A01020,Trent Limited | Trent Ltd
name_variant_between_exchanges,INE391D01019,TRF Limited | TRF Ltd
name_variant_between_exchanges,INE064C01022,Trident Limited | Trident Ltd
name_variant_between_exchanges,INE948A01012,Trigyn Technologies Limited | Trigyn Technologies Ltd
name_variant_between_exchanges,INE440G01017,Triton Valves Limited | Triton Valves Ltd
name_variant_between_exchanges,INE152M01016,Triveni Turbine Limited | Triveni Turbine Ltd
name_variant_between_exchanges,INE256C01024,Triveni Engineering & Industries Limited | Triveni Engineering & Industries Ltd
name_variant_between_exchanges,INE615R01029,TruCap Finance Limited | TruCap Finance Ltd
name_variant_between_exchanges,INE0MWH01014,TruAlt Bioenergy Limited | Trualt Bioenergy Ltd
name_variant_between_exchanges,INE910C01018,TTK Healthcare Limited | TTK Healthcare Ltd
name_variant_between_exchanges,INE690A01028,TTK Prestige Limited | TTK Prestige Ltd
name_variant_between_exchanges,INE592B01024,T T Limited | T T Ltd
name_variant_between_exchanges,INE517B01013,Tata Teleservices (Maharashtra) Limited | Tata Teleservices (Maharashtra) Ltd
name_variant_between_exchanges,INE0OC301013,Turtlemint Fintech Solutions Limited | Turtlemint Fintech Solutions Ltd
name_variant_between_exchanges,INE400A01014,Tuticorin Alkali Chemicals & Fertilizers Limited | Tuticorin Alkali Chemicals And Fertilizers Ltd
name_variant_between_exchanges,INE236G01019,TVS Electronics Limited | TVS Electronics Ltd
name_variant_between_exchanges,INE105A01035,TVS Holdings Limited | TVS Holdings Ltd
name_variant_between_exchanges,INE494B01023,TVS Motor Company Limited | TVS Motor Company Ltd
name_variant_between_exchanges,INE395N01027,TVS Supply Chain Solutions Limited | TVS Supply Chain Solutions Ltd
name_variant_between_exchanges,INE421C01016,TVS Srichakra Limited | TVS Srichakra Ltd
name_variant_between_exchanges,INE038F01029,TV Today Network Limited | TV Today Network Ltd
name_variant_between_exchanges,INE871L01013,TV Vision Limited | TV Vision Ltd
name_variant_between_exchanges,INE686F01025,United Breweries Limited | United Breweries Ltd
name_variant_between_exchanges,INE139B01016,UCAL LIMITED | Ucal  Ltd
name_variant_between_exchanges,INE551B01012,Uday Jewellery Industries Limited | Uday Jewellery Industries Ltd
name_variant_between_exchanges,INE851I01011,Updater Services Limited | Updater Services Ltd
name_variant_between_exchanges,INE899L01030,Ujaas Energy Limited | Ujaas Energy Ltd
name_variant_between_exchanges,INE382M01027,United Foodbrands Limited | United Foodbrands Ltd
name_variant_between_exchanges,INE516A01017,UFLEX Limited | Uflex Ltd
name_variant_between_exchanges,INE527H01019,UFO Moviez India Limited | UFO Moviez India Ltd
name_variant_between_exchanges,INE071E01023,The Ugar Sugar Works Limited | Ugar Sugar Works Ltd
name_variant_between_exchanges,INE583D01011,Ugro Capital Limited | Ugro Capital Ltd
name_variant_between_exchanges,INE551W01018,Ujjivan Small Finance Bank Limited | Ujjivan Small Finance Bank Ltd
name_variant_between_exchanges,INE481G01011,UltraTech Cement Limited | UltraTech Cement Ltd
name_variant_between_exchanges,INE405A01021,Ultramarine & Pigments Limited | Ultramarine & Pigments Ltd
name_variant_between_exchanges,INE0GIU01018,Uma Exports Limited | Uma Exports Ltd
name_variant_between_exchanges,INE240C01028,Usha Martin Education & Solutions Limited | Usha Martin Education & Solutions Ltd
name_variant_between_exchanges,INE398B01018,UMIYA BUILDCON LIMITED | Umiya Buildcon Ltd
name_variant_between_exchanges,INE351A01035,Unichem Laboratories Limited | Unichem Laboratories Ltd
name_variant_between_exchanges,INE961D01019,United Drilling Tools Limited | United Drilling Tools Ltd
name_variant_between_exchanges,INE00U401027,Unicommerce Esolutions Limited | Unicommerce Esolutions Ltd
name_variant_between_exchanges,INE037A01022,Uniphos Enterprises Limited | Uniphos Enterprises Ltd
name_variant_between_exchanges,INE0U3I01011,Unimech Aerospace and Manufacturing Limited | Unimech Aerospace and Manufacturing Ltd
name_variant_between_exchanges,INE244O01017,Uniparts India Limited | Uniparts India Ltd
name_variant_between_exchanges,INE854D01024,United Spirits Limited | United Spirits Ltd
name_variant_between_exchanges,INE694A01020,Unitech Limited | Unitech Ltd
name_variant_between_exchanges,INE368U01029,United Polyfab Gujarat Limited | United Polyfab Gujarat Ltd
name_variant_between_exchanges,INE279A01012,Universal Cables Limited | Universal Cables Ltd
name_variant_between_exchanges,INE03V001013,Universus Photo Imagings Limited | Universus Photo Imagings Ltd
name_variant_between_exchanges,INE405E01023,UNO Minda Limited | UNO Minda Ltd
name_variant_between_exchanges,INE726E01014,U P Hotels Limited | UP Hotels Ltd
name_variant_between_exchanges,INE628A01036,UPL Limited | UPL Ltd
name_variant_between_exchanges,INE568Z01015,Uravi Defence and Technology Limited | Uravi Defence and Technology Ltd
name_variant_between_exchanges,INE0CAZ01013,Urban Company Limited | Urban Company Ltd
name_variant_between_exchanges,INE550C01020,Urja Global Limited | Urja Global Ltd
name_variant_between_exchanges,INE228A01035,Usha Martin Limited | Usha Martin Ltd
name_variant_between_exchanges,INE0N0Y01013,Udayshivakumar Infra Limited | Udayshivakumar Infra Ltd
name_variant_between_exchanges,INE094J01016,UTI Asset Management Company Limited | UTI Asset Management Company Ltd
name_variant_between_exchanges,INE735W01017,Utkarsh Small Finance Bank Limited | Utkarsh Small Finance Bank Ltd
name_variant_between_exchanges,INE12UR01024,Fujiyama Power Systems Limited | Fujiyama Power Systems Ltd
name_variant_between_exchanges,INE786F01031,Uttam Sugar Mills Limited | Uttam Sugar Mills Ltd
name_variant_between_exchanges,INE152C01025,U. Y. Fincorp Limited | U. Y. Fincorp Ltd
name_variant_between_exchanges,INE945H01021,V2 Retail Limited | V2 Retail Ltd
name_variant_between_exchanges,INE694D01016,Vadilal Industries Limited | Vadilal Industries Ltd
name_variant_between_exchanges,INE693D01018,Vadilal Enterprises Limited | Vadilal Enterprises Ltd
name_variant_between_exchanges,INE884A01027,Vaibhav Global Limited | Vaibhav Global Ltd
name_variant_between_exchanges,INE051B01021,Vakrangee Limited | Vakrangee Ltd
name_variant_between_exchanges,INE0JWS01017,Valiant Laboratories Limited | Valiant Laboratories Ltd
name_variant_between_exchanges,INE565V01010,Valiant Organics Limited | Valiant Organics Ltd
name_variant_between_exchanges,INE1CDF01017,Vedanta Aluminium Metal Limited | Vedanta Aluminium Metal Ltd
name_variant_between_exchanges,INE835A01029,Vardhman Polytex Limited | Vardhman Polytex Ltd
name_variant_between_exchanges,INE665L01035,Varroc Engineering Limited | Varroc Engineering Ltd
name_variant_between_exchanges,INE893I01013,Vascon Engineers Limited | Vascon Engineers Ltd
name_variant_between_exchanges,INE574G01013,Shri Vasuprada Plantations Limited | Shri Vasuprada Plantations Ltd
name_variant_between_exchanges,INE590L01019,Vaswani Industries Limited | Vaswani Industries Ltd
name_variant_between_exchanges,INE200M01039,Varun Beverages Limited | Varun Beverages Ltd
name_variant_between_exchanges,INE359B01010,VEDAVAAG Systems Limited | VEDAVAAG Systems Ltd
name_variant_between_exchanges,INE205A01025,Vedanta Limited | Vedanta Ltd
name_variant_between_exchanges,INE694L01019,Vedanta Power Limited | Vedanta Power Ltd
name_variant_between_exchanges,INE484C01030,Veedol Corporation Limited | Veedol Corporation Ltd
name_variant_between_exchanges,INE232E01013,Veljan Denison Limited | Veljan Denison Ltd
name_variant_between_exchanges,INE398A01010,Venky's (India) Limited | Venkys (India) Ltd
name_variant_between_exchanges,INE781S01027,Ventive Hospitality Limited | Ventive Hospitality Ltd
name_variant_between_exchanges,INE0JA001018,Venus Pipes & Tubes Limited | Venus Pipes & Tubes Ltd
name_variant_between_exchanges,INE411B01019,Venus Remedies Limited | Venus Remedies Ltd
name_variant_between_exchanges,INE0IQ001011,Veranda Learning Solutions Limited | Veranda Learning Solutions Ltd
name_variant_between_exchanges,INE386A01023,Vesuvius India Limited | Vesuvius India Ltd
name_variant_between_exchanges,INE918N01018,Veto Switchgears And Cables Limited | Veto Switchgears and Cables Ltd
name_variant_between_exchanges,INE761Q01015,Vibrant Global Capital Limited | Vibrant Global Capital Ltd
name_variant_between_exchanges,INE273D01027,VARVEE GLOBAL LIMITED | Varvee Global Ltd
name_variant_between_exchanges,INE951I01027,V-Guard Industries Limited | V-Guard Industries Ltd
name_variant_between_exchanges,INE701A01023,Vardhman Holdings Limited | Vardhman Holdings Ltd
name_variant_between_exchanges,INE048C01025,Viceroy Hotels Limited | Viceroy Hotels Ltd
name_variant_between_exchanges,INE632C01026,Vidhi Specialty Food Ingredients Limited | Vidhi Specialty Food Ingredients Ltd
name_variant_between_exchanges,INE14UN01029,Vidya Wires Limited | Vidya Wires Ltd
name_variant_between_exchanges,INE043W01024,Vijaya Diagnostic Centre Limited | Vijaya Diagnostic Centre Ltd
name_variant_between_exchanges,INE159N01027,Viji Finance Limited | Viji Finance Ltd
name_variant_between_exchanges,INE362D01010,Vijay Solvex Limited | Vijay Solvex Ltd
name_variant_between_exchanges,INE806A01020,Vikas EcoTech Limited | Vikas EcoTech Ltd
name_variant_between_exchanges,INE161L01027,Vikas Lifecare Limited | Vikas Lifecare Ltd
name_variant_between_exchanges,INE078V01014,Vikram Solar Limited | Vikram Solar Ltd
name_variant_between_exchanges,INE01R501028,Vikran Engineering Limited | Vikran Engineering Ltd
name_variant_between_exchanges,INE579C01029,Vimta Labs Limited | Vimta Labs Ltd
name_variant_between_exchanges,INE410B01037,Vinati Organics Limited | Vinati Organics Ltd
name_variant_between_exchanges,INE498Q01014,Vintage Coffee And Beverages Limited | Vintage Coffee And Beverages Ltd
name_variant_between_exchanges,INE707A01012,Vindhya Telelinks Limited | Vindhya Telelinks Ltd
name_variant_between_exchanges,INE505Y01010,Vineet Laboratories Limited | Vineet Laboratories Ltd
name_variant_between_exchanges,INE01KI01027,Vinny Overseas Limited | Vinny Overseas Ltd
name_variant_between_exchanges,INE250B01029,Vinyl Chemicals (India) Limited | Vinyl Chemicals (India) Ltd
name_variant_between_exchanges,INE450G01024,VIP Clothing Limited | VIP Clothing Ltd
name_variant_between_exchanges,INE054A01027,VIP Industries Limited | VIP Industries Ltd
name_variant_between_exchanges,INE946H01037,Vipul Limited | Vipul Ltd
name_variant_between_exchanges,INE467D01017,Virat Industries Limited | Virat Industries Ltd
name_variant_between_exchanges,INE539B01017,Virinchi Limited | Virinchi Ltd
name_variant_between_exchanges,INE247C01023,Virtual Global Education Limited | Virtual Global Education Ltd
name_variant_between_exchanges,INE286H01012,VISA Chrome Limited | VISA Chrome Ltd
name_variant_between_exchanges,INE392A01021,Visaka Industries Limited | Visaka Industries Ltd
name_variant_between_exchanges,INE755Q01025,Vishal Fabrics Limited | Vishal Fabrics Ltd
name_variant_between_exchanges,INE270I01022,Vishnu Chemicals Limited | Vishnu Chemicals Ltd
name_variant_between_exchanges,INE430N01022,Vishwaraj Sugar Industries Limited | Vishwaraj Sugar Industries Ltd
name_variant_between_exchanges,INE1CLE01013,Vedanta Iron And Steel Ltd | Vedanta Iron and Steel Limited
name_variant_between_exchanges,INE370E01029,Visagar Polytex Limited | Visagar Polytex Ltd
name_variant_between_exchanges,INE526G01021,Vivimed Labs Limited | Vivimed Labs Ltd
name_variant_between_exchanges,INE380K01017,Vivo Bio Tech Limited | Vivo Bio Tech Ltd
name_variant_between_exchanges,INE807F01027,Viyash Scientific Limited | Viyash Scientific Ltd
name_variant_between_exchanges,INE03HW01020,VL E-Governance & IT Solutions Limited | VL E-Governance & IT Solutions Ltd
name_variant_between_exchanges,INE709A01018,VLS Finance Limited | VLS Finance Ltd
name_variant_between_exchanges,INE665J01013,V-Mart Retail Limited | V-Mart Retail Ltd
name_variant_between_exchanges,INE01EA01019,Vishal Mega Mart Limited | Vishal Mega Mart Ltd
name_variant_between_exchanges,INE0SJA01013,VMS TMT Limited | VMS TMT Ltd
name_variant_between_exchanges,INE0I0T01010,Virtuoso Optoelectronics Limited | Virtuoso Optoelectronics Ltd
name_variant_between_exchanges,INE704J01044,Vedanta Oil and Gas Limited | Vedanta Oil and Gas Ltd
name_variant_between_exchanges,INE285C01015,Voith Paper Fabrics India Limited | Voith Paper Fabrics India Ltd
name_variant_between_exchanges,INE540H01012,Voltamp Transformers Limited | Voltamp Transformers Ltd
name_variant_between_exchanges,INE226A01021,Voltas Limited | Voltas Ltd
name_variant_between_exchanges,INE0AE001013,Vishnu Prakash R Punglia Limited | Vishnu Prakash R Punglia Ltd
name_variant_between_exchanges,INE0S2V01010,Vraj Iron And Steel Ltd | Vraj Iron and Steel Limited
name_variant_between_exchanges,INE366I01010,VRL Logistics Limited | VRL Logistics Ltd
name_variant_between_exchanges,INE050M01012,Vardhman Special Steels Limited | Vardhman Special Steels Ltd
name_variant_between_exchanges,INE710A01016,VST Industries Limited | VST Industries Ltd
name_variant_between_exchanges,INE0QTF01015,Vibhor Steel Tubes Limited | Vibhor Steel Tubes Ltd
name_variant_between_exchanges,INE764D01017,V.S.T Tillers Tractors Limited | VST Tillers Tractors Ltd
name_variant_between_exchanges,INE825A01020,Vardhman Textiles Limited | Vardhman Textiles Ltd
name_variant_between_exchanges,INE222F01029,VTM Limited | VTM Ltd
name_variant_between_exchanges,INE377N01017,Waaree Energies Limited | Waaree Energies Ltd
name_variant_between_exchanges,INE866K01023,Indosolar Limited | Indosolar Ltd
name_variant_between_exchanges,INE299N01021,Waaree Renewable Technologies Limited | Waaree Renewable Technologies Ltd
name_variant_between_exchanges,INE956G01038,VA Tech Wabag Limited | VA Tech Wabag Ltd
name_variant_between_exchanges,INE0E7301029,Wakefit Innovations Limited | Wakefit Innovations Ltd
name_variant_between_exchanges,INE711A01022,Walchandnagar Industries Limited | Walchandnagar Industries Ltd
name_variant_between_exchanges,INE107F01022,Wanbury Limited | Wanbury Ltd
name_variant_between_exchanges,INE945P01024,Wardwizard Innovations & Mobility Limited | Wardwizard Innovations & Mobility Ltd
name_variant_between_exchanges,INE054C01015,Waterbase Limited | Waterbase Ltd
name_variant_between_exchanges,INE0CJF01024,Western Carriers (India) Limited | Western Carriers (India) Ltd
name_variant_between_exchanges,INE658T01017,Wealth First Portfolio Managers Limited | Wealth First Portfolio Managers Ltd
name_variant_between_exchanges,INE855C01023,Websol Energy System Limited | Websol Energy System Ltd
name_variant_between_exchanges,INE080A01014,Weizmann Limited | Weizmann Ltd
name_variant_between_exchanges,INE02WG01024,Wonder Electricals Limited | Wonder Electricals Ltd
name_variant_between_exchanges,INE191B01025,Welspun Corp Limited | Welspun Corp Ltd
name_variant_between_exchanges,INE625G01013,Welspun Enterprises Limited | Welspun Enterprises Ltd
name_variant_between_exchanges,INE389K01018,Welspun Investments and Commercials Limited | Welspun Investments and Commercials Ltd
name_variant_between_exchanges,INE731F01037,Welspun Specialty Solutions Limited | Welspun Specialty Solutions Ltd
name_variant_between_exchanges,INE192B01031,Welspun Living Limited | Welspun Living Ltd
name_variant_between_exchanges,INE274C01019,Wendt (India) Limited | Wendt (India) Ltd
name_variant_between_exchanges,INE274F01020,WESTLIFE FOODWORLD LIMITED | Westlife Foodworld Ltd
name_variant_between_exchanges,INE082W01014,WE WIN LIMITED | We Win Ltd
name_variant_between_exchanges,INE085001019,WeWork India Management Limited | WeWork India Management Ltd
name_variant_between_exchanges,INE855A01019,WH Brady & Company Limited | WH Brady & Company Ltd
name_variant_between_exchanges,INE715A01015,Wheels India Limited | Wheels India Ltd
name_variant_between_exchanges,INE716A01013,Whirlpool of India Limited | Whirlpool of India Ltd
name_variant_between_exchanges,INE210A01017,Williamson Magor & Company Limited | Williamson Magor & Company Ltd
name_variant_between_exchanges,INE0H5O01029,Windlas Biotech Limited | Windlas Biotech Ltd
name_variant_between_exchanges,INE052A01021,Windsor Machines Limited | Windsor Machines Ltd
name_variant_between_exchanges,INE075A01022,Wipro Limited | Wipro Ltd
name_variant_between_exchanges,INE049B01025,Wockhardt Limited | Wockhardt Ltd
name_variant_between_exchanges,INE066O01014,Wonderla Holidays Limited | Wonderla Holidays Ltd
name_variant_between_exchanges,INE196Y01018,Worth Peripherals Limited | Worth Peripherals Ltd
name_variant_between_exchanges,INE765D01022,WPIL Limited | WPIL Ltd
name_variant_between_exchanges,INE100D01014,W S Industries (I) Limited | W. S. Industries (India) Ltd
name_variant_between_exchanges,INE976A01021,West Coast Paper Mills Limited | West Coast Paper Mills Ltd
name_variant_between_exchanges,INE692G01013,Xchanging Solutions Limited | Xchanging Solutions Ltd
name_variant_between_exchanges,INE01P501012,Xelpmoc Design And Tech Limited | Xelpmoc Design and Tech Ltd
name_variant_between_exchanges,INE445C01015,Xpro India Limited | Xpro India Ltd
name_variant_between_exchanges,INE547B01028,Xtglobal Infotech Limited | Xtglobal Infotech Ltd
name_variant_between_exchanges,INE0NG701011,Xtranet Technologies Limited | Xtranet Technologies Ltd
name_variant_between_exchanges,INE616Z01012,Yasho Industries Limited | Yasho Industries Ltd
name_variant_between_exchanges,INE0JO301016,Yatharth Hospital & Trauma Care Services Limited | Yatharth Hospital & Trauma Care Services Ltd
name_variant_between_exchanges,INE0JR601024,Yatra Online Limited | Yatra Online Ltd
name_variant_between_exchanges,INE528G01035,Yes Bank Limited | Yes Bank Ltd
name_variant_between_exchanges,INE290E01011,YOGI Ltd | Yogi Limited
name_variant_between_exchanges,INE384C01016,Yuken India Limited | Yuken India Ltd
name_variant_between_exchanges,INE07K301024,Zaggle Prepaid Ocean Services Limited | Zaggle Prepaid Ocean Services Ltd
name_variant_between_exchanges,INE256A01028,Zee Entertainment Enterprises Limited | Zee Entertainment Enterprises Ltd
name_variant_between_exchanges,INE565L01011,Zee Learn Limited | Zee Learn Ltd
name_variant_between_exchanges,INE966H01019,Zee Media Corporation Limited | Zee Media Corporation Ltd
name_variant_between_exchanges,INE058B01018,Zenith Exports Limited | Zenith Exports Ltd
name_variant_between_exchanges,INE318D01020,Zenith Steel Pipes & Industries Limited | Zenith Steel Pipes & Industries Ltd
name_variant_between_exchanges,INE520A01027,Zensar Technologies Limited | Zensar Technologies Ltd
name_variant_between_exchanges,INE251B01027,ZEN Technologies Ltd | Zen Technologies Limited
name_variant_between_exchanges,INE342J01019,ZF Commercial Vehicle Control Systems India Limited | ZF Commercial Vehicle Control Systems India Ltd
name_variant_between_exchanges,INE116C01012,ZF Steering Gear (India) Limited | ZF Steering Gear India Ltd
name_variant_between_exchanges,INE518E01015,Zim Laboratories Limited | Zim Laboratories Ltd
name_variant_between_exchanges,INE761Y01019,Zodiac Energy Limited | Zodiac Energy Ltd
name_variant_between_exchanges,INE206B01013,Zodiac Clothing Company Limited | Zodiac Clothing Company Ltd
name_variant_between_exchanges,INE967G01019,Saraswati Commercial India Limited | Saraswati Commercial India Ltd
name_variant_between_exchanges,INE840M01016,Zuari Agro Chemicals Limited | Zuari Agro Chemicals Ltd
name_variant_between_exchanges,INE217A01012,ZUARI INDUSTRIES LIMITED | Zuari Industries Ltd
name_variant_between_exchanges,INE010B01027,Zydus Lifesciences Limited | Zydus Lifesciences Ltd
name_variant_between_exchanges,INE768C01028,Zydus Wellness Limited | Zydus Wellness Ltd
name_variant_between_exchanges,INF204KB14I2,NIPINDETFNIFTYBEES | Nippon India ETF Nifty 50 BeES
name_variant_between_exchanges,INF732E01045,NIP IND ETF JUNIOR BEES | Nippon India ETF Nifty Next 50 Junior BeES
name_variant_between_exchanges,INF732E01037,NIPINDETFLIQUIDBEES | Nippon India ETF Nifty 1D Rate Liquid BeES
name_variant_between_exchanges,INF204KB15I9,NIPINDETFBANKBEES | Nippon India ETF Nifty Bank BeES
name_variant_between_exchanges,INF204KB17I5,NIPINDETFGOLDBEES | NIPPON INDIA ETF GOLD BEES
name_variant_between_exchanges,INF789F1AUX7,UTI Mutual Fund - UTI Gold Exchange Traded Fund | UTIAMC -UTIGOLDBETA
name_variant_between_exchanges,INF174KA1HJ8,Kotak Mahindra Mutual Fund - Kotak Gold Exchange Traded Fund | KotakMutualFund-Gold
name_variant_between_exchanges,INF204KB16I7,NIPINDETFPSUBANKBEES | Nippon India ETF Nifty PSU Bank BeES
name_variant_between_exchanges,INF174KA1A86,Kotak Nifty PSU Bank ETF | KotakMahindraMutualFun
name_variant_between_exchanges,INF082J01499,Quantum Nifty 50 ETF | QuantumNiftyETF
name_variant_between_exchanges,INF732E01128,NIPINDETFSHARIAHBEES | Nippon India ETF Nifty 50 Shariah BeES
name_variant_between_exchanges,INF200KA16D8,SBI Mutual Fund - SBI Gold Exchange Traded Scheme - Growth Option | SBI-ETFGold
name_variant_between_exchanges,INF174K014P6,Kotak Nifty 50 ETF | KotakNiftyETF
name_variant_between_exchanges,INF204KB19I1,NIPINDETFHANGSENGBEES | NIPPON INDIA ETF HANG SENG BEES
name_variant_between_exchanges,INF205KA1BP1,Invesco India Gold Exchange Traded Fund | InvescoIndiaGoldETF
name_variant_between_exchanges,INF247L01536,Motilal Oswal Nifty 50 ETF | MotilalOswalM50ETF
name_variant_between_exchanges,INF179KC1981,HDFC Gold ETF | HDFCGoldETF
name_variant_between_exchanges,INF109KC1NT3,ICICI Prudential Gold ETF | ICICIPrudGoldETF
name_variant_between_exchanges,INF732E01268,NIPINDETFINFRABEES | Nippon India ETF Nifty Infrastructure BeES
name_variant_between_exchanges,INF846K01W80,AXISAMC-GOLDAXIS | Axis Mutual Fund - Axis Gold Exchange Traded Fund
name_variant_between_exchanges,INF247L01023,Motilal Oswal Nifty Midcap 100 ETF | MotilalOsMidcap100ETF
name_variant_between_exchanges,INF247L01AP3,Motilal Oswal NASDAQ 100 ETF | MotilalOsNASDAQ100ETF
name_variant_between_exchanges,INF209KB18D3,ABSLGoldETF-GO | Birla Sun Life Mutual Fund - Birla Sun Life Gold ETF
name_variant_between_exchanges,INF209KB19D1,ABSLNiftyETF-GO | Aditya Birla Sun Life Nifty 50 ETF
name_variant_between_exchanges,INF767K01SM1,LIC MF Gold ETF | LICMF LICGoldETF
name_variant_between_exchanges,INF109K012R6,ICICI Prudential Nifty 50 ETF | ICICIPruNiftyETF
name_variant_between_exchanges,INF204K014N5,NIPINDETFNIFTY100 | NIPPON INDIA ETF NIFTY 100
name_variant_between_exchanges,INF109KC16V9,ICICI Prudential Nifty 100 ETF | ICICIPruNifty100ETF
name_variant_between_exchanges,INF457M01133,CPSE ETF | CPSEETF
name_variant_between_exchanges,INF346A01034,ICICI Prudential BSE Sensex ETF | ICICIPruSensexETF
name_variant_between_exchanges,INF174KA1ZB7,KOTAKMAMC-KOTAKBKETF | Kotak Nifty Bank ETF
name_variant_between_exchanges,INF200KA1580,SBI-ETF NIFTY BANK | SBI-ETFNiftyBank
name_variant_between_exchanges,INF200KA1FS1,SBI-ETF NIFTY 50 | SBI-ETFNifty50
name_variant_between_exchanges,INF789F1AZC0,UTI NIFTY 50 ETF | UTIAMC-NIFTYBETA
name_variant_between_exchanges,INF789FB1X58,UTI BSE SENSEX ETF | UTIAMC-SENSEXBETA
name_variant_between_exchanges,INF767K01OS7,LIC MF EXCHANGE TRADED FUND- NIFTY 50 | LICNAMC-LICNFENGP
name_variant_between_exchanges,INF767K01OT5,LIC MF EXCHANGE TRADED FUND- SENSEX | LICNAMC-LICNFESGP
name_variant_between_exchanges,INF179KC1965,HDFC NIFTY 50 ETF | HDFCAMC-HDFCNIFTY
name_variant_between_exchanges,INF179KC1HX2,HDFC BSE SENSEX ETF | HDFCAMC-HDFCSENSEX
name_variant_between_exchanges,INF767K01PC8,LIC MF Exchange Traded Fund- NIFTY 100 | LICNAMC-LICNFNHGP
name_variant_between_exchanges,INF109KC11V0,ICICI Prudential Nifty50 Value 20 ETF | ICICIPruNV20ETF
name_variant_between_exchanges,INF109KC10W0,ICICI Prudential BSE Midcap Select ETF | ICICIPruMidcapSelETF
name_variant_between_exchanges,INF204KB1882,NIPINDETFLONGTERMGILT | Nippon India ETF Nifty 8 13 yr G Sec LongTerm Gilt
name_variant_between_exchanges,INF109KC19U5,ICICI Prudential Nifty 100 Low Volatility 30 ETF | ICICIPruNiftyLowvol30
name_variant_between_exchanges,INF789F1AUW9,UTI Nifty Next 50 ETF | UTIAMC -NEXT50BETA
name_variant_between_exchanges,INF109KB15Y7,BHARAT 22 ETF - ICICI Prudential AMC | ICICIPRAMC-BHARATIWIN
name_variant_between_exchanges,INF740KA1EU7,DSP NIFTY 1D Rate Liquid ETF | DSPAMC-LIQUIDETF
name_variant_between_exchanges,INF109KC1V59,ICICI Prudential BSE 500 ETF | ICICIPRAMC-ICICI500
name_variant_between_exchanges,INF109KC1NS5,ICICI Prudential Nifty Next 50 ETF | ICICIPRAMC-ICICINXT50
name_variant_between_exchanges,INF109KC1KT9,ICICI Prudential BSE Liquid Rate ETF - IDCW | ICICIPRAMC-ICICILIQ
name_variant_between_exchanges,INF769K01EG9,MIRAE ASSET NIFTY 50 ETF (MAN50ETF) | MIRAEAMC-MAN50ETF
name_variant_between_exchanges,INF209KB16D7,Aditya Birla Sun Life Nifty Next 50 ETF | BIRLASLAMC-ABSLNN50ET
name_variant_between_exchanges,INF277K015R5,TATAAML-NETF | Tata Nifty 50 Exchange Traded Fund
name_variant_between_exchanges,INF204KB1V68,NIPINDETFMIDCAP150 | Nippon India ETF Nifty Midcap 150
name_variant_between_exchanges,INF789F1AUU3,UTI BSE Sensex Next 50 ETF | UTIAMC-SNXT50BETA
name_variant_between_exchanges,INF109KC15I8,ICICI Prudential Nifty Bank ETF | ICICIPRAMC-IPRU5008
name_variant_between_exchanges,INF109KC18U7,ICICI Prudential Nifty Private Bank ETF | ICICIPRAMC-ICICIBANKP
name_variant_between_exchanges,INF209KB17D5,Aditya Birla Sun Life Nifty Bank ETF | BIRLASLAMC-ABSLBANETF
name_variant_between_exchanges,INF754K01KO2,Bharat Bond ETF - April 2030 | EDELAMC-EBBETF0430
name_variant_between_exchanges,INF109KC11W8,ICICI Prudential Nifty Midcap 150 ETF | ICICIPRAMC-ICICIM150
name_variant_between_exchanges,INF769K01FN2,MIRAEAMC-MANXT50 | Mirae Asset Nifty Next 50 ETF (MANXT50ETF)
name_variant_between_exchanges,INF204KB15V2,NIPINDETFIT | Nippon India ETF Nifty IT
name_variant_between_exchanges,INF754K01LE1,BHARAT BOND ETF APRIL 2031 | EDELAMC-EBBETF0431
name_variant_between_exchanges,INF109KC17V7,ICICI Prudential Nifty Alpha Low- Volatility 30 ETF | ICICIPRAMC-ICICIALPLV
name_variant_between_exchanges,INF109KC16I6,ICICI Prudential Nifty IT ETF | ICICIPRAMC-ICICITECH
name_variant_between_exchanges,INF179KC1HY0,HDFC Nifty Banking ETF | HDFCAMC-HDFCNIFBAN
name_variant_between_exchanges,INF789F1AUV1,UTI NIFTY BANK ETF | UTIAMC-BANKBETA
name_variant_between_exchanges,INF769K01GS9,MIRAEAMC-MAESGETF | Mirae Asset Nifty 100 ESG Sector Leaders ETF
name_variant_between_exchanges,INF247L01AK4,MOTILALAMC-G5 | Motilal Oswal Nifty 5 yr Benchmark G Sec ETF
name_variant_between_exchanges,INF846K01Y96,AXISAMC-ITAXIS | Axis NIFTY IT ETF
name_variant_between_exchanges,INF769K01HF4,MIRAEAMC-MAFANG | Mirae Asset NYSE FANG+ ETF
name_variant_between_exchanges,INF846K01Z12,AXISAMC-HEALTHAXIS | Axis NIFTY Healthcare ETF
name_variant_between_exchanges,INF109KC1Q72,ICICI Prudential Nifty Healthcare ETF | ICICIPRAMC-ICICIPHARM
name_variant_between_exchanges,INF204KC1089,NIPPONAMC-NETFPHARMA | Nippon India Nifty Pharma ETF
name_variant_between_exchanges,INF769K01HI8,MIRAEAMC-MAFSETF | Mirae Asset Nifty Financial Services ETF
name_variant_between_exchanges,INF109KC19V3,ICICI Prudential Nifty FMCG ETF | ICICIPRAMC-ICICIFMCG
name_variant_between_exchanges,INF846K016C7,AXISAMC-CONSUMAXIS | Axis NIFTY India Consumption ETF
name_variant_between_exchanges,INF769K01HP3,MIRAEAMC-MASPTOP50 | Mirae Asset S&P 500 Top 50 ETF
name_variant_between_exchanges,INF209KB10E8,Aditya Birla Sun Life BSE Sensex ETF | BIRLASLAMC-BSLSENETFG
name_variant_between_exchanges,INF209KB10C2,Aditya Birla Sun Life Nifty Healthcare ETF | BIRLASLAMC-HEALTHY
name_variant_between_exchanges,INF109KC1V42,ICICI Prudential Nifty India Consumption ETF | ICICIPRAMC-ICICICONSU
name_variant_between_exchanges,INF209KB11D8,Aditya Birla Sunlife Nifty IT ETF | BIRLASLAMC-TECH
name_variant_between_exchanges,INF740KA1QK2,DSP Nifty 50 Equal Weight ETF | DSPAMC-DSPNEWETF
name_variant_between_exchanges,INF769K01HS7,MIRAEAMC-MAHKTECH | Mirae Asset Hang Seng TECH ETF
name_variant_between_exchanges,INF754K01OB1,Bharat Bond ETF - April 2032 | EDELAMC-BBETF0432
name_variant_between_exchanges,INF174KA1IA5,KOTAKMAMC-KOTAKALPHA | Kotak Nifty Alpha 50 ETF
name_variant_between_exchanges,INF247L01AU3,MOTILALAMC-MONQ50 | Motilal Oswal Nasdaq Q 50 ETF
name_variant_between_exchanges,INF740KA1CL0,DSP Nifty 50 ETF | DSPAMC - DSPNIFTY
name_variant_between_exchanges,INF740KA1ZF3,DSP Nifty Midcap 150 Quality 50 ETF | DSPAMC-DSPQ50ETF
name_variant_between_exchanges,INF109KC10V2,ICICI Prudential Nifty Auto ETF | ICICIPRAMC-ICICIAUTO
name_variant_between_exchanges,INF109KC1Y56,ICICI Prudential Silver ETF | ICICIPRAMC-ICICISILVE
name_variant_between_exchanges,INF769K01IB1,MIRAEAMC-MAMFGETF | Mirae Asset Nifty India Manufacturing ETF
name_variant_between_exchanges,INF209KB19F6,Aditya Birla Sun Life Silver ETF | BIRLASLAMC-SILVER
name_variant_between_exchanges,INF204KC1402,NIPPONAMC-SILVERBEES | Nippon-India-Silver-ETF
name_variant_between_exchanges,INF247L01BK2,MOTILALAMC-MOMOMENTUM | Motilal Oswal Nifty 200 Momentum 30 ETF
name_variant_between_exchanges,INF109KC14A8,ICICI Prudential Nifty 5 yr Benchmark G-SEC ETF | ICICIPRAMC-ICICI5GSEC
name_variant_between_exchanges,INF769K01IC9,MIRAEAMC-MAM150ETF | Mirae Asset Nifty Midcap 150 ETF
name_variant_between_exchanges,INF247L01BL0,MOTILALAMC-MOLOWVOL | Motilal Oswal BSE Low Volatility ETF
name_variant_between_exchanges,INF247L01BB1,MOTILALAMC-MOHEALTH | Motilal Oswal BSE Healthcare ETF
name_variant_between_exchanges,INF109KC17C7,ICICI Prudential Nifty 200 Momentum 30 ETF | ICICIPRAMC-ICICIMOM30
name_variant_between_exchanges,INF179KC1HS2,HDFC Mutual Fund | HDFCAMC-HDFCNEXT50
name_variant_between_exchanges,INF179KC1HR4,HDFC NIFTY 100 ETF | HDFCAMC-HDFCNIF100
name_variant_between_exchanges,INF209KB14K7,Aditya Birla Sun Life Nifty 200 Momentum 30 ETF | BIRLASLAMC-MOMENTUM
name_variant_between_exchanges,INF209KB15K4,Aditya Birla Sun Life Nifty 200 Quality 30 ETF | BIRLASLAMC-NIFTYQLITY
name_variant_between_exchanges,INF109KC16E5,ICICI Prudential Nifty Infrastructure ETF | ICICIPRAMC-ICICIINFRA
name_variant_between_exchanges,INF740KA1ZQ0,DSP Silver ETF | DSPAMC-DSPSILVETF
name_variant_between_exchanges,INF247L01BH8,MOTILALAMC-MOQUALITY | Motilal Oswal BSE Quality ETF
name_variant_between_exchanges,INF247L01BE5,MOTILALAMC-MOVALUE | Motilal Oswal BSE Enhanced Value ETF
name_variant_between_exchanges,INF179KC1DI2,HDFC Silver ETF | HDFCAMC-HDFCSILVER
name_variant_between_exchanges,INF179KC1DK8,HDFC NIFTY50 Value 20 ETF | HDFCAMC-HDFCVALUE
name_variant_between_exchanges,INF179KC1DJ0,HDFC NIFTY Growth Sectors 15 ETF | HDFCAMC-HDFCGROWTH
name_variant_between_exchanges,INF179KC1DL6,HDFC NIFTY100 Quality 30 ETF | HDFCAMC-HDFCQUAL
name_variant_between_exchanges,INF179KC1HU8,HDFC NIFTY100 Low Volatility 30 ETF | HDFCAMC-HDFCLOWVOL
name_variant_between_exchanges,INF179KC1HV6,HDFC NIFTY200 Momentum 30 ETF | HDFCAMC-HDFCMOMENT
name_variant_between_exchanges,INF179KC1IA8,HDFC NIFTY IT ETF | HDFCAMC-HDFCNIFIT
name_variant_between_exchanges,INF179KC1HZ7,HDFC NIFTY Private Bank ETF | HDFCAMC-HDFCPVTBAN
name_variant_between_exchanges,INF109KC17L8,ICICI Prudential Nifty Financial Services Ex-Bank ETF | ICICIPRAMC-ICICIFIN
name_variant_between_exchanges,INF109KC18O0,ICICI Prudential Nifty 10 yr Benchmark G-Sec ETF | ICICIPRAMC-ICICI10GS
name_variant_between_exchanges,INF754K01QX0,Bharat Bond ETF - April 2033 | EDELAMC-EBBETF0433
name_variant_between_exchanges,INF109KC19O8,ICICI Prudential Nifty Commodities ETF | ICICIPRAMC-ICICICOMMO
name_variant_between_exchanges,INF740KA1RX3,DSP Nifty Bank ETF | DSPAMC-DSPBANK
name_variant_between_exchanges,INF174KA1LV5,KOTAKMAMC-KOTAKLIQ | Kotak Nifty 1D Rate Liquid ETF
name_variant_between_exchanges,INF179KC1FB2,HDFC NIFTY Smallcap 250 ETF | HDFCAMC-HDFCSML250
name_variant_between_exchanges,INF179KC1HT0,HDFC NIFTY Midcap 150 ETF | HDFCAMC-HDFCMID150
name_variant_between_exchanges,INF179KC1EZ4,HDFC BSE 500 ETF | HDFCAMC-HDFCBSE500
name_variant_between_exchanges,INF769K01JP9,MIRAEAMC-MAGOLDETF | Mirae Asset Gold ETF
name_variant_between_exchanges,INF209KB18T9,Aditya Birla Sun Life CRISIL Liquid Overnight ETF | BIRLASLAMC-ABSLLIQUID
name_variant_between_exchanges,INF109KC10S8,ICICI Prudential Nifty PSU Bank ETF | ICICIPRAMC-PSUBANKICI
name_variant_between_exchanges,INF846K010Q0,AXIS BSE SENSEX ETF | AXISAMC-SENSEXAXIS
name_variant_between_exchanges,INF769K01JU9,MIRAEAMC-MANV30F | Mirae Asset Nifty 100 Low Volatility 30 ETF
name_variant_between_exchanges,INF769K01KF8,MIRAEAMC-MAGS813ETF | Mirae Asset Nifty 8-13 Yr G-Sec ETF
name_variant_between_exchanges,INF789F1AYK6,UTI SILVER ETF | UTIAMC-SILVERBETA
name_variant_between_exchanges,INF740KA1ZP2,DSP Gold ETF | DSPAMC - DSPGOLD
name_variant_between_exchanges,INF769K01KG6,MIRAEAMC-MASILVER | Mirae Asset Silver ETF
name_variant_between_exchanges,INF740KA1SX1,DSP Nifty IT ETF | DSPAMC - DSPIT
name_variant_between_exchanges,INF769K01KR3,MIRAEAMC-BANKETF | Mirae Asset Nifty Bank ETF
name_variant_between_exchanges,INF769K01KS1,MIRAE ASSET NIFTY 1 D RATE LIQUID ETF | MIRAEAMC-LIQUID
name_variant_between_exchanges,INF740KA1TA7,DSP Nifty Private Bank ETF | DSPAMC-DSPPVBKETF
name_variant_between_exchanges,INF740KA1SY9,DSP Nifty PSU Bank ETF | DSPAMC-DSPPSBKETF
name_variant_between_exchanges,INF740KA1SZ6,DSP BSE Sensex ETF | DSPAMC-DSPSENXETF
name_variant_between_exchanges,INF109KC18V5,ICICI Prudential Nifty 200 Quality 30 ETF | ICICIPRAMC-ICICIQTY30
name_variant_between_exchanges,INF179KC1JG3,HDFC NIFTY 1D RATE LIQUID ETF-  Growth | HDFCAMC-HDFCLIQUID
name_variant_between_exchanges,INF789F1AYX9,UTI NIFTY MIDCAP 150 ETF | UTIAMC-MIDCAPBETA
name_variant_between_exchanges,INF769K01KT9,MIRAEAMC-SENSEXETF | Mirae Asset S&P BSE Sensex ETF
name_variant_between_exchanges,INF247L01BU1,MOTILALAMC-MONIFTY500 | Motilal Oswal Nifty 500 ETF
name_variant_between_exchanges,INF769K01KV5,MIRAEAMC-ITETF | Mirae Asset Nifty IT ETF
name_variant_between_exchanges,INF769K01KU7,MIRAEAMC-ALPHAETF | Mirae Asset Nifty 200 Alpha 30 ETF
name_variant_between_exchanges,INF200KA13Z8,SBI NIFTY 1D Rate ETF | SBIAMC-LIQUIDSBI
name_variant_between_exchanges,INF251K01SU9,BARODABNP-BBNPPGOLD | Baroda BNP Paribas Gold ETF
name_variant_between_exchanges,INF277KA1984,TATAAML-TATSILV | Tata Silver Exchange Traded Fund
name_variant_between_exchanges,INF277KA1976,TATAAML-TATAGOLD | Tata Mutual Fund - Permitted
name_variant_between_exchanges,INF0R8F01034,ZERODHAAMC-LIQUIDCASE | Zerodha Nifty 1D Rate Liquid ETF
name_variant_between_exchanges,INF0QA701722,BFAM-NIFTYBETF | Bajaj Finserv Nifty 50 ETF
name_variant_between_exchanges,INF0QA701714,BFAM-BANKBETF | Bajaj Finserv Nifty Bank ETF
name_variant_between_exchanges,INF789F1AZD8,UTI NIFTY IT ETF | UTIAMC -ITBETA
name_variant_between_exchanges,INF789F1AZF3,UTI Nifty 10 yr Benchmark G-Sec ETF | UTIAMC-GILT10BETA
name_variant_between_exchanges,INF789F1AZE6,UTI Nifty 5 yr Benchmark G-Sec ETF | UTIAMC-GILT5BETA
name_variant_between_exchanges,INF740KA1ZG1,DSP Nifty Healthcare ETF | DSPAMC-HEALTHADD
name_variant_between_exchanges,INF179KC1HW4,HDFC Nifty PSU Bank ETF | HDFCAMCHDFCPSUBK
name_variant_between_exchanges,INF767K01RN1,LIC MF Nifty Midcap 100 ETF | LICNAMC-LICNMID100
name_variant_between_exchanges,INF769K01LC3,MIRAEAMC-SMALLCAP | Mirae Asset Nifty Smallcap 250 Momentum Quality 100 ETF
name_variant_between_exchanges,INF0R8F01042,ZERODHAAMC-GOLDCASE | Zerodha Gold ETF
name_variant_between_exchanges,INF247L01CI4,MOTILALAMC-MOREALTY | Motilal Oswal Nifty Realty ETF
name_variant_between_exchanges,INF247L01CH6,MOTILALAMC-MOSMALL250 | Motilal Oswal Nifty Smallcap 250 ETF
name_variant_between_exchanges,INF740KA1UM0,DSP BSE Liquid Rate ETF | DSPAMC-LIQUIDADD
name_variant_between_exchanges,INF209KB19Z4,Aditya Birla Sun Life Nifty PSE ETF | BIRLASLAMC-ABSLPSE
name_variant_between_exchanges,INF769K01LJ8,MIRAEAMC-MIDSMALL | Mirae Asset Nifty Midsmallcap400 Momentum Quality 100 ETF
name_variant_between_exchanges,INF0QA701854,BFAM-LIQUIDBETF | Bajaj Finserve Nifty1D Rate Liquid ETF - Growth
name_variant_between_exchanges,INF0R8F01067,ZERODHA NIFTY 100 ETF | ZERODHAAMC-TOP100CASE
name_variant_between_exchanges,INF0R8F01059,ZERODHA NIFTY MIDCAP 150 ETF | ZERODHAAMC-MID150CASE
name_variant_between_exchanges,INF251K01TL6,BARODABNP - BBNPNBETF | Baroda BNP Paribas Nifty Bank ETF
name_variant_between_exchanges,INF200KB1217,SBI SILVER ETF | SBIAMC - SBISILVER
name_variant_between_exchanges,INF680P01422,SHRIRAM - LIQUIDSHRI | Shriram Nifty 1D Rate Liquid ETF
name_variant_between_exchanges,INF209KC1134,Aditya Birla Sun Life CRISIL Broad Based Gilt ETF | BIRLASLAMC - ABGSEC
name_variant_between_exchanges,INF769K01LQ3,MIRAEAMC - EVINDIA | Mirae Asset Nifty EV and New Age Automotive ETF
name_variant_between_exchanges,INF200KB1282,SBI NIFTY50 EQUAL WEIGHT ETF | SBIAMC - SBINEQWETF
name_variant_between_exchanges,INF109KC18W3,ICICI Prudential Nifty Oil & Gas ETF | ICICIPRAMC - OILIETF
name_variant_between_exchanges,INF209KC1142,Aditya Birla Sun Life Crisil 10 Year Gilt ETF | BIRLASLAMC - GSEC10ABSL
name_variant_between_exchanges,INF109KC19W1,ICICI Prudential Nifty Metal ETF | ICICIPRAMC - METALIETF
name_variant_between_exchanges,INF247L01DJ0,MOTILALAMC - MODEFENCE | Motilal Oswal Nifty India Defence ETF
name_variant_between_exchanges,INF769K01LX9,MIRAEAMC - MULTICAP | Mirae Asset Nifty500 Multicap 50:25:25 ETF
name_variant_between_exchanges,INF740KA1UR9,DSP Nifty Top 10 Equal Weight ETF | DSPAMC - TOP10ADD
name_variant_between_exchanges,INF666M01IP5,GROWWAMC - GROWWLIQID | Groww Nifty 1D Rate Liquid ETF
name_variant_between_exchanges,INF247L01DK8,MOTILALAMC - MOMENTUM50 | Motilal Oswal Nifty 500 Momentum 50 ETF
name_variant_between_exchanges,INF769K01LZ4,MIRAEAMC - BANKPSU | Mirae Asset Nifty PSU Bank ETF
name_variant_between_exchanges,INF769K01LY7,MIRAEAMC - METAL | Mirae Asset Nifty Metal ETF
name_variant_between_exchanges,INF666M01IO8,GROWWAMC - GROWWDEFNC | Groww Nifty India Defence ETF
name_variant_between_exchanges,INF109KC16X5,ICICI Prudential Nifty200 Value 30 ETF | ICICIPRAMC - VAL30IETF
name_variant_between_exchanges,INF666M01OE7,GROWWAMC - GROWWGOLD | Groww Gold ETF
name_variant_between_exchanges,INF769K01MY5,MIRAEAMC - LIQUIDPLUS | Mirae Asset Nifty 1D Rate Liquid ETF-Growth
name_variant_between_exchanges,INF769K01NS5,MIRAEAMC - CONSUMER | Mirae Asset Nifty India New Age Consumption ETF
name_variant_between_exchanges,INF754K01TX4,EDELAMC - ECAPINSURE | Edelweiss BSE Capital Markets & Insurance ETF
name_variant_between_exchanges,INF740KA1VE5,DSP BSE Sensex Next 30 ETF | DSPAMC - NEXT30ADD
name_variant_between_exchanges,INF666M01JJ6,GROWWAMC - GROWWRAIL | Groww Nifty India Railways PSU ETF
name_variant_between_exchanges,INF582M01KS4,UNION GOLD ETF | UNIONAMC - UNIONGOLD
name_variant_between_exchanges,INF247L01EV3,MOTILALAMC - MOCAPITAL | Motilal Oswal Nifty Capital Market ETF
name_variant_between_exchanges,INF579M01BB5,360 ONE Gold ETF | 360ONEAMC - GOLD360
name_variant_between_exchanges,INF769K01ON4,MIRAEAMC - SELECTIPO | Mirae Asset BSE Select IPO ETF
name_variant_between_exchanges,INF769K01OA1,MIRAEAMC - EQUAL200 | Mirae Asset BSE 200 Equal Weight ETF
name_variant_between_exchanges,INF109K1A021,ICICI Prudential BSE Liquid Rate ETF - Growth | ICICIPRAMC - CASHIETF
name_variant_between_exchanges,INF846KA1119,AXISAMC-VALUEAXIS | Axis Nifty500 Value 50 ETF
name_variant_between_exchanges,INF0R8F01091,ZERODHAAMC - SILVERCASE | Zerodha Silver ETF
name_variant_between_exchanges,INF200KB1712,SBI BSE PSU BANK ETF | SBIAMC - SBIBPB
name_variant_between_exchanges,INF579M01BC3,360 ONE Silver ETF | 360ONEAMC - SILVER360
name_variant_between_exchanges,INF109K1A153,ICICI Prudential Nifty EV & New Age Automotive ETF | ICICIPRAMC - EVIETF
name_variant_between_exchanges,INF769K01OO2,MIRAEAMC - EQUAL50 | Mirae Asset Nifty50 Equal Weight ETF
name_variant_between_exchanges,INF666M01OF4,GROWWAMC - GROWWSLVR | Groww Silver ETF
name_variant_between_exchanges,INF204KC1EZ3,NIPPONAMC - SNXT30BEES | Nippon India BSE Sensex Next 30 ETF
name_variant_between_exchanges,INF109K1A344,ICICI Prudential Nifty Top 15 Equal Weight ETF | ICICIPRAMC - TOP15IETF
name_variant_between_exchanges,INF769K01PB6,MIRAEAMC - INTERNET | Mirae Asset Nifty India Internet ETF
name_variant_between_exchanges,INF247L01FY4,MOTILALAMC - MOGOLD | Motilal Oswal Gold ETF
name_variant_between_exchanges,INF666M01LM6,GROWWAMC - GROWWPOWER | Groww BSE Power ETF
name_variant_between_exchanges,INF200KB1969,SBI NIFTY 1D RATE LIQUID ETF- GROWTH | SBIAMC - SBILIQETF
name_variant_between_exchanges,INF247L01FZ1,MOTILALAMC - MOSILVER | Motilal Oswal Silver ETF
name_variant_between_exchanges,INF0R8F01133,ZERODHAAMC - LTGILTCASE | Zerodha Nifty 8-13 Yr G-Sec ETF
name_variant_between_exchanges,INF204KC1GH6,NIPPONAMC - MANUFGBEES | Nippon India Nifty India Manufacturing ETF
name_variant_between_exchanges,INF0R8F01141,ZERODHAAMC - SML100CASE | Zerodha Nifty Smallcap 100 ETF
name_variant_between_exchanges,INF754K01VW2,EDELAMC - ELIQUID | Edelweiss Nifty 1D Rate Liquid ETF
name_variant_between_exchanges,INF740KA1WU9,DSP Nifty500 Flexicap Quality 30 ETF | DSPAMC - FLEXIADD
name_variant_between_exchanges,INF0R8F01166,ZERODHAAMC - NIFTYCASE | Zerodha Nifty 50 ETF
name_variant_between_exchanges,INF2KCX01012,Choice Gold ETF | ChoiceAMC - CHOICEGOLD
name_variant_between_exchanges,INF769K01PR2,MIRAEAMC - ENERGY | Mirae Asset Nifty Energy ETF
name_variant_between_exchanges,INF769K01PQ4,MIRAEAMC - SMALL250 | Mirae Asset Nifty Smallcap 250 ETF
name_variant_between_exchanges,INF754K01VY8,EDELAMC - ESENSEX | Edelweiss BSE Sensex ETF
name_variant_between_exchanges,INF740KA1WV7,DSP MSCI India ETF | DSPAMC - MSCIADD
name_variant_between_exchanges,INF194KB1KJ7,BANDHANAMC - GOLDBND | Bandhan Gold ETF
name_variant_between_exchanges,INF194KB1KI9,BANDHANAMC - SILVERBND | Bandhan Silver ETF
name_variant_between_exchanges,INF740KA1WX3,DSP Nifty Smallcap 250 ETF | DSPAMC - SMALLADD
name_variant_between_exchanges,INF740KA1WW5,DSP Nifty Midcap 150 ETF | DSPAMC - MIDCAPADD
name_variant_between_exchanges,INF769K01PY8,MIRAEAMC - DIVIDEND | Mirae Asset BSE 500 Dividend Leaders 50 ETF
name_variant_between_exchanges,INF769K01PZ5,MIRAEAMC - TOP20 | Mirae Asset Nifty Top 20 Equal Weight ETF
name_variant_between_exchanges,INF2F0001370,THE WEALTH COMPANY GOLD ETF | WEALTH - TWCGOLDETF
name_variant_between_exchanges,INF740KA1XU7,DSP Nifty Next 50 ETF | DSPAMC - NEXT50ADD
name_variant_between_exchanges,INF769K01QA6,MIRAEAMC - HEALTHCARE | Mirae Asset Nifty 500 Healthcare ETF
name_variant_between_exchanges,INF769K01QB4,MIRAEAMC - INFRA | Mirae Asset Nifty India Infrastructure & LogisticsETF
name_variant_between_exchanges,INF769K01QC2,MIRAEAMC - DEFENCE | Mirae Asset BSE India Defence ETF
name_variant_between_exchanges,INF209KC1662,Aditya Birla Sun Life MSCI India ETF | BIRLASLAMC - ABSLMSCIN
name_variant_between_exchanges,INF209KC1670,Aditya Birla Sun Life BSE Top 10 Banks ETF | BIRLASLAMC - ABSL10BANK
name_variant_between_exchanges,INF666M01OD9,GROWWAMC - GROWWHOSPI | Groww BSE Hospitals ETF
name_variant_between_exchanges,INF200KB1AJ0,SBI Nifty Midcap 150 Momentum 50 ETF | SBIAMC - SBIMIDMOM
name_variant_between_exchanges,INF740KA1YH2,DSP BSE Top 10 Banks ETF | DSPAMC - BANK10ADD
name_variant_between_exchanges,INF336L01RX2,HSBC Gold ETF | HSBCAMC - HSBCGOLD
name_variant_between_exchanges,INF769K01QV2,MIRAEAMC - VALUE | Mirae Asset Nifty 500 Value 50 ETF
name_variant_between_exchanges,INF200KB1AK8,SBI Nifty Midcap 150 ETF | SBIAMC - SBINMID150
name_variant_between_exchanges,INF740KA1ZA4,DSP Nifty FMCG ETF | DSPAMC - FMCGADD
name_variant_between_exchanges,INF754K01XF3,EDELAMC - ENEXT50 | Edelweiss Nifty Next 50 ETF
name_variant_between_exchanges,INF200KB1AY9,SBI Nifty Smallcap 250 ETF | SBIAMC - SBISMLETF
name_variant_between_exchanges,INF200KB1AX1,SBI Nifty200 Value 30 ETF | SBIAMC - SBIVALETF
name_variant_between_exchanges,INF579M01BP5,360 ONE MSCI India ETF | 360ONEAMC - MSCI360
name_variant_between_exchanges,INF109K1A476,ICICI Prudential Nifty Smallcap 250 ETF | ICICIPRAMC - SMALLIETF
name_variant_between_exchanges,INF789F1AG68,UTI NIFTY 1D RATE LIQUID ETF - GROWTH | UTIAMC - LIQUIDBETA
name_variant_between_exchanges,INF0QA701CI0,BFAM - BANK10BETF | Bajaj Finserv BSE Top 10 Banks ETF
name_variant_between_exchanges,INF769K01RC0,MIRAEAMC - MOMMIDCAP | Mirae Asset BSE Midcap 150 Momentum 30 ETF
name_variant_between_exchanges,INF179KC1KT4,HDFC Nifty Metal ETF | HDFCAMC - HDFCNIMEG
name_variant_between_exchanges,INF769K01RJ5,MIRAEAMC - HYBRIDETF | Mirae Asset Nifty200 Momentum 30 Plus 8-13 yr GSec 50:50 ETF
name_variant_between_exchanges,INF109K1A567,ICICI Prudential BSE Insurance ETF | ICICIPRAMC - INSUREIETF
name_variant_between_exchanges,INF754K01XI7,EDELAMC - ELMDIV | Edelweiss BSE LargeMid (60:40) Stable Dividend 50 ETF
name_variant_between_exchanges,INF754K01XH9,EDELAMC - EBANK10 | Edelweiss BSE Top 10 Bank ETF
name_variant_between_exchanges,INF740KA1ZH9,DSP BSE MidSmall Private Banks ETF | DSPAMC - MIDBANKADD
name_variant_between_exchanges,INF740KA1ZI7,DSP Nifty 10 Yr Benchmark G-Sec ETF | DSPAMC - GSEC10ADD
name_variant_between_exchanges,INF769K01RK3,MIRAEAMC - LARGEMID50 | Mirae Asset BSE LargeMid (60:40) Stable Dividend 50 ETF
name_variant_between_exchanges,INF22M001184,JIOBLACKROCKAMC-NIFTYJBLK | JioBlackRock Nifty 50 ETF
name_variant_between_exchanges,INF205KA1CA1,Invesco India BSE Sensex ETF | RELIGARAMC - IVZSENSEX
name_variant_between_exchanges,INF789F1AG76,UTI Nifty 500 Exchange Traded Fund | UTIAMC - NIF500BETA
name_variant_between_exchanges,INF846KA1598,AXISAMC - ENERGYAXIS | Axis Nifty Energy ETF
